2026-04-09 17:02:24,871 - INFO - Reconstruction loss: 29.901216506958008
2026-04-09 17:03:20,707 - INFO - Encoder coeffs loss: 0.286938339471817
2026-04-09 17:03:20,708 - INFO - Decoder coeffs loss: 0.2634328603744507
2026-04-09 17:03:20,709 - INFO - Prev coeffs loss: 0.2813364565372467
2026-04-09 17:03:20,709 - INFO - Encoder smooth loss: 0.2319267988204956
2026-04-09 17:03:20,710 - INFO - Decoder smooth loss: 0.22982053458690643
2026-04-09 17:03:20,711 - INFO - Prev smooth loss: 0.23860406875610352
2026-04-09 17:03:20,711 - INFO - KL loss: 48.69906234741211
2026-04-09 17:03:20,711 - INFO - Total loss: 55.01677703857422
2026-04-09 17:03:22,456 - INFO - Reconstruction loss: 26.975202560424805
2026-04-09 17:03:22,457 - INFO - Encoder coeffs loss: 0.28657788038253784
2026-04-09 17:03:22,457 - INFO - Decoder coeffs loss: 0.2631268799304962
2026-04-09 17:03:22,458 - INFO - Prev coeffs loss: 0.28108251094818115
2026-04-09 17:03:22,458 - INFO - Encoder smooth loss: 0.23171712458133698
2026-04-09 17:03:22,459 - INFO - Decoder smooth loss: 0.22975994646549225
2026-04-09 17:03:22,459 - INFO - Prev smooth loss: 0.2384512722492218
2026-04-09 17:03:22,459 - INFO - KL loss: 44.43735122680664
2026-04-09 17:03:22,459 - INFO - Total loss: 49.95923614501953
2026-04-09 17:03:22,531 - INFO - Reconstruction loss: 31.210494995117188
2026-04-09 17:03:22,532 - INFO - Encoder coeffs loss: 0.28620392084121704
2026-04-09 17:03:22,532 - INFO - Decoder coeffs loss: 0.2628161907196045
2026-04-09 17:03:22,533 - INFO - Prev coeffs loss: 0.28081005811691284
2026-04-09 17:03:22,533 - INFO - Encoder smooth loss: 0.2315315157175064
2026-04-09 17:03:22,533 - INFO - Decoder smooth loss: 0.22969426214694977
2026-04-09 17:03:22,533 - INFO - Prev smooth loss: 0.2382744997739792
2026-04-09 17:03:22,535 - INFO - KL loss: 52.449745178222656
2026-04-09 17:03:22,535 - INFO - Total loss: 58.200035095214844
2026-04-09 17:03:22,602 - INFO - Reconstruction loss: 27.186464309692383
2026-04-09 17:03:22,603 - INFO - Encoder coeffs loss: 0.28589391708374023
2026-04-09 17:03:22,603 - INFO - Decoder coeffs loss: 0.2625333368778229
2026-04-09 17:03:22,603 - INFO - Prev coeffs loss: 0.280507892370224
2026-04-09 17:03:22,604 - INFO - Encoder smooth loss: 0.23134316504001617
2026-04-09 17:03:22,604 - INFO - Decoder smooth loss: 0.22962240874767303
2026-04-09 17:03:22,604 - INFO - Prev smooth loss: 0.23807990550994873
2026-04-09 17:03:22,604 - INFO - KL loss: 45.393585205078125
2026-04-09 17:03:22,605 - INFO - Total loss: 50.647247314453125
2026-04-09 17:03:22,671 - INFO - Reconstruction loss: 33.30200958251953
2026-04-09 17:03:22,672 - INFO - Encoder coeffs loss: 0.285543829202652
2026-04-09 17:03:22,672 - INFO - Decoder coeffs loss: 0.2623380720615387
2026-04-09 17:03:22,673 - INFO - Prev coeffs loss: 0.2802715301513672
2026-04-09 17:03:22,673 - INFO - Encoder smooth loss: 0.23118357360363007
2026-04-09 17:03:22,673 - INFO - Decoder smooth loss: 0.22961263358592987
2026-04-09 17:03:22,674 - INFO - Prev smooth loss: 0.23793967068195343
2026-04-09 17:03:22,674 - INFO - KL loss: 54.80824279785156
2026-04-09 17:03:22,674 - INFO - Total loss: 61.46957778930664
2026-04-09 17:03:22,739 - INFO - Reconstruction loss: 29.434120178222656
2026-04-09 17:03:22,740 - INFO - Encoder coeffs loss: 0.2851944863796234
2026-04-09 17:03:22,740 - INFO - Decoder coeffs loss: 0.2621172070503235
2026-04-09 17:03:22,740 - INFO - Prev coeffs loss: 0.28000766038894653
2026-04-09 17:03:22,741 - INFO - Encoder smooth loss: 0.23103377223014832
2026-04-09 17:03:22,741 - INFO - Decoder smooth loss: 0.22955161333084106
2026-04-09 17:03:22,741 - INFO - Prev smooth loss: 0.23777057230472565
2026-04-09 17:03:22,741 - INFO - KL loss: 49.87934112548828
2026-04-09 17:03:22,742 - INFO - Total loss: 55.136627197265625
2026-04-09 17:03:22,807 - INFO - Reconstruction loss: 30.152986526489258
2026-04-09 17:03:22,807 - INFO - Encoder coeffs loss: 0.2848951816558838
2026-04-09 17:03:22,808 - INFO - Decoder coeffs loss: 0.26192575693130493
2026-04-09 17:03:22,808 - INFO - Prev coeffs loss: 0.27977344393730164
2026-04-09 17:03:22,808 - INFO - Encoder smooth loss: 0.23089314997196198
2026-04-09 17:03:22,809 - INFO - Decoder smooth loss: 0.22952039539813995
2026-04-09 17:03:22,809 - INFO - Prev smooth loss: 0.23762018978595734
2026-04-09 17:03:22,809 - INFO - KL loss: 50.845333099365234
2026-04-09 17:03:22,809 - INFO - Total loss: 56.33796691894531
2026-04-09 17:03:22,879 - INFO - Reconstruction loss: 24.7080020904541
2026-04-09 17:03:22,880 - INFO - Encoder coeffs loss: 0.2846006155014038
2026-04-09 17:03:22,880 - INFO - Decoder coeffs loss: 0.2617184817790985
2026-04-09 17:03:22,880 - INFO - Prev coeffs loss: 0.27954769134521484
2026-04-09 17:03:22,881 - INFO - Encoder smooth loss: 0.23075588047504425
2026-04-09 17:03:22,881 - INFO - Decoder smooth loss: 0.22946397960186005
2026-04-09 17:03:22,881 - INFO - Prev smooth loss: 0.23745819926261902
2026-04-09 17:03:22,881 - INFO - KL loss: 40.810848236083984
2026-04-09 17:03:22,882 - INFO - Total loss: 45.87519836425781
2026-04-09 17:03:22,924 - INFO - Epoch 1/5000
2026-04-09 17:03:22,924 - INFO - Epoch training loss: 432.6426658630371
2026-04-09 17:03:22,924 - INFO - -------------------
2026-04-09 17:03:22,952 - INFO - Reconstruction loss: 30.20449447631836
2026-04-09 17:03:22,952 - INFO - Encoder coeffs loss: 0.2842866778373718
2026-04-09 17:03:22,952 - INFO - Decoder coeffs loss: 0.2615410089492798
2026-04-09 17:03:22,953 - INFO - Prev coeffs loss: 0.27933913469314575
2026-04-09 17:03:22,953 - INFO - Encoder smooth loss: 0.23060251772403717
2026-04-09 17:03:22,953 - INFO - Decoder smooth loss: 0.2294555902481079
2026-04-09 17:03:22,954 - INFO - Prev smooth loss: 0.23734551668167114
2026-04-09 17:03:22,954 - INFO - KL loss: 51.07450485229492
2026-04-09 17:03:22,954 - INFO - Total loss: 56.503028869628906
2026-04-09 17:03:22,980 - INFO - Reconstruction loss: 26.19286346435547
2026-04-09 17:03:22,980 - INFO - Encoder coeffs loss: 0.2842904329299927
2026-04-09 17:03:22,981 - INFO - Decoder coeffs loss: 0.26152247190475464
2026-04-09 17:03:22,981 - INFO - Prev coeffs loss: 0.27930495142936707
2026-04-09 17:03:22,981 - INFO - Encoder smooth loss: 0.23060846328735352
2026-04-09 17:03:22,982 - INFO - Decoder smooth loss: 0.22943826019763947
2026-04-09 17:03:22,982 - INFO - Prev smooth loss: 0.2372995913028717
2026-04-09 17:03:22,982 - INFO - KL loss: 43.16612243652344
2026-04-09 17:03:22,982 - INFO - Total loss: 48.53715896606445
2026-04-09 17:03:22,983 - INFO - Epoch val loss: 105.04018783569336
2026-04-09 17:03:22,983 - INFO - -------------------
2026-04-09 17:03:22,983 - INFO - Saving model at epoch 1
2026-04-09 17:03:22,983 - INFO - Saving model name: AERCA_nonlinear_ws_5_stride_1_lr_0.0001_epochs_5000_hidden_layer_size_50_num_hidden_layers_8.pt
2026-04-09 17:03:23,103 - INFO - Reconstruction loss: 27.838720321655273
2026-04-09 17:03:23,104 - INFO - Encoder coeffs loss: 0.2842863202095032
2026-04-09 17:03:23,104 - INFO - Decoder coeffs loss: 0.2615292966365814
2026-04-09 17:03:23,104 - INFO - Prev coeffs loss: 0.2793271243572235
2026-04-09 17:03:23,105 - INFO - Encoder smooth loss: 0.2306118905544281
2026-04-09 17:03:23,105 - INFO - Decoder smooth loss: 0.22944046556949615
2026-04-09 17:03:23,105 - INFO - Prev smooth loss: 0.23732101917266846
2026-04-09 17:03:23,105 - INFO - KL loss: 46.42594909667969
2026-04-09 17:03:23,106 - INFO - Total loss: 51.81295394897461
2026-04-09 17:03:23,182 - INFO - Reconstruction loss: 25.2287654876709
2026-04-09 17:03:23,183 - INFO - Encoder coeffs loss: 0.28397881984710693
2026-04-09 17:03:23,183 - INFO - Decoder coeffs loss: 0.26132041215896606
2026-04-09 17:03:23,183 - INFO - Prev coeffs loss: 0.2790752649307251
2026-04-09 17:03:23,184 - INFO - Encoder smooth loss: 0.23045219480991364
2026-04-09 17:03:23,184 - INFO - Decoder smooth loss: 0.22939085960388184
2026-04-09 17:03:23,184 - INFO - Prev smooth loss: 0.23714220523834229
2026-04-09 17:03:23,184 - INFO - KL loss: 42.4619140625
2026-04-09 17:03:23,185 - INFO - Total loss: 47.220401763916016
2026-04-09 17:03:23,259 - INFO - Reconstruction loss: 28.967750549316406
2026-04-09 17:03:23,259 - INFO - Encoder coeffs loss: 0.2836553156375885
2026-04-09 17:03:23,260 - INFO - Decoder coeffs loss: 0.2610989809036255
2026-04-09 17:03:23,260 - INFO - Prev coeffs loss: 0.2788499593734741
2026-04-09 17:03:23,261 - INFO - Encoder smooth loss: 0.23029007017612457
2026-04-09 17:03:23,261 - INFO - Decoder smooth loss: 0.22934779524803162
2026-04-09 17:03:23,261 - INFO - Prev smooth loss: 0.23699899017810822
2026-04-09 17:03:23,261 - INFO - KL loss: 49.879638671875
2026-04-09 17:03:23,262 - INFO - Total loss: 54.66769027709961
2026-04-09 17:03:23,333 - INFO - Reconstruction loss: 25.467483520507812
2026-04-09 17:03:23,334 - INFO - Encoder coeffs loss: 0.2833769917488098
2026-04-09 17:03:23,334 - INFO - Decoder coeffs loss: 0.2608947157859802
2026-04-09 17:03:23,335 - INFO - Prev coeffs loss: 0.278593510389328
2026-04-09 17:03:23,335 - INFO - Encoder smooth loss: 0.23012511432170868
2026-04-09 17:03:23,335 - INFO - Decoder smooth loss: 0.22928878664970398
2026-04-09 17:03:23,335 - INFO - Prev smooth loss: 0.23681795597076416
2026-04-09 17:03:23,336 - INFO - KL loss: 43.44068145751953
2026-04-09 17:03:23,336 - INFO - Total loss: 47.94737243652344
2026-04-09 17:03:23,415 - INFO - Reconstruction loss: 31.221195220947266
2026-04-09 17:03:23,415 - INFO - Encoder coeffs loss: 0.28306686878204346
2026-04-09 17:03:23,416 - INFO - Decoder coeffs loss: 0.26072341203689575
2026-04-09 17:03:23,416 - INFO - Prev coeffs loss: 0.27837926149368286
2026-04-09 17:03:23,416 - INFO - Encoder smooth loss: 0.2299758940935135
2026-04-09 17:03:23,417 - INFO - Decoder smooth loss: 0.22928068041801453
2026-04-09 17:03:23,417 - INFO - Prev smooth loss: 0.2366841584444046
2026-04-09 17:03:23,417 - INFO - KL loss: 52.36695861816406
2026-04-09 17:03:23,417 - INFO - Total loss: 58.16373062133789
2026-04-09 17:03:23,490 - INFO - Reconstruction loss: 27.24843978881836
2026-04-09 17:03:23,491 - INFO - Encoder coeffs loss: 0.282766193151474
2026-04-09 17:03:23,491 - INFO - Decoder coeffs loss: 0.26052021980285645
2026-04-09 17:03:23,491 - INFO - Prev coeffs loss: 0.2781471014022827
2026-04-09 17:03:23,492 - INFO - Encoder smooth loss: 0.22983336448669434
2026-04-09 17:03:23,492 - INFO - Decoder smooth loss: 0.22921107709407806
2026-04-09 17:03:23,492 - INFO - Prev smooth loss: 0.236514613032341
2026-04-09 17:03:23,492 - INFO - KL loss: 47.380218505859375
2026-04-09 17:03:23,494 - INFO - Total loss: 51.697044372558594
2026-04-09 17:03:23,567 - INFO - Reconstruction loss: 28.178497314453125
2026-04-09 17:03:23,568 - INFO - Encoder coeffs loss: 0.28249478340148926
2026-04-09 17:03:23,568 - INFO - Decoder coeffs loss: 0.2603592276573181
2026-04-09 17:03:23,569 - INFO - Prev coeffs loss: 0.2779087424278259
2026-04-09 17:03:23,569 - INFO - Encoder smooth loss: 0.22969713807106018
2026-04-09 17:03:23,569 - INFO - Decoder smooth loss: 0.22918112576007843
2026-04-09 17:03:23,570 - INFO - Prev smooth loss: 0.23635509610176086
2026-04-09 17:03:23,570 - INFO - KL loss: 48.5405387878418
2026-04-09 17:03:23,570 - INFO - Total loss: 53.206764221191406
2026-04-09 17:03:23,645 - INFO - Reconstruction loss: 23.180803298950195
2026-04-09 17:03:23,646 - INFO - Encoder coeffs loss: 0.2822267711162567
2026-04-09 17:03:23,646 - INFO - Decoder coeffs loss: 0.260179340839386
2026-04-09 17:03:23,646 - INFO - Prev coeffs loss: 0.27767670154571533
2026-04-09 17:03:23,647 - INFO - Encoder smooth loss: 0.22956125438213348
2026-04-09 17:03:23,647 - INFO - Decoder smooth loss: 0.2291189283132553
2026-04-09 17:03:23,647 - INFO - Prev smooth loss: 0.23618081212043762
2026-04-09 17:03:23,648 - INFO - KL loss: 39.04353332519531
2026-04-09 17:03:23,648 - INFO - Total loss: 43.460044860839844
2026-04-09 17:03:23,692 - INFO - Epoch 2/5000
2026-04-09 17:03:23,694 - INFO - Epoch training loss: 408.1760025024414
2026-04-09 17:03:23,694 - INFO - -------------------
2026-04-09 17:03:23,720 - INFO - Reconstruction loss: 28.449230194091797
2026-04-09 17:03:23,720 - INFO - Encoder coeffs loss: 0.2819308340549469
2026-04-09 17:03:23,721 - INFO - Decoder coeffs loss: 0.2600441575050354
2026-04-09 17:03:23,721 - INFO - Prev coeffs loss: 0.2774716317653656
2026-04-09 17:03:23,721 - INFO - Encoder smooth loss: 0.2294081300497055
2026-04-09 17:03:23,721 - INFO - Decoder smooth loss: 0.22912158071994781
2026-04-09 17:03:23,722 - INFO - Prev smooth loss: 0.23606909811496735
2026-04-09 17:03:23,722 - INFO - KL loss: 48.90031433105469
2026-04-09 17:03:23,722 - INFO - Total loss: 53.656410217285156
2026-04-09 17:03:23,748 - INFO - Reconstruction loss: 24.680227279663086
2026-04-09 17:03:23,749 - INFO - Encoder coeffs loss: 0.28193673491477966
2026-04-09 17:03:23,749 - INFO - Decoder coeffs loss: 0.26002588868141174
2026-04-09 17:03:23,749 - INFO - Prev coeffs loss: 0.277431458234787
2026-04-09 17:03:23,750 - INFO - Encoder smooth loss: 0.2294127196073532
2026-04-09 17:03:23,750 - INFO - Decoder smooth loss: 0.2291031926870346
2026-04-09 17:03:23,750 - INFO - Prev smooth loss: 0.23601949214935303
2026-04-09 17:03:23,750 - INFO - KL loss: 41.4398078918457
2026-04-09 17:03:23,751 - INFO - Total loss: 46.15709686279297
2026-04-09 17:03:23,751 - INFO - Epoch val loss: 99.81350708007812
2026-04-09 17:03:23,751 - INFO - -------------------
2026-04-09 17:03:23,751 - INFO - Saving model at epoch 2
2026-04-09 17:03:23,751 - INFO - Saving model name: AERCA_nonlinear_ws_5_stride_1_lr_0.0001_epochs_5000_hidden_layer_size_50_num_hidden_layers_8.pt
2026-04-09 17:03:23,847 - INFO - Reconstruction loss: 26.112457275390625
2026-04-09 17:03:23,847 - INFO - Encoder coeffs loss: 0.281933069229126
2026-04-09 17:03:23,848 - INFO - Decoder coeffs loss: 0.2600281834602356
2026-04-09 17:03:23,848 - INFO - Prev coeffs loss: 0.2774565517902374
2026-04-09 17:03:23,848 - INFO - Encoder smooth loss: 0.22941803932189941
2026-04-09 17:03:23,849 - INFO - Decoder smooth loss: 0.22910287976264954
2026-04-09 17:03:23,849 - INFO - Prev smooth loss: 0.23604163527488708
2026-04-09 17:03:23,849 - INFO - KL loss: 44.37770462036133
2026-04-09 17:03:23,850 - INFO - Total loss: 49.05830001831055
2026-04-09 17:03:23,922 - INFO - Reconstruction loss: 23.7549991607666
2026-04-09 17:03:23,923 - INFO - Encoder coeffs loss: 0.2816482186317444
2026-04-09 17:03:23,923 - INFO - Decoder coeffs loss: 0.2598702907562256
2026-04-09 17:03:23,923 - INFO - Prev coeffs loss: 0.2772078216075897
2026-04-09 17:03:23,924 - INFO - Encoder smooth loss: 0.22925953567028046
2026-04-09 17:03:23,924 - INFO - Decoder smooth loss: 0.22906494140625
2026-04-09 17:03:23,924 - INFO - Prev smooth loss: 0.23586398363113403
2026-04-09 17:03:23,924 - INFO - KL loss: 40.67144775390625
2026-04-09 17:03:23,925 - INFO - Total loss: 44.8471794128418
2026-04-09 17:03:23,998 - INFO - Reconstruction loss: 27.072847366333008
2026-04-09 17:03:23,999 - INFO - Encoder coeffs loss: 0.28135085105895996
2026-04-09 17:03:23,999 - INFO - Decoder coeffs loss: 0.2597074508666992
2026-04-09 17:03:24,000 - INFO - Prev coeffs loss: 0.2769973874092102
2026-04-09 17:03:24,000 - INFO - Encoder smooth loss: 0.22910000383853912
2026-04-09 17:03:24,000 - INFO - Decoder smooth loss: 0.22903397679328918
2026-04-09 17:03:24,001 - INFO - Prev smooth loss: 0.23572558164596558
2026-04-09 17:03:24,001 - INFO - KL loss: 47.550025939941406
2026-04-09 17:03:24,001 - INFO - Total loss: 51.603816986083984
2026-04-09 17:03:24,073 - INFO - Reconstruction loss: 23.998607635498047
2026-04-09 17:03:24,073 - INFO - Encoder coeffs loss: 0.28110572695732117
2026-04-09 17:03:24,074 - INFO - Decoder coeffs loss: 0.2595677077770233
2026-04-09 17:03:24,074 - INFO - Prev coeffs loss: 0.2767419219017029
2026-04-09 17:03:24,074 - INFO - Encoder smooth loss: 0.2289380431175232
2026-04-09 17:03:24,075 - INFO - Decoder smooth loss: 0.2289859503507614
2026-04-09 17:03:24,075 - INFO - Prev smooth loss: 0.23554125428199768
2026-04-09 17:03:24,075 - INFO - KL loss: 41.659217834472656
2026-04-09 17:03:24,075 - INFO - Total loss: 45.583656311035156
2026-04-09 17:03:24,147 - INFO - Reconstruction loss: 29.448320388793945
2026-04-09 17:03:24,148 - INFO - Encoder coeffs loss: 0.2808205783367157
2026-04-09 17:03:24,148 - INFO - Decoder coeffs loss: 0.2594529986381531
2026-04-09 17:03:24,149 - INFO - Prev coeffs loss: 0.2765299379825592
2026-04-09 17:03:24,149 - INFO - Encoder smooth loss: 0.22878853976726532
2026-04-09 17:03:24,149 - INFO - Decoder smooth loss: 0.2289869785308838
2026-04-09 17:03:24,149 - INFO - Prev smooth loss: 0.2354106903076172
2026-04-09 17:03:24,150 - INFO - KL loss: 50.135154724121094
2026-04-09 17:03:24,150 - INFO - Total loss: 55.27089309692383
2026-04-09 17:03:24,222 - INFO - Reconstruction loss: 25.394969940185547
2026-04-09 17:03:24,223 - INFO - Encoder coeffs loss: 0.28054994344711304
2026-04-09 17:03:24,223 - INFO - Decoder coeffs loss: 0.25929227471351624
2026-04-09 17:03:24,224 - INFO - Prev coeffs loss: 0.2762959897518158
2026-04-09 17:03:24,224 - INFO - Encoder smooth loss: 0.22864504158496857
2026-04-09 17:03:24,224 - INFO - Decoder smooth loss: 0.22891689836978912
2026-04-09 17:03:24,224 - INFO - Prev smooth loss: 0.23523607850074768
2026-04-09 17:03:24,225 - INFO - KL loss: 45.10378646850586
2026-04-09 17:03:24,225 - INFO - Total loss: 48.701332092285156
2026-04-09 17:03:24,298 - INFO - Reconstruction loss: 26.49017333984375
2026-04-09 17:03:24,299 - INFO - Encoder coeffs loss: 0.2803072929382324
2026-04-09 17:03:24,299 - INFO - Decoder coeffs loss: 0.2591688930988312
2026-04-09 17:03:24,300 - INFO - Prev coeffs loss: 0.2760469913482666
2026-04-09 17:03:24,300 - INFO - Encoder smooth loss: 0.2285042256116867
2026-04-09 17:03:24,301 - INFO - Decoder smooth loss: 0.22889190912246704
2026-04-09 17:03:24,301 - INFO - Prev smooth loss: 0.2350688874721527
2026-04-09 17:03:24,301 - INFO - KL loss: 46.423851013183594
2026-04-09 17:03:24,301 - INFO - Total loss: 50.456092834472656
2026-04-09 17:03:24,377 - INFO - Reconstruction loss: 21.870161056518555
2026-04-09 17:03:24,377 - INFO - Encoder coeffs loss: 0.2800658643245697
2026-04-09 17:03:24,378 - INFO - Decoder coeffs loss: 0.25901973247528076
2026-04-09 17:03:24,378 - INFO - Prev coeffs loss: 0.27579742670059204
2026-04-09 17:03:24,378 - INFO - Encoder smooth loss: 0.2283630669116974
2026-04-09 17:03:24,379 - INFO - Decoder smooth loss: 0.2288232147693634
2026-04-09 17:03:24,379 - INFO - Prev smooth loss: 0.23488441109657288
2026-04-09 17:03:24,379 - INFO - KL loss: 37.41314697265625
2026-04-09 17:03:24,380 - INFO - Total loss: 41.3302116394043
2026-04-09 17:03:24,429 - INFO - Epoch 3/5000
2026-04-09 17:03:24,429 - INFO - Epoch training loss: 386.8514823913574
2026-04-09 17:03:24,431 - INFO - -------------------
2026-04-09 17:03:24,457 - INFO - Reconstruction loss: 26.937294006347656
2026-04-09 17:03:24,457 - INFO - Encoder coeffs loss: 0.27979257702827454
2026-04-09 17:03:24,457 - INFO - Decoder coeffs loss: 0.25892913341522217
2026-04-09 17:03:24,459 - INFO - Prev coeffs loss: 0.2756006121635437
2026-04-09 17:03:24,459 - INFO - Encoder smooth loss: 0.22820164263248444
2026-04-09 17:03:24,459 - INFO - Decoder smooth loss: 0.22883351147174835
2026-04-09 17:03:24,460 - INFO - Prev smooth loss: 0.23477186262607574
2026-04-09 17:03:24,460 - INFO - KL loss: 46.89252471923828
2026-04-09 17:03:24,460 - INFO - Total loss: 51.136619567871094
2026-04-09 17:03:24,484 - INFO - Reconstruction loss: 23.369707107543945
2026-04-09 17:03:24,485 - INFO - Encoder coeffs loss: 0.27980029582977295
2026-04-09 17:03:24,485 - INFO - Decoder coeffs loss: 0.2589067220687866
2026-04-09 17:03:24,485 - INFO - Prev coeffs loss: 0.27554449439048767
2026-04-09 17:03:24,486 - INFO - Encoder smooth loss: 0.2282058298587799
2026-04-09 17:03:24,486 - INFO - Decoder smooth loss: 0.22881314158439636
2026-04-09 17:03:24,486 - INFO - Prev smooth loss: 0.23471632599830627
2026-04-09 17:03:24,486 - INFO - KL loss: 39.837249755859375
2026-04-09 17:03:24,487 - INFO - Total loss: 44.041324615478516
2026-04-09 17:03:24,487 - INFO - Epoch val loss: 95.17794418334961
2026-04-09 17:03:24,487 - INFO - -------------------
2026-04-09 17:03:24,487 - INFO - Saving model at epoch 3
2026-04-09 17:03:24,487 - INFO - Saving model name: AERCA_nonlinear_ws_5_stride_1_lr_0.0001_epochs_5000_hidden_layer_size_50_num_hidden_layers_8.pt
2026-04-09 17:03:24,586 - INFO - Reconstruction loss: 24.631189346313477
2026-04-09 17:03:24,586 - INFO - Encoder coeffs loss: 0.27979594469070435
2026-04-09 17:03:24,587 - INFO - Decoder coeffs loss: 0.25890666246414185
2026-04-09 17:03:24,587 - INFO - Prev coeffs loss: 0.2755776345729828
2026-04-09 17:03:24,587 - INFO - Encoder smooth loss: 0.22821199893951416
2026-04-09 17:03:24,588 - INFO - Decoder smooth loss: 0.2288103550672531
2026-04-09 17:03:24,588 - INFO - Prev smooth loss: 0.23474232852458954
2026-04-09 17:03:24,588 - INFO - KL loss: 42.4862060546875
2026-04-09 17:03:24,588 - INFO - Total loss: 46.627315521240234
2026-04-09 17:03:24,667 - INFO - Reconstruction loss: 22.482589721679688
2026-04-09 17:03:24,667 - INFO - Encoder coeffs loss: 0.2795324921607971
2026-04-09 17:03:24,668 - INFO - Decoder coeffs loss: 0.25878602266311646
2026-04-09 17:03:24,668 - INFO - Prev coeffs loss: 0.2753240466117859
2026-04-09 17:03:24,669 - INFO - Encoder smooth loss: 0.22804459929466248
2026-04-09 17:03:24,669 - INFO - Decoder smooth loss: 0.22877542674541473
2026-04-09 17:03:24,669 - INFO - Prev smooth loss: 0.23455826938152313
2026-04-09 17:03:24,669 - INFO - KL loss: 39.01121139526367
2026-04-09 17:03:24,670 - INFO - Total loss: 42.74070739746094
2026-04-09 17:03:24,745 - INFO - Reconstruction loss: 25.446189880371094
2026-04-09 17:03:24,745 - INFO - Encoder coeffs loss: 0.2792418301105499
2026-04-09 17:03:24,746 - INFO - Decoder coeffs loss: 0.2586677670478821
2026-04-09 17:03:24,746 - INFO - Prev coeffs loss: 0.2751378118991852
2026-04-09 17:03:24,746 - INFO - Encoder smooth loss: 0.22787396609783173
2026-04-09 17:03:24,746 - INFO - Decoder smooth loss: 0.22875559329986572
2026-04-09 17:03:24,747 - INFO - Prev smooth loss: 0.23442430794239044
2026-04-09 17:03:24,747 - INFO - KL loss: 45.39459228515625
2026-04-09 17:03:24,747 - INFO - Total loss: 48.895538330078125
2026-04-09 17:03:24,822 - INFO - Reconstruction loss: 22.720802307128906
2026-04-09 17:03:24,822 - INFO - Encoder coeffs loss: 0.2790088951587677
2026-04-09 17:03:24,822 - INFO - Decoder coeffs loss: 0.2585607171058655
2026-04-09 17:03:24,822 - INFO - Prev coeffs loss: 0.2748797535896301
2026-04-09 17:03:24,823 - INFO - Encoder smooth loss: 0.22770477831363678
2026-04-09 17:03:24,823 - INFO - Decoder smooth loss: 0.22870558500289917
2026-04-09 17:03:24,823 - INFO - Prev smooth loss: 0.2342301309108734
2026-04-09 17:03:24,823 - INFO - KL loss: 40.0003662109375
2026-04-09 17:03:24,825 - INFO - Total loss: 43.472530364990234
2026-04-09 17:03:24,895 - INFO - Reconstruction loss: 27.912582397460938
2026-04-09 17:03:24,897 - INFO - Encoder coeffs loss: 0.2787192463874817
2026-04-09 17:03:24,898 - INFO - Decoder coeffs loss: 0.2584877014160156
2026-04-09 17:03:24,898 - INFO - Prev coeffs loss: 0.27470389008522034
2026-04-09 17:03:24,898 - INFO - Encoder smooth loss: 0.2275438755750656
2026-04-09 17:03:24,899 - INFO - Decoder smooth loss: 0.22871863842010498
2026-04-09 17:03:24,899 - INFO - Prev smooth loss: 0.23410943150520325
2026-04-09 17:03:24,899 - INFO - KL loss: 48.052528381347656
2026-04-09 17:03:24,900 - INFO - Total loss: 52.68998718261719
2026-04-09 17:03:24,973 - INFO - Reconstruction loss: 23.805755615234375
2026-04-09 17:03:24,974 - INFO - Encoder coeffs loss: 0.27844953536987305
2026-04-09 17:03:24,975 - INFO - Decoder coeffs loss: 0.2583579123020172
2026-04-09 17:03:24,975 - INFO - Prev coeffs loss: 0.2744957506656647
2026-04-09 17:03:24,975 - INFO - Encoder smooth loss: 0.22738978266716003
2026-04-09 17:03:24,976 - INFO - Decoder smooth loss: 0.22864587604999542
2026-04-09 17:03:24,976 - INFO - Prev smooth loss: 0.2339327335357666
2026-04-09 17:03:24,976 - INFO - KL loss: 42.99989318847656
2026-04-09 17:03:24,976 - INFO - Total loss: 46.05633544921875
2026-04-09 17:03:25,054 - INFO - Reconstruction loss: 25.03266716003418
2026-04-09 17:03:25,055 - INFO - Encoder coeffs loss: 0.27821052074432373
2026-04-09 17:03:25,055 - INFO - Decoder coeffs loss: 0.2582884132862091
2026-04-09 17:03:25,056 - INFO - Prev coeffs loss: 0.27425897121429443
2026-04-09 17:03:25,057 - INFO - Encoder smooth loss: 0.22724127769470215
2026-04-09 17:03:25,057 - INFO - Decoder smooth loss: 0.22862568497657776
2026-04-09 17:03:25,057 - INFO - Prev smooth loss: 0.2337605059146881
2026-04-09 17:03:25,057 - INFO - KL loss: 44.45671844482422
2026-04-09 17:03:25,058 - INFO - Total loss: 48.0112190246582
2026-04-09 17:03:25,131 - INFO - Reconstruction loss: 20.734500885009766
2026-04-09 17:03:25,132 - INFO - Encoder coeffs loss: 0.277977854013443
2026-04-09 17:03:25,132 - INFO - Decoder coeffs loss: 0.2581712007522583
2026-04-09 17:03:25,132 - INFO - Prev coeffs loss: 0.2740149199962616
2026-04-09 17:03:25,133 - INFO - Encoder smooth loss: 0.22709140181541443
2026-04-09 17:03:25,133 - INFO - Decoder smooth loss: 0.22854699194431305
2026-04-09 17:03:25,133 - INFO - Prev smooth loss: 0.23356632888317108
2026-04-09 17:03:25,133 - INFO - KL loss: 35.88824462890625
2026-04-09 17:03:25,134 - INFO - Total loss: 39.428306579589844
2026-04-09 17:03:25,181 - INFO - Epoch 4/5000
2026-04-09 17:03:25,182 - INFO - Epoch training loss: 367.9219398498535
2026-04-09 17:03:25,182 - INFO - -------------------
2026-04-09 17:03:25,208 - INFO - Reconstruction loss: 25.623626708984375
2026-04-09 17:03:25,210 - INFO - Encoder coeffs loss: 0.277700811624527
2026-04-09 17:03:25,210 - INFO - Decoder coeffs loss: 0.25815415382385254
2026-04-09 17:03:25,211 - INFO - Prev coeffs loss: 0.27386537194252014
2026-04-09 17:03:25,211 - INFO - Encoder smooth loss: 0.22692623734474182
2026-04-09 17:03:25,211 - INFO - Decoder smooth loss: 0.22857165336608887
2026-04-09 17:03:25,212 - INFO - Prev smooth loss: 0.2334626317024231
2026-04-09 17:03:25,212 - INFO - KL loss: 45.022132873535156
2026-04-09 17:03:25,212 - INFO - Total loss: 48.884033203125
2026-04-09 17:03:25,240 - INFO - Reconstruction loss: 22.226560592651367
2026-04-09 17:03:25,240 - INFO - Encoder coeffs loss: 0.2777116894721985
2026-04-09 17:03:25,240 - INFO - Decoder coeffs loss: 0.25811976194381714
2026-04-09 17:03:25,240 - INFO - Prev coeffs loss: 0.273784339427948
2026-04-09 17:03:25,242 - INFO - Encoder smooth loss: 0.2269245684146881
2026-04-09 17:03:25,242 - INFO - Decoder smooth loss: 0.2285449206829071
2026-04-09 17:03:25,242 - INFO - Prev smooth loss: 0.23339888453483582
2026-04-09 17:03:25,242 - INFO - KL loss: 38.33595275878906
2026-04-09 17:03:25,243 - INFO - Total loss: 42.143775939941406
2026-04-09 17:03:25,243 - INFO - Epoch val loss: 91.0278091430664
2026-04-09 17:03:25,243 - INFO - -------------------
2026-04-09 17:03:25,243 - INFO - Saving model at epoch 4
2026-04-09 17:03:25,243 - INFO - Saving model name: AERCA_nonlinear_ws_5_stride_1_lr_0.0001_epochs_5000_hidden_layer_size_50_num_hidden_layers_8.pt
2026-04-09 17:03:25,338 - INFO - Reconstruction loss: 23.349872589111328
2026-04-09 17:03:25,339 - INFO - Encoder coeffs loss: 0.2777060866355896
2026-04-09 17:03:25,339 - INFO - Decoder coeffs loss: 0.2581189274787903
2026-04-09 17:03:25,339 - INFO - Prev coeffs loss: 0.2738308310508728
2026-04-09 17:03:25,339 - INFO - Encoder smooth loss: 0.2269350290298462
2026-04-09 17:03:25,341 - INFO - Decoder smooth loss: 0.22854109108448029
2026-04-09 17:03:25,341 - INFO - Prev smooth loss: 0.23343060910701752
2026-04-09 17:03:25,341 - INFO - KL loss: 40.72282409667969
2026-04-09 17:03:25,341 - INFO - Total loss: 44.46056365966797
2026-04-09 17:03:25,414 - INFO - Reconstruction loss: 21.377737045288086
2026-04-09 17:03:25,414 - INFO - Encoder coeffs loss: 0.2774449586868286
2026-04-09 17:03:25,415 - INFO - Decoder coeffs loss: 0.25804951786994934
2026-04-09 17:03:25,415 - INFO - Prev coeffs loss: 0.2735956311225891
2026-04-09 17:03:25,415 - INFO - Encoder smooth loss: 0.22675974667072296
2026-04-09 17:03:25,416 - INFO - Decoder smooth loss: 0.2285095453262329
2026-04-09 17:03:25,416 - INFO - Prev smooth loss: 0.23324066400527954
2026-04-09 17:03:25,416 - INFO - KL loss: 37.46168518066406
2026-04-09 17:03:25,416 - INFO - Total loss: 40.857383728027344
2026-04-09 17:03:25,487 - INFO - Reconstruction loss: 24.046987533569336
2026-04-09 17:03:25,488 - INFO - Encoder coeffs loss: 0.27715176343917847
2026-04-09 17:03:25,488 - INFO - Decoder coeffs loss: 0.25799867510795593
2026-04-09 17:03:25,488 - INFO - Prev coeffs loss: 0.2734588384628296
2026-04-09 17:03:25,488 - INFO - Encoder smooth loss: 0.2265893965959549
2026-04-09 17:03:25,489 - INFO - Decoder smooth loss: 0.22850888967514038
2026-04-09 17:03:25,489 - INFO - Prev smooth loss: 0.23312056064605713
2026-04-09 17:03:25,489 - INFO - KL loss: 43.39470291137695
2026-04-09 17:03:25,489 - INFO - Total loss: 46.49275207519531
2026-04-09 17:03:25,562 - INFO - Reconstruction loss: 21.604171752929688
2026-04-09 17:03:25,563 - INFO - Encoder coeffs loss: 0.2769225537776947
2026-04-09 17:03:25,563 - INFO - Decoder coeffs loss: 0.25793319940567017
2026-04-09 17:03:25,564 - INFO - Prev coeffs loss: 0.27321162819862366
2026-04-09 17:03:25,564 - INFO - Encoder smooth loss: 0.22641544044017792
2026-04-09 17:03:25,564 - INFO - Decoder smooth loss: 0.2284548133611679
2026-04-09 17:03:25,564 - INFO - Prev smooth loss: 0.2329195737838745
2026-04-09 17:03:25,564 - INFO - KL loss: 38.44902420043945
2026-04-09 17:03:25,565 - INFO - Total loss: 41.57661437988281
2026-04-09 17:03:25,633 - INFO - Reconstruction loss: 26.57534408569336
2026-04-09 17:03:25,633 - INFO - Encoder coeffs loss: 0.2766287624835968
2026-04-09 17:03:25,635 - INFO - Decoder coeffs loss: 0.2579164505004883
2026-04-09 17:03:25,635 - INFO - Prev coeffs loss: 0.2730505168437958
2026-04-09 17:03:25,635 - INFO - Encoder smooth loss: 0.22625732421875
2026-04-09 17:03:25,636 - INFO - Decoder smooth loss: 0.22848884761333466
2026-04-09 17:03:25,636 - INFO - Prev smooth loss: 0.23280860483646393
2026-04-09 17:03:25,636 - INFO - KL loss: 46.110679626464844
2026-04-09 17:03:25,636 - INFO - Total loss: 50.378257751464844
2026-04-09 17:03:25,709 - INFO - Reconstruction loss: 22.446128845214844
2026-04-09 17:03:25,709 - INFO - Encoder coeffs loss: 0.2763602137565613
2026-04-09 17:03:25,710 - INFO - Decoder coeffs loss: 0.25781333446502686
2026-04-09 17:03:25,710 - INFO - Prev coeffs loss: 0.2728447914123535
2026-04-09 17:03:25,711 - INFO - Encoder smooth loss: 0.22610434889793396
2026-04-09 17:03:25,711 - INFO - Decoder smooth loss: 0.22841240465641022
2026-04-09 17:03:25,711 - INFO - Prev smooth loss: 0.23263227939605713
2026-04-09 17:03:25,711 - INFO - KL loss: 41.06346893310547
2026-04-09 17:03:25,712 - INFO - Total loss: 43.724945068359375
2026-04-09 17:03:25,784 - INFO - Reconstruction loss: 23.773698806762695
2026-04-09 17:03:25,785 - INFO - Encoder coeffs loss: 0.27612143754959106
2026-04-09 17:03:25,785 - INFO - Decoder coeffs loss: 0.2577700614929199
2026-04-09 17:03:25,786 - INFO - Prev coeffs loss: 0.2725931406021118
2026-04-09 17:03:25,786 - INFO - Encoder smooth loss: 0.2259543240070343
2026-04-09 17:03:25,786 - INFO - Decoder smooth loss: 0.22839756309986115
2026-04-09 17:03:25,787 - INFO - Prev smooth loss: 0.23245175182819366
2026-04-09 17:03:25,787 - INFO - KL loss: 42.636268615722656
2026-04-09 17:03:25,787 - INFO - Total loss: 45.838478088378906
2026-04-09 17:03:25,850 - INFO - Reconstruction loss: 19.7517032623291
2026-04-09 17:03:25,850 - INFO - Encoder coeffs loss: 0.27589380741119385
2026-04-09 17:03:25,851 - INFO - Decoder coeffs loss: 0.2576543986797333
2026-04-09 17:03:25,851 - INFO - Prev coeffs loss: 0.27233242988586426
2026-04-09 17:03:25,852 - INFO - Encoder smooth loss: 0.22580289840698242
2026-04-09 17:03:25,852 - INFO - Decoder smooth loss: 0.2283049374818802
2026-04-09 17:03:25,852 - INFO - Prev smooth loss: 0.23224754631519318
2026-04-09 17:03:25,852 - INFO - KL loss: 34.469764709472656
2026-04-09 17:03:25,853 - INFO - Total loss: 37.732704162597656
2026-04-09 17:03:25,885 - INFO - Epoch 5/5000
2026-04-09 17:03:25,886 - INFO - Epoch training loss: 351.0616989135742
2026-04-09 17:03:25,886 - INFO - -------------------
2026-04-09 17:03:25,903 - INFO - Reconstruction loss: 24.477622985839844
2026-04-09 17:03:25,903 - INFO - Encoder coeffs loss: 0.27561092376708984
2026-04-09 17:03:25,903 - INFO - Decoder coeffs loss: 0.25767233967781067
2026-04-09 17:03:25,903 - INFO - Prev coeffs loss: 0.27219706773757935
2026-04-09 17:03:25,903 - INFO - Encoder smooth loss: 0.22564254701137543
2026-04-09 17:03:25,904 - INFO - Decoder smooth loss: 0.22835016250610352
2026-04-09 17:03:25,904 - INFO - Prev smooth loss: 0.2321515828371048
2026-04-09 17:03:25,904 - INFO - KL loss: 43.284385681152344
2026-04-09 17:03:25,904 - INFO - Total loss: 46.865631103515625
2026-04-09 17:03:25,919 - INFO - Reconstruction loss: 21.227521896362305
2026-04-09 17:03:25,919 - INFO - Encoder coeffs loss: 0.27562451362609863
2026-04-09 17:03:25,920 - INFO - Decoder coeffs loss: 0.2576272189617157
2026-04-09 17:03:25,920 - INFO - Prev coeffs loss: 0.2720988988876343
2026-04-09 17:03:25,920 - INFO - Encoder smooth loss: 0.2256341427564621
2026-04-09 17:03:25,920 - INFO - Decoder smooth loss: 0.2283126562833786
2026-04-09 17:03:25,920 - INFO - Prev smooth loss: 0.23207718133926392
2026-04-09 17:03:25,922 - INFO - KL loss: 36.932865142822266
2026-04-09 17:03:25,922 - INFO - Total loss: 40.43964385986328
2026-04-09 17:03:25,922 - INFO - Epoch val loss: 87.3052749633789
2026-04-09 17:03:25,922 - INFO - -------------------
2026-04-09 17:03:25,922 - INFO - Saving model at epoch 5
2026-04-09 17:03:25,922 - INFO - Saving model name: AERCA_nonlinear_ws_5_stride_1_lr_0.0001_epochs_5000_hidden_layer_size_50_num_hidden_layers_8.pt
2026-04-09 17:03:26,016 - INFO - Reconstruction loss: 22.239105224609375
2026-04-09 17:03:26,017 - INFO - Encoder coeffs loss: 0.27561575174331665
2026-04-09 17:03:26,017 - INFO - Decoder coeffs loss: 0.2576279640197754
2026-04-09 17:03:26,018 - INFO - Prev coeffs loss: 0.2721582055091858
2026-04-09 17:03:26,018 - INFO - Encoder smooth loss: 0.22565071284770966
2026-04-09 17:03:26,018 - INFO - Decoder smooth loss: 0.22830940783023834
2026-04-09 17:03:26,019 - INFO - Prev smooth loss: 0.23211674392223358
2026-04-09 17:03:26,019 - INFO - KL loss: 39.083919525146484
2026-04-09 17:03:26,019 - INFO - Total loss: 42.52680206298828
2026-04-09 17:03:26,079 - INFO - Reconstruction loss: 20.415571212768555
2026-04-09 17:03:26,080 - INFO - Encoder coeffs loss: 0.275356262922287
2026-04-09 17:03:26,080 - INFO - Decoder coeffs loss: 0.25756895542144775
2026-04-09 17:03:26,081 - INFO - Prev coeffs loss: 0.27192145586013794
2026-04-09 17:03:26,081 - INFO - Encoder smooth loss: 0.22547563910484314
2026-04-09 17:03:26,081 - INFO - Decoder smooth loss: 0.22827757894992828
2026-04-09 17:03:26,082 - INFO - Prev smooth loss: 0.23191936314105988
2026-04-09 17:03:26,082 - INFO - KL loss: 36.01930236816406
2026-04-09 17:03:26,082 - INFO - Total loss: 39.17048263549805
2026-04-09 17:03:26,139 - INFO - Reconstruction loss: 22.837398529052734
2026-04-09 17:03:26,139 - INFO - Encoder coeffs loss: 0.27505558729171753
2026-04-09 17:03:26,139 - INFO - Decoder coeffs loss: 0.25755012035369873
2026-04-09 17:03:26,140 - INFO - Prev coeffs loss: 0.2718168795108795
2026-04-09 17:03:26,140 - INFO - Encoder smooth loss: 0.22531259059906006
2026-04-09 17:03:26,140 - INFO - Decoder smooth loss: 0.22829823195934296
2026-04-09 17:03:26,140 - INFO - Prev smooth loss: 0.23181244730949402
2026-04-09 17:03:26,141 - INFO - KL loss: 41.539981842041016
2026-04-09 17:03:26,141 - INFO - Total loss: 44.35231018066406
2026-04-09 17:03:26,203 - INFO - Reconstruction loss: 20.622657775878906
2026-04-09 17:03:26,203 - INFO - Encoder coeffs loss: 0.27483314275741577
2026-04-09 17:03:26,204 - INFO - Decoder coeffs loss: 0.2574920058250427
2026-04-09 17:03:26,204 - INFO - Prev coeffs loss: 0.2715664803981781
2026-04-09 17:03:26,205 - INFO - Encoder smooth loss: 0.2251371592283249
2026-04-09 17:03:26,205 - INFO - Decoder smooth loss: 0.2282349020242691
2026-04-09 17:03:26,205 - INFO - Prev smooth loss: 0.231600821018219
2026-04-09 17:03:26,205 - INFO - KL loss: 37.00285339355469
2026-04-09 17:03:26,205 - INFO - Total loss: 39.86851501464844
2026-04-09 17:03:26,276 - INFO - Reconstruction loss: 25.400888442993164
2026-04-09 17:03:26,277 - INFO - Encoder coeffs loss: 0.2745376229286194
2026-04-09 17:03:26,277 - INFO - Decoder coeffs loss: 0.2575151026248932
2026-04-09 17:03:26,277 - INFO - Prev coeffs loss: 0.27142465114593506
2026-04-09 17:03:26,278 - INFO - Encoder smooth loss: 0.2249850034713745
2026-04-09 17:03:26,278 - INFO - Decoder smooth loss: 0.22828397154808044
2026-04-09 17:03:26,278 - INFO - Prev smooth loss: 0.23149462044239044
2026-04-09 17:03:26,278 - INFO - KL loss: 44.29901123046875
2026-04-09 17:03:26,279 - INFO - Total loss: 48.29450988769531
2026-04-09 17:03:26,337 - INFO - Reconstruction loss: 21.274555206298828
2026-04-09 17:03:26,337 - INFO - Encoder coeffs loss: 0.27426740527153015
2026-04-09 17:03:26,337 - INFO - Decoder coeffs loss: 0.2574334144592285
2026-04-09 17:03:26,338 - INFO - Prev coeffs loss: 0.2712348401546478
2026-04-09 17:03:26,338 - INFO - Encoder smooth loss: 0.22483840584754944
2026-04-09 17:03:26,338 - INFO - Decoder smooth loss: 0.2282005399465561
2026-04-09 17:03:26,339 - INFO - Prev smooth loss: 0.23132003843784332
2026-04-09 17:03:26,339 - INFO - KL loss: 39.278690338134766
2026-04-09 17:03:26,339 - INFO - Total loss: 41.65754699707031
2026-04-09 17:03:26,408 - INFO - Reconstruction loss: 22.678104400634766
2026-04-09 17:03:26,408 - INFO - Encoder coeffs loss: 0.2740382254123688
2026-04-09 17:03:26,409 - INFO - Decoder coeffs loss: 0.25740575790405273
2026-04-09 17:03:26,409 - INFO - Prev coeffs loss: 0.27097946405410767
2026-04-09 17:03:26,409 - INFO - Encoder smooth loss: 0.22468619048595428
2026-04-09 17:03:26,410 - INFO - Decoder smooth loss: 0.22817984223365784
2026-04-09 17:03:26,410 - INFO - Prev smooth loss: 0.23112519085407257
2026-04-09 17:03:26,410 - INFO - KL loss: 40.94611358642578
2026-04-09 17:03:26,410 - INFO - Total loss: 43.89436721801758
2026-04-09 17:03:26,481 - INFO - Reconstruction loss: 18.89505958557129
2026-04-09 17:03:26,481 - INFO - Encoder coeffs loss: 0.2738276720046997
2026-04-09 17:03:26,482 - INFO - Decoder coeffs loss: 0.25729456543922424
2026-04-09 17:03:26,482 - INFO - Prev coeffs loss: 0.27071475982666016
2026-04-09 17:03:26,482 - INFO - Encoder smooth loss: 0.2245350033044815
2026-04-09 17:03:26,482 - INFO - Decoder smooth loss: 0.22806435823440552
2026-04-09 17:03:26,482 - INFO - Prev smooth loss: 0.23090580105781555
2026-04-09 17:03:26,482 - INFO - KL loss: 33.14584732055664
2026-04-09 17:03:26,483 - INFO - Total loss: 36.210655212402344
2026-04-09 17:03:26,524 - INFO - Epoch 6/5000
2026-04-09 17:03:26,524 - INFO - Epoch training loss: 335.9751892089844
2026-04-09 17:03:26,524 - INFO - -------------------
2026-04-09 17:03:26,549 - INFO - Reconstruction loss: 23.47029685974121
2026-04-09 17:03:26,549 - INFO - Encoder coeffs loss: 0.273552805185318
2026-04-09 17:03:26,550 - INFO - Decoder coeffs loss: 0.257350355386734
2026-04-09 17:03:26,550 - INFO - Prev coeffs loss: 0.2705935835838318
2026-04-09 17:03:26,550 - INFO - Encoder smooth loss: 0.22437384724617004
2026-04-09 17:03:26,551 - INFO - Decoder smooth loss: 0.22812558710575104
2026-04-09 17:03:26,551 - INFO - Prev smooth loss: 0.23081916570663452
2026-04-09 17:03:26,551 - INFO - KL loss: 41.668312072753906
2026-04-09 17:03:26,551 - INFO - Total loss: 45.04685974121094
2026-04-09 17:03:26,576 - INFO - Reconstruction loss: 20.3471736907959
2026-04-09 17:03:26,576 - INFO - Encoder coeffs loss: 0.27357354760169983
2026-04-09 17:03:26,576 - INFO - Decoder coeffs loss: 0.25729191303253174
2026-04-09 17:03:26,577 - INFO - Prev coeffs loss: 0.2704792618751526
2026-04-09 17:03:26,577 - INFO - Encoder smooth loss: 0.22436434030532837
2026-04-09 17:03:26,578 - INFO - Decoder smooth loss: 0.22807477414608002
2026-04-09 17:03:26,578 - INFO - Prev smooth loss: 0.23072947561740875
2026-04-09 17:03:26,578 - INFO - KL loss: 35.616947174072266
2026-04-09 17:03:26,578 - INFO - Total loss: 38.89790344238281
2026-04-09 17:03:26,579 - INFO - Epoch val loss: 83.94476318359375
2026-04-09 17:03:26,579 - INFO - -------------------
2026-04-09 17:03:26,579 - INFO - Saving model at epoch 6
2026-04-09 17:03:26,579 - INFO - Saving model name: AERCA_nonlinear_ws_5_stride_1_lr_0.0001_epochs_5000_hidden_layer_size_50_num_hidden_layers_8.pt
2026-04-09 17:03:26,680 - INFO - Reconstruction loss: 21.268917083740234
2026-04-09 17:03:26,680 - INFO - Encoder coeffs loss: 0.2735591232776642
2026-04-09 17:03:26,681 - INFO - Decoder coeffs loss: 0.2572983503341675
2026-04-09 17:03:26,681 - INFO - Prev coeffs loss: 0.27055293321609497
2026-04-09 17:03:26,681 - INFO - Encoder smooth loss: 0.2243829071521759
2026-04-09 17:03:26,682 - INFO - Decoder smooth loss: 0.22807444632053375
2026-04-09 17:03:26,682 - INFO - Prev smooth loss: 0.23078060150146484
2026-04-09 17:03:26,682 - INFO - KL loss: 37.560279846191406
2026-04-09 17:03:26,683 - INFO - Total loss: 40.7913818359375
2026-04-09 17:03:26,756 - INFO - Reconstruction loss: 19.571823120117188
2026-04-09 17:03:26,756 - INFO - Encoder coeffs loss: 0.2733190059661865
2026-04-09 17:03:26,757 - INFO - Decoder coeffs loss: 0.2572501003742218
2026-04-09 17:03:26,757 - INFO - Prev coeffs loss: 0.2703096866607666
2026-04-09 17:03:26,758 - INFO - Encoder smooth loss: 0.22420597076416016
2026-04-09 17:03:26,758 - INFO - Decoder smooth loss: 0.2280338853597641
2026-04-09 17:03:26,758 - INFO - Prev smooth loss: 0.23057565093040466
2026-04-09 17:03:26,758 - INFO - KL loss: 34.675315856933594
2026-04-09 17:03:26,759 - INFO - Total loss: 37.651329040527344
2026-04-09 17:03:26,827 - INFO - Reconstruction loss: 21.782440185546875
2026-04-09 17:03:26,828 - INFO - Encoder coeffs loss: 0.2730225920677185
2026-04-09 17:03:26,828 - INFO - Decoder coeffs loss: 0.2572695016860962
2026-04-09 17:03:26,828 - INFO - Prev coeffs loss: 0.27023500204086304
2026-04-09 17:03:26,828 - INFO - Encoder smooth loss: 0.22404085099697113
2026-04-09 17:03:26,829 - INFO - Decoder smooth loss: 0.22807686030864716
2026-04-09 17:03:26,829 - INFO - Prev smooth loss: 0.23049317300319672
2026-04-09 17:03:26,829 - INFO - KL loss: 39.82065963745117
2026-04-09 17:03:26,829 - INFO - Total loss: 42.4343376159668
2026-04-09 17:03:26,895 - INFO - Reconstruction loss: 19.750551223754883
2026-04-09 17:03:26,895 - INFO - Encoder coeffs loss: 0.2728305459022522
2026-04-09 17:03:26,896 - INFO - Decoder coeffs loss: 0.2572171688079834
2026-04-09 17:03:26,896 - INFO - Prev coeffs loss: 0.26997312903404236
2026-04-09 17:03:26,897 - INFO - Encoder smooth loss: 0.22386372089385986
2026-04-09 17:03:26,897 - INFO - Decoder smooth loss: 0.22800467908382416
2026-04-09 17:03:26,897 - INFO - Prev smooth loss: 0.23027019202709198
2026-04-09 17:03:26,897 - INFO - KL loss: 35.651329040527344
2026-04-09 17:03:26,898 - INFO - Total loss: 38.317298889160156
2026-04-09 17:03:26,970 - INFO - Reconstruction loss: 24.358448028564453
2026-04-09 17:03:26,971 - INFO - Encoder coeffs loss: 0.27254679799079895
2026-04-09 17:03:26,979 - INFO - Decoder coeffs loss: 0.257264643907547
2026-04-09 17:03:26,979 - INFO - Prev coeffs loss: 0.26983922719955444
2026-04-09 17:03:26,979 - INFO - Encoder smooth loss: 0.2237057238817215
2026-04-09 17:03:26,980 - INFO - Decoder smooth loss: 0.22807078063488007
2026-04-09 17:03:26,980 - INFO - Prev smooth loss: 0.23017224669456482
2026-04-09 17:03:26,980 - INFO - KL loss: 42.60882568359375
2026-04-09 17:03:26,981 - INFO - Total loss: 46.403663635253906
2026-04-09 17:03:27,054 - INFO - Reconstruction loss: 20.253307342529297
2026-04-09 17:03:27,054 - INFO - Encoder coeffs loss: 0.27229660749435425
2026-04-09 17:03:27,055 - INFO - Decoder coeffs loss: 0.2571827471256256
2026-04-09 17:03:27,055 - INFO - Prev coeffs loss: 0.26966410875320435
2026-04-09 17:03:27,055 - INFO - Encoder smooth loss: 0.22355739772319794
2026-04-09 17:03:27,056 - INFO - Decoder smooth loss: 0.22797712683677673
2026-04-09 17:03:27,056 - INFO - Prev smooth loss: 0.2300063520669937
2026-04-09 17:03:27,056 - INFO - KL loss: 37.632450103759766
2026-04-09 17:03:27,056 - INFO - Total loss: 39.80987548828125
2026-04-09 17:03:27,127 - INFO - Reconstruction loss: 21.71181297302246
2026-04-09 17:03:27,128 - INFO - Encoder coeffs loss: 0.2720983624458313
2026-04-09 17:03:27,128 - INFO - Decoder coeffs loss: 0.25715845823287964
2026-04-09 17:03:27,129 - INFO - Prev coeffs loss: 0.269402414560318
2026-04-09 17:03:27,129 - INFO - Encoder smooth loss: 0.22340255975723267
2026-04-09 17:03:27,129 - INFO - Decoder smooth loss: 0.2279518097639084
2026-04-09 17:03:27,131 - INFO - Prev smooth loss: 0.22980061173439026
2026-04-09 17:03:27,131 - INFO - KL loss: 39.372520446777344
2026-04-09 17:03:27,131 - INFO - Total loss: 42.13798141479492
2026-04-09 17:03:27,204 - INFO - Reconstruction loss: 18.13851547241211
2026-04-09 17:03:27,205 - INFO - Encoder coeffs loss: 0.27191483974456787
2026-04-09 17:03:27,205 - INFO - Decoder coeffs loss: 0.2570285201072693
2026-04-09 17:03:27,205 - INFO - Prev coeffs loss: 0.26912856101989746
2026-04-09 17:03:27,206 - INFO - Encoder smooth loss: 0.2232508808374405
2026-04-09 17:03:27,206 - INFO - Decoder smooth loss: 0.22780880331993103
2026-04-09 17:03:27,206 - INFO - Prev smooth loss: 0.2295684814453125
2026-04-09 17:03:27,206 - INFO - KL loss: 31.90728187561035
2026-04-09 17:03:27,207 - INFO - Total loss: 34.83150863647461
2026-04-09 17:03:27,255 - INFO - Epoch 7/5000
2026-04-09 17:03:27,255 - INFO - Epoch training loss: 322.3773765563965
2026-04-09 17:03:27,256 - INFO - -------------------
2026-04-09 17:03:27,283 - INFO - Reconstruction loss: 22.568931579589844
2026-04-09 17:03:27,283 - INFO - Encoder coeffs loss: 0.2716619074344635
2026-04-09 17:03:27,284 - INFO - Decoder coeffs loss: 0.2571321129798889
2026-04-09 17:03:27,284 - INFO - Prev coeffs loss: 0.26903799176216125
2026-04-09 17:03:27,284 - INFO - Encoder smooth loss: 0.22309188544750214
2026-04-09 17:03:27,285 - INFO - Decoder smooth loss: 0.22789667546749115
2026-04-09 17:03:27,285 - INFO - Prev smooth loss: 0.22949564456939697
2026-04-09 17:03:27,285 - INFO - KL loss: 40.15024185180664
2026-04-09 17:03:27,286 - INFO - Total loss: 43.383209228515625
2026-04-09 17:03:27,310 - INFO - Reconstruction loss: 19.559398651123047
2026-04-09 17:03:27,311 - INFO - Encoder coeffs loss: 0.2716848850250244
2026-04-09 17:03:27,311 - INFO - Decoder coeffs loss: 0.25704991817474365
2026-04-09 17:03:27,311 - INFO - Prev coeffs loss: 0.2688990831375122
2026-04-09 17:03:27,312 - INFO - Encoder smooth loss: 0.2230810523033142
2026-04-09 17:03:27,312 - INFO - Decoder smooth loss: 0.22782661020755768
2026-04-09 17:03:27,312 - INFO - Prev smooth loss: 0.2293863743543625
2026-04-09 17:03:27,312 - INFO - KL loss: 34.375518798828125
2026-04-09 17:03:27,313 - INFO - Total loss: 37.486122131347656
2026-04-09 17:03:27,313 - INFO - Epoch val loss: 80.86933135986328
2026-04-09 17:03:27,313 - INFO - -------------------
2026-04-09 17:03:27,313 - INFO - Saving model at epoch 7
2026-04-09 17:03:27,313 - INFO - Saving model name: AERCA_nonlinear_ws_5_stride_1_lr_0.0001_epochs_5000_hidden_layer_size_50_num_hidden_layers_8.pt
2026-04-09 17:03:27,412 - INFO - Reconstruction loss: 20.40915298461914
2026-04-09 17:03:27,413 - INFO - Encoder coeffs loss: 0.2716684341430664
2026-04-09 17:03:27,413 - INFO - Decoder coeffs loss: 0.25705739855766296
2026-04-09 17:03:27,413 - INFO - Prev coeffs loss: 0.2689913809299469
2026-04-09 17:03:27,414 - INFO - Encoder smooth loss: 0.2231014221906662
2026-04-09 17:03:27,414 - INFO - Decoder smooth loss: 0.22782942652702332
2026-04-09 17:03:27,414 - INFO - Prev smooth loss: 0.22945155203342438
2026-04-09 17:03:27,414 - INFO - KL loss: 36.134429931640625
2026-04-09 17:03:27,415 - INFO - Total loss: 39.215415954589844
2026-04-09 17:03:27,489 - INFO - Reconstruction loss: 18.82048988342285
2026-04-09 17:03:27,489 - INFO - Encoder coeffs loss: 0.27145707607269287
2026-04-09 17:03:27,490 - INFO - Decoder coeffs loss: 0.2570151090621948
2026-04-09 17:03:27,490 - INFO - Prev coeffs loss: 0.2687554359436035
2026-04-09 17:03:27,490 - INFO - Encoder smooth loss: 0.2229255735874176
2026-04-09 17:03:27,491 - INFO - Decoder smooth loss: 0.22777913510799408
2026-04-09 17:03:27,491 - INFO - Prev smooth loss: 0.229242205619812
2026-04-09 17:03:27,491 - INFO - KL loss: 33.414146423339844
2026-04-09 17:03:27,491 - INFO - Total loss: 36.266151428222656
2026-04-09 17:03:27,561 - INFO - Reconstruction loss: 20.846532821655273
2026-04-09 17:03:27,562 - INFO - Encoder coeffs loss: 0.2711904048919678
2026-04-09 17:03:27,562 - INFO - Decoder coeffs loss: 0.2570829391479492
2026-04-09 17:03:27,562 - INFO - Prev coeffs loss: 0.2687374949455261
2026-04-09 17:03:27,563 - INFO - Encoder smooth loss: 0.22276541590690613
2026-04-09 17:03:27,563 - INFO - Decoder smooth loss: 0.22785434126853943
2026-04-09 17:03:27,563 - INFO - Prev smooth loss: 0.22918826341629028
2026-04-09 17:03:27,563 - INFO - KL loss: 38.20474624633789
2026-04-09 17:03:27,564 - INFO - Total loss: 40.68731689453125
2026-04-09 17:03:27,637 - INFO - Reconstruction loss: 18.959583282470703
2026-04-09 17:03:27,638 - INFO - Encoder coeffs loss: 0.271028071641922
2026-04-09 17:03:27,638 - INFO - Decoder coeffs loss: 0.25704512000083923
2026-04-09 17:03:27,639 - INFO - Prev coeffs loss: 0.26847171783447266
2026-04-09 17:03:27,639 - INFO - Encoder smooth loss: 0.22259195148944855
2026-04-09 17:03:27,639 - INFO - Decoder smooth loss: 0.22777336835861206
2026-04-09 17:03:27,640 - INFO - Prev smooth loss: 0.22894670069217682
2026-04-09 17:03:27,640 - INFO - KL loss: 34.36913299560547
2026-04-09 17:03:27,640 - INFO - Total loss: 36.882076263427734
2026-04-09 17:03:27,714 - INFO - Reconstruction loss: 23.41644287109375
2026-04-09 17:03:27,716 - INFO - Encoder coeffs loss: 0.2707730531692505
2026-04-09 17:03:27,716 - INFO - Decoder coeffs loss: 0.25713998079299927
2026-04-09 17:03:27,716 - INFO - Prev coeffs loss: 0.26837265491485596
2026-04-09 17:03:27,717 - INFO - Encoder smooth loss: 0.22243687510490417
2026-04-09 17:03:27,717 - INFO - Decoder smooth loss: 0.2278635948896408
2026-04-09 17:03:27,717 - INFO - Prev smooth loss: 0.2288571447134018
2026-04-09 17:03:27,717 - INFO - KL loss: 40.999229431152344
2026-04-09 17:03:27,718 - INFO - Total loss: 44.653778076171875
2026-04-09 17:03:27,790 - INFO - Reconstruction loss: 19.351802825927734
2026-04-09 17:03:27,791 - INFO - Encoder coeffs loss: 0.2705546021461487
2026-04-09 17:03:27,791 - INFO - Decoder coeffs loss: 0.25706443190574646
2026-04-09 17:03:27,791 - INFO - Prev coeffs loss: 0.2682204842567444
2026-04-09 17:03:27,792 - INFO - Encoder smooth loss: 0.22229869663715363
2026-04-09 17:03:27,792 - INFO - Decoder smooth loss: 0.22775371372699738
2026-04-09 17:03:27,792 - INFO - Prev smooth loss: 0.228690966963768
2026-04-09 17:03:27,793 - INFO - KL loss: 36.080039978027344
2026-04-09 17:03:27,793 - INFO - Total loss: 38.129112243652344
2026-04-09 17:03:27,868 - INFO - Reconstruction loss: 20.846925735473633
2026-04-09 17:03:27,868 - INFO - Encoder coeffs loss: 0.2703803479671478
2026-04-09 17:03:27,869 - INFO - Decoder coeffs loss: 0.2570590078830719
2026-04-09 17:03:27,869 - INFO - Prev coeffs loss: 0.2679462730884552
2026-04-09 17:03:27,870 - INFO - Encoder smooth loss: 0.2221551388502121
2026-04-09 17:03:27,870 - INFO - Decoder smooth loss: 0.22772207856178284
2026-04-09 17:03:27,870 - INFO - Prev smooth loss: 0.22845743596553802
2026-04-09 17:03:27,870 - INFO - KL loss: 37.8763542175293
2026-04-09 17:03:27,871 - INFO - Total loss: 40.52196502685547
2026-04-09 17:03:27,944 - INFO - Reconstruction loss: 17.462661743164062
2026-04-09 17:03:27,945 - INFO - Encoder coeffs loss: 0.2702177166938782
2026-04-09 17:03:27,945 - INFO - Decoder coeffs loss: 0.2568988800048828
2026-04-09 17:03:27,945 - INFO - Prev coeffs loss: 0.26765426993370056
2026-04-09 17:03:27,946 - INFO - Encoder smooth loss: 0.22201380133628845
2026-04-09 17:03:27,946 - INFO - Decoder smooth loss: 0.2275390625
2026-04-09 17:03:27,946 - INFO - Prev smooth loss: 0.2281886637210846
2026-04-09 17:03:27,946 - INFO - KL loss: 30.729135513305664
2026-04-09 17:03:27,947 - INFO - Total loss: 33.56348419189453
2026-04-09 17:03:27,998 - INFO - Epoch 8/5000
2026-04-09 17:03:27,998 - INFO - Epoch training loss: 309.9193000793457
2026-04-09 17:03:27,998 - INFO - -------------------
2026-04-09 17:03:28,024 - INFO - Reconstruction loss: 21.744997024536133
2026-04-09 17:03:28,025 - INFO - Encoder coeffs loss: 0.26998817920684814
2026-04-09 17:03:28,025 - INFO - Decoder coeffs loss: 0.2570726275444031
2026-04-09 17:03:28,025 - INFO - Prev coeffs loss: 0.26760023832321167
2026-04-09 17:03:28,025 - INFO - Encoder smooth loss: 0.22187744081020355
2026-04-09 17:03:28,027 - INFO - Decoder smooth loss: 0.22766420245170593
2026-04-09 17:03:28,027 - INFO - Prev smooth loss: 0.22812896966934204
2026-04-09 17:03:28,027 - INFO - KL loss: 38.69042205810547
2026-04-09 17:03:28,028 - INFO - Total loss: 41.82637405395508
2026-04-09 17:03:28,055 - INFO - Reconstruction loss: 18.843788146972656
2026-04-09 17:03:28,055 - INFO - Encoder coeffs loss: 0.270007848739624
2026-04-09 17:03:28,056 - INFO - Decoder coeffs loss: 0.2569523751735687
2026-04-09 17:03:28,056 - INFO - Prev coeffs loss: 0.26742756366729736
2026-04-09 17:03:28,056 - INFO - Encoder smooth loss: 0.22185978293418884
2026-04-09 17:03:28,057 - INFO - Decoder smooth loss: 0.22756639122962952
2026-04-09 17:03:28,057 - INFO - Prev smooth loss: 0.22798900306224823
2026-04-09 17:03:28,057 - INFO - KL loss: 33.18264389038086
2026-04-09 17:03:28,057 - INFO - Total loss: 36.17101287841797
2026-04-09 17:03:28,058 - INFO - Epoch val loss: 77.99738693237305
2026-04-09 17:03:28,058 - INFO - -------------------
2026-04-09 17:03:28,058 - INFO - Saving model at epoch 8
2026-04-09 17:03:28,058 - INFO - Saving model name: AERCA_nonlinear_ws_5_stride_1_lr_0.0001_epochs_5000_hidden_layer_size_50_num_hidden_layers_8.pt
2026-04-09 17:03:28,159 - INFO - Reconstruction loss: 19.634662628173828
2026-04-09 17:03:28,159 - INFO - Encoder coeffs loss: 0.2699923515319824
2026-04-09 17:03:28,159 - INFO - Decoder coeffs loss: 0.25696688890457153
2026-04-09 17:03:28,160 - INFO - Prev coeffs loss: 0.2675412893295288
2026-04-09 17:03:28,160 - INFO - Encoder smooth loss: 0.22188439965248108
2026-04-09 17:03:28,160 - INFO - Decoder smooth loss: 0.22757507860660553
2026-04-09 17:03:28,161 - INFO - Prev smooth loss: 0.2280735969543457
2026-04-09 17:03:28,161 - INFO - KL loss: 34.77088165283203
2026-04-09 17:03:28,161 - INFO - Total loss: 37.75612258911133
2026-04-09 17:03:28,235 - INFO - Reconstruction loss: 18.140546798706055
2026-04-09 17:03:28,236 - INFO - Encoder coeffs loss: 0.26979708671569824
2026-04-09 17:03:28,236 - INFO - Decoder coeffs loss: 0.2569209337234497
2026-04-09 17:03:28,236 - INFO - Prev coeffs loss: 0.26730674505233765
2026-04-09 17:03:28,237 - INFO - Encoder smooth loss: 0.22172532975673676
2026-04-09 17:03:28,237 - INFO - Decoder smooth loss: 0.22750966250896454
2026-04-09 17:03:28,237 - INFO - Prev smooth loss: 0.22784529626369476
2026-04-09 17:03:28,237 - INFO - KL loss: 32.204681396484375
2026-04-09 17:03:28,238 - INFO - Total loss: 34.97843933105469
2026-04-09 17:03:28,312 - INFO - Reconstruction loss: 20.002994537353516
2026-04-09 17:03:28,313 - INFO - Encoder coeffs loss: 0.26954901218414307
2026-04-09 17:03:28,313 - INFO - Decoder coeffs loss: 0.2570519745349884
2026-04-09 17:03:28,313 - INFO - Prev coeffs loss: 0.26733335852622986
2026-04-09 17:03:28,314 - INFO - Encoder smooth loss: 0.22158785164356232
2026-04-09 17:03:28,314 - INFO - Decoder smooth loss: 0.22762420773506165
2026-04-09 17:03:28,314 - INFO - Prev smooth loss: 0.22781260311603546
2026-04-09 17:03:28,314 - INFO - KL loss: 36.6513671875
2026-04-09 17:03:28,315 - INFO - Total loss: 39.06415557861328
2026-04-09 17:03:28,391 - INFO - Reconstruction loss: 18.231447219848633
2026-04-09 17:03:28,392 - INFO - Encoder coeffs loss: 0.2693997323513031
2026-04-09 17:03:28,392 - INFO - Decoder coeffs loss: 0.2570083737373352
2026-04-09 17:03:28,392 - INFO - Prev coeffs loss: 0.26706308126449585
2026-04-09 17:03:28,393 - INFO - Encoder smooth loss: 0.22142648696899414
2026-04-09 17:03:28,393 - INFO - Decoder smooth loss: 0.22753217816352844
2026-04-09 17:03:28,393 - INFO - Prev smooth loss: 0.22754809260368347
2026-04-09 17:03:28,394 - INFO - KL loss: 33.12327194213867
2026-04-09 17:03:28,394 - INFO - Total loss: 35.528076171875
2026-04-09 17:03:28,468 - INFO - Reconstruction loss: 22.54608917236328
2026-04-09 17:03:28,468 - INFO - Encoder coeffs loss: 0.2691569924354553
2026-04-09 17:03:28,469 - INFO - Decoder coeffs loss: 0.25716763734817505
2026-04-09 17:03:28,469 - INFO - Prev coeffs loss: 0.2669937312602997
2026-04-09 17:03:28,470 - INFO - Encoder smooth loss: 0.22129769623279572
2026-04-09 17:03:28,470 - INFO - Decoder smooth loss: 0.2276531606912613
2026-04-09 17:03:28,470 - INFO - Prev smooth loss: 0.2274654656648636
2026-04-09 17:03:28,470 - INFO - KL loss: 39.43007278442383
2026-04-09 17:03:28,471 - INFO - Total loss: 42.995994567871094
2026-04-09 17:03:28,545 - INFO - Reconstruction loss: 18.541637420654297
2026-04-09 17:03:28,545 - INFO - Encoder coeffs loss: 0.26895520091056824
2026-04-09 17:03:28,546 - INFO - Decoder coeffs loss: 0.2570815682411194
2026-04-09 17:03:28,546 - INFO - Prev coeffs loss: 0.26686185598373413
2026-04-09 17:03:28,546 - INFO - Encoder smooth loss: 0.22118569910526276
2026-04-09 17:03:28,547 - INFO - Decoder smooth loss: 0.22752301394939423
2026-04-09 17:03:28,547 - INFO - Prev smooth loss: 0.22729644179344177
2026-04-09 17:03:28,547 - INFO - KL loss: 34.58938217163086
2026-04-09 17:03:28,548 - INFO - Total loss: 36.57078170776367
2026-04-09 17:03:28,619 - INFO - Reconstruction loss: 20.054460525512695
2026-04-09 17:03:28,621 - INFO - Encoder coeffs loss: 0.26879164576530457
2026-04-09 17:03:28,621 - INFO - Decoder coeffs loss: 0.2571069896221161
2026-04-09 17:03:28,622 - INFO - Prev coeffs loss: 0.2665867805480957
2026-04-09 17:03:28,622 - INFO - Encoder smooth loss: 0.22105956077575684
2026-04-09 17:03:28,622 - INFO - Decoder smooth loss: 0.22749115526676178
2026-04-09 17:03:28,622 - INFO - Prev smooth loss: 0.227036714553833
2026-04-09 17:03:28,623 - INFO - KL loss: 36.42096710205078
2026-04-09 17:03:28,623 - INFO - Total loss: 38.99897766113281
2026-04-09 17:03:28,696 - INFO - Reconstruction loss: 16.847890853881836
2026-04-09 17:03:28,697 - INFO - Encoder coeffs loss: 0.26863211393356323
2026-04-09 17:03:28,697 - INFO - Decoder coeffs loss: 0.2568831145763397
2026-04-09 17:03:28,698 - INFO - Prev coeffs loss: 0.26628875732421875
2026-04-09 17:03:28,698 - INFO - Encoder smooth loss: 0.22092433273792267
2026-04-09 17:03:28,698 - INFO - Decoder smooth loss: 0.22726163268089294
2026-04-09 17:03:28,698 - INFO - Prev smooth loss: 0.22673754394054413
2026-04-09 17:03:28,700 - INFO - KL loss: 29.587438583374023
2026-04-09 17:03:28,700 - INFO - Total loss: 32.37497329711914
2026-04-09 17:03:28,746 - INFO - Epoch 9/5000
2026-04-09 17:03:28,746 - INFO - Epoch training loss: 298.267520904541
2026-04-09 17:03:28,746 - INFO - -------------------
2026-04-09 17:03:28,772 - INFO - Reconstruction loss: 20.975444793701172
2026-04-09 17:03:28,773 - INFO - Encoder coeffs loss: 0.26842001080513
2026-04-09 17:03:28,773 - INFO - Decoder coeffs loss: 0.25719618797302246
2026-04-09 17:03:28,773 - INFO - Prev coeffs loss: 0.2662796378135681
2026-04-09 17:03:28,774 - INFO - Encoder smooth loss: 0.2208155393600464
2026-04-09 17:03:28,774 - INFO - Decoder smooth loss: 0.2274477779865265
2026-04-09 17:03:28,774 - INFO - Prev smooth loss: 0.2266898900270462
2026-04-09 17:03:28,774 - INFO - KL loss: 37.25925827026367
2026-04-09 17:03:28,775 - INFO - Total loss: 40.338497161865234
2026-04-09 17:03:28,800 - INFO - Reconstruction loss: 18.180349349975586
2026-04-09 17:03:28,801 - INFO - Encoder coeffs loss: 0.26842474937438965
2026-04-09 17:03:28,801 - INFO - Decoder coeffs loss: 0.2570025324821472
2026-04-09 17:03:28,801 - INFO - Prev coeffs loss: 0.2660694122314453
2026-04-09 17:03:28,802 - INFO - Encoder smooth loss: 0.2207806408405304
2026-04-09 17:03:28,802 - INFO - Decoder smooth loss: 0.22731167078018188
2026-04-09 17:03:28,802 - INFO - Prev smooth loss: 0.22652168571949005
2026-04-09 17:03:28,802 - INFO - KL loss: 32.0119743347168
2026-04-09 17:03:28,803 - INFO - Total loss: 34.91939163208008
2026-04-09 17:03:28,803 - INFO - Epoch val loss: 75.25788879394531
2026-04-09 17:03:28,803 - INFO - -------------------
2026-04-09 17:03:28,803 - INFO - Saving model at epoch 9
2026-04-09 17:03:28,803 - INFO - Saving model name: AERCA_nonlinear_ws_5_stride_1_lr_0.0001_epochs_5000_hidden_layer_size_50_num_hidden_layers_8.pt
2026-04-09 17:03:28,898 - INFO - Reconstruction loss: 18.924470901489258
2026-04-09 17:03:28,898 - INFO - Encoder coeffs loss: 0.26842397451400757
2026-04-09 17:03:28,898 - INFO - Decoder coeffs loss: 0.25703784823417664
2026-04-09 17:03:28,899 - INFO - Prev coeffs loss: 0.2662075161933899
2026-04-09 17:03:28,899 - INFO - Encoder smooth loss: 0.22081927955150604
2026-04-09 17:03:28,899 - INFO - Decoder smooth loss: 0.22732770442962646
2026-04-09 17:03:28,900 - INFO - Prev smooth loss: 0.2266286164522171
2026-04-09 17:03:28,900 - INFO - KL loss: 33.446895599365234
2026-04-09 17:03:28,900 - INFO - Total loss: 36.381141662597656
2026-04-09 17:03:28,972 - INFO - Reconstruction loss: 17.51680564880371
2026-04-09 17:03:28,973 - INFO - Encoder coeffs loss: 0.2682305574417114
2026-04-09 17:03:28,973 - INFO - Decoder coeffs loss: 0.2569881081581116
2026-04-09 17:03:28,973 - INFO - Prev coeffs loss: 0.26598188281059265
2026-04-09 17:03:28,975 - INFO - Encoder smooth loss: 0.22066859900951385
2026-04-09 17:03:28,975 - INFO - Decoder smooth loss: 0.2272508293390274
2026-04-09 17:03:28,975 - INFO - Prev smooth loss: 0.22638560831546783
2026-04-09 17:03:28,975 - INFO - KL loss: 31.028987884521484
2026-04-09 17:03:28,976 - INFO - Total loss: 33.76405334472656
2026-04-09 17:03:29,050 - INFO - Reconstruction loss: 19.226369857788086
2026-04-09 17:03:29,050 - INFO - Encoder coeffs loss: 0.26801609992980957
2026-04-09 17:03:29,051 - INFO - Decoder coeffs loss: 0.2572603225708008
2026-04-09 17:03:29,051 - INFO - Prev coeffs loss: 0.2660781145095825
2026-04-09 17:03:29,051 - INFO - Encoder smooth loss: 0.22056476771831512
2026-04-09 17:03:29,052 - INFO - Decoder smooth loss: 0.2274261862039566
2026-04-09 17:03:29,052 - INFO - Prev smooth loss: 0.22638322412967682
2026-04-09 17:03:29,052 - INFO - KL loss: 35.136314392089844
2026-04-09 17:03:29,053 - INFO - Total loss: 37.52738952636719
2026-04-09 17:03:29,123 - INFO - Reconstruction loss: 17.550426483154297
2026-04-09 17:03:29,124 - INFO - Encoder coeffs loss: 0.26785698533058167
2026-04-09 17:03:29,124 - INFO - Decoder coeffs loss: 0.25721123814582825
2026-04-09 17:03:29,124 - INFO - Prev coeffs loss: 0.2658020257949829
2026-04-09 17:03:29,125 - INFO - Encoder smooth loss: 0.22039435803890228
2026-04-09 17:03:29,125 - INFO - Decoder smooth loss: 0.22732363641262054
2026-04-09 17:03:29,125 - INFO - Prev smooth loss: 0.22608740627765656
2026-04-09 17:03:29,125 - INFO - KL loss: 31.901628494262695
2026-04-09 17:03:29,127 - INFO - Total loss: 34.233577728271484
2026-04-09 17:03:29,199 - INFO - Reconstruction loss: 21.721485137939453
2026-04-09 17:03:29,200 - INFO - Encoder coeffs loss: 0.26764383912086487
2026-04-09 17:03:29,201 - INFO - Decoder coeffs loss: 0.2575380504131317
2026-04-09 17:03:29,201 - INFO - Prev coeffs loss: 0.2657570242881775
2026-04-09 17:03:29,201 - INFO - Encoder smooth loss: 0.2202933132648468
2026-04-09 17:03:29,201 - INFO - Decoder smooth loss: 0.22750461101531982
2026-04-09 17:03:29,201 - INFO - Prev smooth loss: 0.2260010838508606
2026-04-09 17:03:29,202 - INFO - KL loss: 37.88031005859375
2026-04-09 17:03:29,202 - INFO - Total loss: 41.394012451171875
2026-04-09 17:03:29,256 - INFO - Reconstruction loss: 17.798551559448242
2026-04-09 17:03:29,257 - INFO - Encoder coeffs loss: 0.26747480034828186
2026-04-09 17:03:29,257 - INFO - Decoder coeffs loss: 0.2574564814567566
2026-04-09 17:03:29,257 - INFO - Prev coeffs loss: 0.26563772559165955
2026-04-09 17:03:29,257 - INFO - Encoder smooth loss: 0.22020363807678223
2026-04-09 17:03:29,258 - INFO - Decoder smooth loss: 0.22735624015331268
2026-04-09 17:03:29,258 - INFO - Prev smooth loss: 0.2258261740207672
2026-04-09 17:03:29,258 - INFO - KL loss: 33.14241027832031
2026-04-09 17:03:29,258 - INFO - Total loss: 35.10173416137695
2026-04-09 17:03:29,324 - INFO - Reconstruction loss: 19.312580108642578
2026-04-09 17:03:29,324 - INFO - Encoder coeffs loss: 0.26732364296913147
2026-04-09 17:03:29,325 - INFO - Decoder coeffs loss: 0.2575571537017822
2026-04-09 17:03:29,325 - INFO - Prev coeffs loss: 0.2653316855430603
2026-04-09 17:03:29,325 - INFO - Encoder smooth loss: 0.2200828194618225
2026-04-09 17:03:29,326 - INFO - Decoder smooth loss: 0.22734737396240234
2026-04-09 17:03:29,326 - INFO - Prev smooth loss: 0.22552627325057983
2026-04-09 17:03:29,326 - INFO - KL loss: 34.993316650390625
2026-04-09 17:03:29,326 - INFO - Total loss: 37.54082107543945
2026-04-09 17:03:29,396 - INFO - Reconstruction loss: 16.280677795410156
2026-04-09 17:03:29,397 - INFO - Encoder coeffs loss: 0.26716673374176025
2026-04-09 17:03:29,397 - INFO - Decoder coeffs loss: 0.2572633624076843
2026-04-09 17:03:29,398 - INFO - Prev coeffs loss: 0.2649897038936615
2026-04-09 17:03:29,398 - INFO - Encoder smooth loss: 0.2199365645647049
2026-04-09 17:03:29,398 - INFO - Decoder smooth loss: 0.22705519199371338
2026-04-09 17:03:29,398 - INFO - Prev smooth loss: 0.22518351674079895
2026-04-09 17:03:29,398 - INFO - KL loss: 28.480758666992188
2026-04-09 17:03:29,399 - INFO - Total loss: 31.251855850219727
2026-04-09 17:03:29,436 - INFO - Epoch 10/5000
2026-04-09 17:03:29,436 - INFO - Epoch training loss: 287.1945858001709
2026-04-09 17:03:29,437 - INFO - -------------------
2026-04-09 17:03:29,464 - INFO - Reconstruction loss: 20.23650360107422
2026-04-09 17:03:29,465 - INFO - Encoder coeffs loss: 0.26699715852737427
2026-04-09 17:03:29,465 - INFO - Decoder coeffs loss: 0.2578011751174927
2026-04-09 17:03:29,465 - INFO - Prev coeffs loss: 0.26498183608055115
2026-04-09 17:03:29,466 - INFO - Encoder smooth loss: 0.2198588252067566
2026-04-09 17:03:29,466 - INFO - Decoder smooth loss: 0.22735033929347992
2026-04-09 17:03:29,466 - INFO - Prev smooth loss: 0.2251298725605011
2026-04-09 17:03:29,466 - INFO - KL loss: 35.837806701660156
2026-04-09 17:03:29,467 - INFO - Total loss: 38.88646697998047
2026-04-09 17:03:29,492 - INFO - Reconstruction loss: 17.554931640625
2026-04-09 17:03:29,492 - INFO - Encoder coeffs loss: 0.2669850289821625
2026-04-09 17:03:29,493 - INFO - Decoder coeffs loss: 0.2575029134750366
2026-04-09 17:03:29,493 - INFO - Prev coeffs loss: 0.26473939418792725
2026-04-09 17:03:29,494 - INFO - Encoder smooth loss: 0.2198014110326767
2026-04-09 17:03:29,494 - INFO - Decoder smooth loss: 0.22715264558792114
2026-04-09 17:03:29,494 - INFO - Prev smooth loss: 0.22493380308151245
2026-04-09 17:03:29,494 - INFO - KL loss: 30.852813720703125
2026-04-09 17:03:29,495 - INFO - Total loss: 33.71189880371094
2026-04-09 17:03:29,495 - INFO - Epoch val loss: 72.5983657836914
2026-04-09 17:03:29,495 - INFO - -------------------
2026-04-09 17:03:29,495 - INFO - Saving model at epoch 10
2026-04-09 17:03:29,495 - INFO - Saving model name: AERCA_nonlinear_ws_5_stride_1_lr_0.0001_epochs_5000_hidden_layer_size_50_num_hidden_layers_8.pt
2026-04-09 17:03:29,592 - INFO - Reconstruction loss: 18.25722885131836
2026-04-09 17:03:29,594 - INFO - Encoder coeffs loss: 0.26700159907341003
2026-04-09 17:03:29,594 - INFO - Decoder coeffs loss: 0.2575708031654358
2026-04-09 17:03:29,595 - INFO - Prev coeffs loss: 0.26489946246147156
2026-04-09 17:03:29,595 - INFO - Encoder smooth loss: 0.2198614925146103
2026-04-09 17:03:29,595 - INFO - Decoder smooth loss: 0.22718267142772675
2026-04-09 17:03:29,596 - INFO - Prev smooth loss: 0.22506140172481537
2026-04-09 17:03:29,596 - INFO - KL loss: 32.14576721191406
2026-04-09 17:03:29,596 - INFO - Total loss: 35.06089782714844
2026-04-09 17:03:29,671 - INFO - Reconstruction loss: 16.931896209716797
2026-04-09 17:03:29,671 - INFO - Encoder coeffs loss: 0.2668267488479614
2026-04-09 17:03:29,672 - INFO - Decoder coeffs loss: 0.25753626227378845
2026-04-09 17:03:29,673 - INFO - Prev coeffs loss: 0.2646404206752777
2026-04-09 17:03:29,673 - INFO - Encoder smooth loss: 0.21970710158348083
2026-04-09 17:03:29,673 - INFO - Decoder smooth loss: 0.22709700465202332
2026-04-09 17:03:29,674 - INFO - Prev smooth loss: 0.22478853166103363
2026-04-09 17:03:29,674 - INFO - KL loss: 29.872177124023438
2026-04-09 17:03:29,674 - INFO - Total loss: 32.59828186035156
2026-04-09 17:03:29,748 - INFO - Reconstruction loss: 18.494260787963867
2026-04-09 17:03:29,748 - INFO - Encoder coeffs loss: 0.2666606307029724
2026-04-09 17:03:29,748 - INFO - Decoder coeffs loss: 0.25801265239715576
2026-04-09 17:03:29,749 - INFO - Prev coeffs loss: 0.2647649645805359
2026-04-09 17:03:29,749 - INFO - Encoder smooth loss: 0.21964600682258606
2026-04-09 17:03:29,749 - INFO - Decoder smooth loss: 0.22736573219299316
2026-04-09 17:03:29,750 - INFO - Prev smooth loss: 0.22480028867721558
2026-04-09 17:03:29,750 - INFO - KL loss: 33.63519287109375
2026-04-09 17:03:29,750 - INFO - Total loss: 36.04248046875
2026-04-09 17:03:29,815 - INFO - Reconstruction loss: 16.897485733032227
2026-04-09 17:03:29,816 - INFO - Encoder coeffs loss: 0.2664942741394043
2026-04-09 17:03:29,816 - INFO - Decoder coeffs loss: 0.2579655647277832
2026-04-09 17:03:29,816 - INFO - Prev coeffs loss: 0.2644416093826294
2026-04-09 17:03:29,817 - INFO - Encoder smooth loss: 0.21944615244865417
2026-04-09 17:03:29,817 - INFO - Decoder smooth loss: 0.22726264595985413
2026-04-09 17:03:29,817 - INFO - Prev smooth loss: 0.22446314990520477
2026-04-09 17:03:29,817 - INFO - KL loss: 30.67967414855957
2026-04-09 17:03:29,818 - INFO - Total loss: 32.96735763549805
2026-04-09 17:03:29,891 - INFO - Reconstruction loss: 20.91798973083496
2026-04-09 17:03:29,891 - INFO - Encoder coeffs loss: 0.26631227135658264
2026-04-09 17:03:29,893 - INFO - Decoder coeffs loss: 0.2585117816925049
2026-04-09 17:03:29,893 - INFO - Prev coeffs loss: 0.26440131664276123
2026-04-09 17:03:29,894 - INFO - Encoder smooth loss: 0.219378262758255
2026-04-09 17:03:29,894 - INFO - Decoder smooth loss: 0.2275456190109253
2026-04-09 17:03:29,894 - INFO - Prev smooth loss: 0.2243608683347702
2026-04-09 17:03:29,894 - INFO - KL loss: 36.32275390625
2026-04-09 17:03:29,895 - INFO - Total loss: 39.80962371826172
2026-04-09 17:03:29,991 - INFO - Reconstruction loss: 17.10186767578125
2026-04-09 17:03:29,992 - INFO - Encoder coeffs loss: 0.2661792039871216
2026-04-09 17:03:29,994 - INFO - Decoder coeffs loss: 0.2584232985973358
2026-04-09 17:03:29,994 - INFO - Prev coeffs loss: 0.26426973938941956
2026-04-09 17:03:29,995 - INFO - Encoder smooth loss: 0.21932260692119598
2026-04-09 17:03:29,995 - INFO - Decoder smooth loss: 0.22737227380275726
2026-04-09 17:03:30,004 - INFO - Prev smooth loss: 0.22417326271533966
2026-04-09 17:03:30,004 - INFO - KL loss: 31.714122772216797
2026-04-09 17:03:30,005 - INFO - Total loss: 33.68879699707031
2026-04-09 17:03:30,177 - INFO - Reconstruction loss: 18.604230880737305
2026-04-09 17:03:30,178 - INFO - Encoder coeffs loss: 0.26603540778160095
2026-04-09 17:03:30,178 - INFO - Decoder coeffs loss: 0.2585828900337219
2026-04-09 17:03:30,179 - INFO - Prev coeffs loss: 0.2639312148094177
2026-04-09 17:03:30,180 - INFO - Encoder smooth loss: 0.21920019388198853
2026-04-09 17:03:30,181 - INFO - Decoder smooth loss: 0.2273862361907959
2026-04-09 17:03:30,181 - INFO - Prev smooth loss: 0.2238287776708603
2026-04-09 17:03:30,181 - INFO - KL loss: 33.568214416503906
2026-04-09 17:03:30,183 - INFO - Total loss: 36.117820739746094
2026-04-09 17:03:30,601 - INFO - Reconstruction loss: 15.744738578796387
2026-04-09 17:03:30,601 - INFO - Encoder coeffs loss: 0.26587966084480286
2026-04-09 17:03:30,602 - INFO - Decoder coeffs loss: 0.258211225271225
2026-04-09 17:03:30,603 - INFO - Prev coeffs loss: 0.26352155208587646
2026-04-09 17:03:30,603 - INFO - Encoder smooth loss: 0.21904093027114868
2026-04-09 17:03:30,604 - INFO - Decoder smooth loss: 0.22702892124652863
2026-04-09 17:03:30,604 - INFO - Prev smooth loss: 0.22344517707824707
2026-04-09 17:03:30,604 - INFO - KL loss: 27.379789352416992
2026-04-09 17:03:30,605 - INFO - Total loss: 30.163196563720703
2026-04-09 17:03:30,679 - INFO - Epoch 11/5000
2026-04-09 17:03:30,680 - INFO - Epoch training loss: 276.4484558105469
2026-04-09 17:03:30,680 - INFO - -------------------
2026-04-09 17:03:30,714 - INFO - Reconstruction loss: 19.5114803314209
2026-04-09 17:03:30,715 - INFO - Encoder coeffs loss: 0.2657475471496582
2026-04-09 17:03:30,715 - INFO - Decoder coeffs loss: 0.2589956521987915
2026-04-09 17:03:30,716 - INFO - Prev coeffs loss: 0.2635429799556732
2026-04-09 17:03:30,716 - INFO - Encoder smooth loss: 0.21901237964630127
2026-04-09 17:03:30,716 - INFO - Decoder smooth loss: 0.2274610549211502
2026-04-09 17:03:30,716 - INFO - Prev smooth loss: 0.22337543964385986
2026-04-09 17:03:30,716 - INFO - KL loss: 34.40312194824219
2026-04-09 17:03:30,718 - INFO - Total loss: 37.442108154296875
2026-04-09 17:03:30,744 - INFO - Reconstruction loss: 16.954477310180664
2026-04-09 17:03:30,744 - INFO - Encoder coeffs loss: 0.26571741700172424
2026-04-09 17:03:30,744 - INFO - Decoder coeffs loss: 0.2585725486278534
2026-04-09 17:03:30,745 - INFO - Prev coeffs loss: 0.26324787735939026
2026-04-09 17:03:30,745 - INFO - Encoder smooth loss: 0.2189207226037979
2026-04-09 17:03:30,746 - INFO - Decoder smooth loss: 0.2271893471479416
2026-04-09 17:03:30,746 - INFO - Prev smooth loss: 0.22315911948680878
2026-04-09 17:03:30,746 - INFO - KL loss: 29.68505859375
2026-04-09 17:03:30,746 - INFO - Total loss: 32.52540969848633
2026-04-09 17:03:30,747 - INFO - Epoch val loss: 69.9675178527832
2026-04-09 17:03:30,747 - INFO - -------------------
2026-04-09 17:03:30,747 - INFO - Saving model at epoch 11
2026-04-09 17:03:30,747 - INFO - Saving model name: AERCA_nonlinear_ws_5_stride_1_lr_0.0001_epochs_5000_hidden_layer_size_50_num_hidden_layers_8.pt
2026-04-09 17:03:30,853 - INFO - Reconstruction loss: 17.61737060546875
2026-04-09 17:03:30,854 - INFO - Encoder coeffs loss: 0.2657487988471985
2026-04-09 17:03:30,854 - INFO - Decoder coeffs loss: 0.2586691677570343
2026-04-09 17:03:30,854 - INFO - Prev coeffs loss: 0.2634369134902954
2026-04-09 17:03:30,854 - INFO - Encoder smooth loss: 0.21901138126850128
2026-04-09 17:03:30,855 - INFO - Decoder smooth loss: 0.2272365242242813
2026-04-09 17:03:30,855 - INFO - Prev smooth loss: 0.22330188751220703
2026-04-09 17:03:30,855 - INFO - KL loss: 30.843284606933594
2026-04-09 17:03:30,855 - INFO - Total loss: 33.76771545410156
2026-04-09 17:03:30,925 - INFO - Reconstruction loss: 16.369300842285156
2026-04-09 17:03:30,925 - INFO - Encoder coeffs loss: 0.2655848264694214
2026-04-09 17:03:30,926 - INFO - Decoder coeffs loss: 0.25865405797958374
2026-04-09 17:03:30,926 - INFO - Prev coeffs loss: 0.2631490230560303
2026-04-09 17:03:30,926 - INFO - Encoder smooth loss: 0.21886061131954193
2026-04-09 17:03:30,927 - INFO - Decoder smooth loss: 0.22714826464653015
2026-04-09 17:03:30,927 - INFO - Prev smooth loss: 0.22300012409687042
2026-04-09 17:03:30,927 - INFO - KL loss: 28.713932037353516
2026-04-09 17:03:30,928 - INFO - Total loss: 31.454465866088867
2026-04-09 17:03:30,995 - INFO - Reconstruction loss: 17.792837142944336
2026-04-09 17:03:30,995 - INFO - Encoder coeffs loss: 0.265464723110199
2026-04-09 17:03:30,995 - INFO - Decoder coeffs loss: 0.2593424618244171
2026-04-09 17:03:30,996 - INFO - Prev coeffs loss: 0.26335078477859497
2026-04-09 17:03:30,996 - INFO - Encoder smooth loss: 0.21886658668518066
2026-04-09 17:03:30,996 - INFO - Decoder smooth loss: 0.22751714289188385
2026-04-09 17:03:30,997 - INFO - Prev smooth loss: 0.22302083671092987
2026-04-09 17:03:30,997 - INFO - KL loss: 32.12907028198242
2026-04-09 17:03:30,997 - INFO - Total loss: 34.58615493774414
2026-04-09 17:03:31,054 - INFO - Reconstruction loss: 16.260509490966797
2026-04-09 17:03:31,055 - INFO - Encoder coeffs loss: 0.2652977406978607
2026-04-09 17:03:31,055 - INFO - Decoder coeffs loss: 0.2592999339103699
2026-04-09 17:03:31,055 - INFO - Prev coeffs loss: 0.2629685401916504
2026-04-09 17:03:31,056 - INFO - Encoder smooth loss: 0.21863019466400146
2026-04-09 17:03:31,056 - INFO - Decoder smooth loss: 0.22741830348968506
2026-04-09 17:03:31,056 - INFO - Prev smooth loss: 0.22264444828033447
2026-04-09 17:03:31,056 - INFO - KL loss: 29.44037437438965
2026-04-09 17:03:31,057 - INFO - Total loss: 31.70882797241211
2026-04-09 17:03:31,121 - INFO - Reconstruction loss: 20.12352752685547
2026-04-09 17:03:31,121 - INFO - Encoder coeffs loss: 0.2651522755622864
2026-04-09 17:03:31,122 - INFO - Decoder coeffs loss: 0.26007845997810364
2026-04-09 17:03:31,122 - INFO - Prev coeffs loss: 0.26298490166664124
2026-04-09 17:03:31,122 - INFO - Encoder smooth loss: 0.2186192125082016
2026-04-09 17:03:31,122 - INFO - Decoder smooth loss: 0.22781144082546234
2026-04-09 17:03:31,123 - INFO - Prev smooth loss: 0.22252210974693298
2026-04-09 17:03:31,123 - INFO - KL loss: 34.745277404785156
2026-04-09 17:03:31,123 - INFO - Total loss: 38.22475051879883
2026-04-09 17:03:31,181 - INFO - Reconstruction loss: 16.44408416748047
2026-04-09 17:03:31,182 - INFO - Encoder coeffs loss: 0.26506128907203674
2026-04-09 17:03:31,182 - INFO - Decoder coeffs loss: 0.2599840760231018
2026-04-09 17:03:31,182 - INFO - Prev coeffs loss: 0.262867271900177
2026-04-09 17:03:31,183 - INFO - Encoder smooth loss: 0.21861565113067627
2026-04-09 17:03:31,183 - INFO - Decoder smooth loss: 0.22761330008506775
2026-04-09 17:03:31,183 - INFO - Prev smooth loss: 0.22231954336166382
2026-04-09 17:03:31,183 - INFO - KL loss: 30.28754234313965
2026-04-09 17:03:31,184 - INFO - Total loss: 32.31608581542969
2026-04-09 17:03:31,254 - INFO - Reconstruction loss: 17.916656494140625
2026-04-09 17:03:31,254 - INFO - Encoder coeffs loss: 0.2649366855621338
2026-04-09 17:03:31,254 - INFO - Decoder coeffs loss: 0.2602198123931885
2026-04-09 17:03:31,255 - INFO - Prev coeffs loss: 0.26248472929000854
2026-04-09 17:03:31,255 - INFO - Encoder smooth loss: 0.21848437190055847
2026-04-09 17:03:31,255 - INFO - Decoder smooth loss: 0.22765494883060455
2026-04-09 17:03:31,255 - INFO - Prev smooth loss: 0.22193217277526855
2026-04-09 17:03:31,255 - INFO - KL loss: 32.12377166748047
2026-04-09 17:03:31,256 - INFO - Total loss: 34.706398010253906
2026-04-09 17:03:31,319 - INFO - Reconstruction loss: 15.23246955871582
2026-04-09 17:03:31,320 - INFO - Encoder coeffs loss: 0.2647774815559387
2026-04-09 17:03:31,320 - INFO - Decoder coeffs loss: 0.2597624957561493
2026-04-09 17:03:31,320 - INFO - Prev coeffs loss: 0.26201045513153076
2026-04-09 17:03:31,322 - INFO - Encoder smooth loss: 0.2183084785938263
2026-04-09 17:03:31,323 - INFO - Decoder smooth loss: 0.22723616659641266
2026-04-09 17:03:31,323 - INFO - Prev smooth loss: 0.2215091586112976
2026-04-09 17:03:31,323 - INFO - KL loss: 26.273080825805664
2026-04-09 17:03:31,323 - INFO - Total loss: 29.095813751220703
2026-04-09 17:03:31,368 - INFO - Epoch 12/5000
2026-04-09 17:03:31,368 - INFO - Epoch training loss: 265.8602123260498
2026-04-09 17:03:31,368 - INFO - -------------------
2026-04-09 17:03:31,394 - INFO - Reconstruction loss: 18.78959083557129
2026-04-09 17:03:31,394 - INFO - Encoder coeffs loss: 0.26471418142318726
2026-04-09 17:03:31,394 - INFO - Decoder coeffs loss: 0.2608424127101898
2026-04-09 17:03:31,395 - INFO - Prev coeffs loss: 0.2620950937271118
2026-04-09 17:03:31,395 - INFO - Encoder smooth loss: 0.21835479140281677
2026-04-09 17:03:31,395 - INFO - Decoder smooth loss: 0.22781755030155182
2026-04-09 17:03:31,395 - INFO - Prev smooth loss: 0.22141727805137634
2026-04-09 17:03:31,396 - INFO - KL loss: 32.929691314697266
2026-04-09 17:03:31,396 - INFO - Total loss: 35.9820556640625
2026-04-09 17:03:31,421 - INFO - Reconstruction loss: 16.37336540222168
2026-04-09 17:03:31,422 - INFO - Encoder coeffs loss: 0.2646455764770508
2026-04-09 17:03:31,422 - INFO - Decoder coeffs loss: 0.260280966758728
2026-04-09 17:03:31,422 - INFO - Prev coeffs loss: 0.2617267668247223
2026-04-09 17:03:31,423 - INFO - Encoder smooth loss: 0.21821272373199463
2026-04-09 17:03:31,423 - INFO - Decoder smooth loss: 0.22747421264648438
2026-04-09 17:03:31,423 - INFO - Prev smooth loss: 0.22118419408798218
2026-04-09 17:03:31,424 - INFO - KL loss: 28.501850128173828
2026-04-09 17:03:31,424 - INFO - Total loss: 31.351051330566406
2026-04-09 17:03:31,424 - INFO - Epoch val loss: 67.3331069946289
2026-04-09 17:03:31,424 - INFO - -------------------
2026-04-09 17:03:31,424 - INFO - Saving model at epoch 12
2026-04-09 17:03:31,424 - INFO - Saving model name: AERCA_nonlinear_ws_5_stride_1_lr_0.0001_epochs_5000_hidden_layer_size_50_num_hidden_layers_8.pt
2026-04-09 17:03:31,526 - INFO - Reconstruction loss: 16.996383666992188
2026-04-09 17:03:31,526 - INFO - Encoder coeffs loss: 0.2647046446800232
2026-04-09 17:03:31,526 - INFO - Decoder coeffs loss: 0.2603965401649475
2026-04-09 17:03:31,527 - INFO - Prev coeffs loss: 0.26196950674057007
2026-04-09 17:03:31,527 - INFO - Encoder smooth loss: 0.2183438390493393
2026-04-09 17:03:31,527 - INFO - Decoder smooth loss: 0.227525532245636
2026-04-09 17:03:31,528 - INFO - Prev smooth loss: 0.22134004533290863
2026-04-09 17:03:31,528 - INFO - KL loss: 29.522293090820312
2026-04-09 17:03:31,529 - INFO - Total loss: 32.48467254638672
2026-04-09 17:03:31,599 - INFO - Reconstruction loss: 15.821864128112793
2026-04-09 17:03:31,599 - INFO - Encoder coeffs loss: 0.2645537555217743
2026-04-09 17:03:31,600 - INFO - Decoder coeffs loss: 0.26039549708366394
2026-04-09 17:03:31,600 - INFO - Prev coeffs loss: 0.261668860912323
2026-04-09 17:03:31,601 - INFO - Encoder smooth loss: 0.2181967794895172
2026-04-09 17:03:31,601 - INFO - Decoder smooth loss: 0.22743619978427887
2026-04-09 17:03:31,601 - INFO - Prev smooth loss: 0.2210080623626709
2026-04-09 17:03:31,601 - INFO - KL loss: 27.54180908203125
2026-04-09 17:03:31,602 - INFO - Total loss: 30.319398880004883
2026-04-09 17:03:31,681 - INFO - Reconstruction loss: 17.111953735351562
2026-04-09 17:03:31,681 - INFO - Encoder coeffs loss: 0.2645186483860016
2026-04-09 17:03:31,682 - INFO - Decoder coeffs loss: 0.26134663820266724
2026-04-09 17:03:31,682 - INFO - Prev coeffs loss: 0.2619791030883789
2026-04-09 17:03:31,683 - INFO - Encoder smooth loss: 0.21830710768699646
2026-04-09 17:03:31,683 - INFO - Decoder smooth loss: 0.22792401909828186
2026-04-09 17:03:31,683 - INFO - Prev smooth loss: 0.22102999687194824
2026-04-09 17:03:31,684 - INFO - KL loss: 30.59538459777832
2026-04-09 17:03:31,684 - INFO - Total loss: 33.13719940185547
2026-04-09 17:03:31,764 - INFO - Reconstruction loss: 15.632233619689941
2026-04-09 17:03:31,764 - INFO - Encoder coeffs loss: 0.26433539390563965
2026-04-09 17:03:31,765 - INFO - Decoder coeffs loss: 0.2613168954849243
2026-04-09 17:03:31,765 - INFO - Prev coeffs loss: 0.2615334093570709
2026-04-09 17:03:31,766 - INFO - Encoder smooth loss: 0.2180243283510208
2026-04-09 17:03:31,766 - INFO - Decoder smooth loss: 0.2278321385383606
2026-04-09 17:03:31,766 - INFO - Prev smooth loss: 0.22061283886432648
2026-04-09 17:03:31,766 - INFO - KL loss: 28.17235565185547
2026-04-09 17:03:31,768 - INFO - Total loss: 30.445240020751953
2026-04-09 17:03:31,836 - INFO - Reconstruction loss: 19.329652786254883
2026-04-09 17:03:31,837 - INFO - Encoder coeffs loss: 0.2642578184604645
2026-04-09 17:03:31,837 - INFO - Decoder coeffs loss: 0.26236051321029663
2026-04-09 17:03:31,838 - INFO - Prev coeffs loss: 0.2615986764431
2026-04-09 17:03:31,838 - INFO - Encoder smooth loss: 0.21809022128582
2026-04-09 17:03:31,838 - INFO - Decoder smooth loss: 0.22835637629032135
2026-04-09 17:03:31,838 - INFO - Prev smooth loss: 0.2204686552286148
2026-04-09 17:03:31,839 - INFO - KL loss: 33.12778091430664
2026-04-09 17:03:31,839 - INFO - Total loss: 36.62110900878906
2026-04-09 17:03:31,910 - INFO - Reconstruction loss: 15.818464279174805
2026-04-09 17:03:31,911 - INFO - Encoder coeffs loss: 0.26422595977783203
2026-04-09 17:03:31,911 - INFO - Decoder coeffs loss: 0.2622230052947998
2026-04-09 17:03:31,912 - INFO - Prev coeffs loss: 0.2615102231502533
2026-04-09 17:03:31,912 - INFO - Encoder smooth loss: 0.21815761923789978
2026-04-09 17:03:31,912 - INFO - Decoder smooth loss: 0.22812046110630035
2026-04-09 17:03:31,912 - INFO - Prev smooth loss: 0.22024992108345032
2026-04-09 17:03:31,913 - INFO - KL loss: 28.843353271484375
2026-04-09 17:03:31,913 - INFO - Total loss: 30.96738624572754
2026-04-09 17:03:31,987 - INFO - Reconstruction loss: 17.240930557250977
2026-04-09 17:03:31,987 - INFO - Encoder coeffs loss: 0.26410701870918274
2026-04-09 17:03:31,988 - INFO - Decoder coeffs loss: 0.2625484764575958
2026-04-09 17:03:31,988 - INFO - Prev coeffs loss: 0.2610599398612976
2026-04-09 17:03:31,988 - INFO - Encoder smooth loss: 0.21800965070724487
2026-04-09 17:03:31,988 - INFO - Decoder smooth loss: 0.2282114028930664
2026-04-09 17:03:31,989 - INFO - Prev smooth loss: 0.21982347965240479
2026-04-09 17:03:31,989 - INFO - KL loss: 30.638893127441406
2026-04-09 17:03:31,989 - INFO - Total loss: 33.28725814819336
2026-04-09 17:03:32,064 - INFO - Reconstruction loss: 14.737960815429688
2026-04-09 17:03:32,064 - INFO - Encoder coeffs loss: 0.2639046907424927
2026-04-09 17:03:32,065 - INFO - Decoder coeffs loss: 0.26191446185112
2026-04-09 17:03:32,065 - INFO - Prev coeffs loss: 0.2605130970478058
2026-04-09 17:03:32,066 - INFO - Encoder smooth loss: 0.2177981436252594
2026-04-09 17:03:32,066 - INFO - Decoder smooth loss: 0.22770057618618011
2026-04-09 17:03:32,066 - INFO - Prev smooth loss: 0.21936160326004028
2026-04-09 17:03:32,066 - INFO - KL loss: 25.142593383789062
2026-04-09 17:03:32,067 - INFO - Total loss: 28.034852981567383
2026-04-09 17:03:32,110 - INFO - Epoch 13/5000
2026-04-09 17:03:32,111 - INFO - Epoch training loss: 255.29711723327637
2026-04-09 17:03:32,111 - INFO - -------------------
2026-04-09 17:03:32,135 - INFO - Reconstruction loss: 18.061899185180664
2026-04-09 17:03:32,135 - INFO - Encoder coeffs loss: 0.26396632194519043
2026-04-09 17:03:32,136 - INFO - Decoder coeffs loss: 0.2633698582649231
2026-04-09 17:03:32,136 - INFO - Prev coeffs loss: 0.2606372833251953
2026-04-09 17:03:32,137 - INFO - Encoder smooth loss: 0.21794375777244568
2026-04-09 17:03:32,137 - INFO - Decoder smooth loss: 0.2284688502550125
2026-04-09 17:03:32,137 - INFO - Prev smooth loss: 0.21923859417438507
2026-04-09 17:03:32,137 - INFO - KL loss: 31.386287689208984
2026-04-09 17:03:32,138 - INFO - Total loss: 34.48185729980469
2026-04-09 17:03:32,163 - INFO - Reconstruction loss: 15.809479713439941
2026-04-09 17:03:32,163 - INFO - Encoder coeffs loss: 0.2638053596019745
2026-04-09 17:03:32,163 - INFO - Decoder coeffs loss: 0.2626239061355591
2026-04-09 17:03:32,164 - INFO - Prev coeffs loss: 0.2601984739303589
2026-04-09 17:03:32,164 - INFO - Encoder smooth loss: 0.21773305535316467
2026-04-09 17:03:32,165 - INFO - Decoder smooth loss: 0.22803664207458496
2026-04-09 17:03:32,165 - INFO - Prev smooth loss: 0.21899953484535217
2026-04-09 17:03:32,165 - INFO - KL loss: 27.276342391967773
2026-04-09 17:03:32,165 - INFO - Total loss: 30.17334747314453
2026-04-09 17:03:32,165 - INFO - Epoch val loss: 64.65520477294922
2026-04-09 17:03:32,166 - INFO - -------------------
2026-04-09 17:03:32,166 - INFO - Saving model at epoch 13
2026-04-09 17:03:32,166 - INFO - Saving model name: AERCA_nonlinear_ws_5_stride_1_lr_0.0001_epochs_5000_hidden_layer_size_50_num_hidden_layers_8.pt
2026-04-09 17:03:32,266 - INFO - Reconstruction loss: 16.385725021362305
2026-04-09 17:03:32,266 - INFO - Encoder coeffs loss: 0.263931542634964
2026-04-09 17:03:32,267 - INFO - Decoder coeffs loss: 0.2627561092376709
2026-04-09 17:03:32,267 - INFO - Prev coeffs loss: 0.26049304008483887
2026-04-09 17:03:32,267 - INFO - Encoder smooth loss: 0.21791407465934753
2026-04-09 17:03:32,268 - INFO - Decoder smooth loss: 0.22809001803398132
2026-04-09 17:03:32,268 - INFO - Prev smooth loss: 0.21916362643241882
2026-04-09 17:03:32,268 - INFO - KL loss: 28.157716751098633
2026-04-09 17:03:32,268 - INFO - Total loss: 31.190757751464844
2026-04-09 17:03:32,342 - INFO - Reconstruction loss: 15.284605979919434
2026-04-09 17:03:32,343 - INFO - Encoder coeffs loss: 0.26378220319747925
2026-04-09 17:03:32,343 - INFO - Decoder coeffs loss: 0.2627374231815338
2026-04-09 17:03:32,344 - INFO - Prev coeffs loss: 0.2601683437824249
2026-04-09 17:03:32,344 - INFO - Encoder smooth loss: 0.21777543425559998
2026-04-09 17:03:32,344 - INFO - Decoder smooth loss: 0.22799190878868103
2026-04-09 17:03:32,345 - INFO - Prev smooth loss: 0.21880218386650085
2026-04-09 17:03:32,345 - INFO - KL loss: 26.334829330444336
2026-04-09 17:03:32,345 - INFO - Total loss: 29.177650451660156
2026-04-09 17:03:32,419 - INFO - Reconstruction loss: 16.44805145263672
2026-04-09 17:03:32,420 - INFO - Encoder coeffs loss: 0.2639211416244507
2026-04-09 17:03:32,421 - INFO - Decoder coeffs loss: 0.2640116810798645
2026-04-09 17:03:32,421 - INFO - Prev coeffs loss: 0.26058098673820496
2026-04-09 17:03:32,421 - INFO - Encoder smooth loss: 0.21801744401454926
2026-04-09 17:03:32,422 - INFO - Decoder smooth loss: 0.2286391705274582
2026-04-09 17:03:32,422 - INFO - Prev smooth loss: 0.21881254017353058
2026-04-09 17:03:32,422 - INFO - KL loss: 29.01415252685547
2026-04-09 17:03:32,423 - INFO - Total loss: 31.682119369506836
2026-04-09 17:03:32,495 - INFO - Reconstruction loss: 15.009336471557617
2026-04-09 17:03:32,495 - INFO - Encoder coeffs loss: 0.26366865634918213
2026-04-09 17:03:32,497 - INFO - Decoder coeffs loss: 0.26399368047714233
2026-04-09 17:03:32,497 - INFO - Prev coeffs loss: 0.26005619764328003
2026-04-09 17:03:32,497 - INFO - Encoder smooth loss: 0.21767377853393555
2026-04-09 17:03:32,498 - INFO - Decoder smooth loss: 0.228549987077713
2026-04-09 17:03:32,498 - INFO - Prev smooth loss: 0.21836188435554504
2026-04-09 17:03:32,498 - INFO - KL loss: 26.84728240966797
2026-04-09 17:03:32,498 - INFO - Total loss: 29.159130096435547
2026-04-09 17:03:32,567 - INFO - Reconstruction loss: 18.52834129333496
2026-04-09 17:03:32,568 - INFO - Encoder coeffs loss: 0.2637645900249481
2026-04-09 17:03:32,568 - INFO - Decoder coeffs loss: 0.2653772532939911
2026-04-09 17:03:32,569 - INFO - Prev coeffs loss: 0.260153591632843
2026-04-09 17:03:32,569 - INFO - Encoder smooth loss: 0.21784991025924683
2026-04-09 17:03:32,569 - INFO - Decoder smooth loss: 0.22924065589904785
2026-04-09 17:03:32,570 - INFO - Prev smooth loss: 0.21818764507770538
2026-04-09 17:03:32,570 - INFO - KL loss: 31.44061279296875
2026-04-09 17:03:32,570 - INFO - Total loss: 34.97593688964844
2026-04-09 17:03:32,642 - INFO - Reconstruction loss: 15.221230506896973
2026-04-09 17:03:32,643 - INFO - Encoder coeffs loss: 0.26386338472366333
2026-04-09 17:03:32,643 - INFO - Decoder coeffs loss: 0.2651708424091339
2026-04-09 17:03:32,643 - INFO - Prev coeffs loss: 0.2600749433040619
2026-04-09 17:03:32,644 - INFO - Encoder smooth loss: 0.218007430434227
2026-04-09 17:03:32,644 - INFO - Decoder smooth loss: 0.22895583510398865
2026-04-09 17:03:32,644 - INFO - Prev smooth loss: 0.2179460972547531
2026-04-09 17:03:32,645 - INFO - KL loss: 27.36701774597168
2026-04-09 17:03:32,645 - INFO - Total loss: 29.63174819946289
2026-04-09 17:03:32,719 - INFO - Reconstruction loss: 16.573110580444336
2026-04-09 17:03:32,719 - INFO - Encoder coeffs loss: 0.2637706398963928
2026-04-09 17:03:32,720 - INFO - Decoder coeffs loss: 0.26562005281448364
2026-04-09 17:03:32,720 - INFO - Prev coeffs loss: 0.25953811407089233
2026-04-09 17:03:32,720 - INFO - Encoder smooth loss: 0.21784938871860504
2026-04-09 17:03:32,721 - INFO - Decoder smooth loss: 0.2291087657213211
2026-04-09 17:03:32,721 - INFO - Prev smooth loss: 0.21748477220535278
2026-04-09 17:03:32,721 - INFO - KL loss: 29.09792709350586
2026-04-09 17:03:32,721 - INFO - Total loss: 31.8487606048584
2026-04-09 17:03:32,795 - INFO - Reconstruction loss: 14.262505531311035
2026-04-09 17:03:32,795 - INFO - Encoder coeffs loss: 0.2634636461734772
2026-04-09 17:03:32,796 - INFO - Decoder coeffs loss: 0.2647612988948822
2026-04-09 17:03:32,796 - INFO - Prev coeffs loss: 0.258908212184906
2026-04-09 17:03:32,796 - INFO - Encoder smooth loss: 0.2175631821155548
2026-04-09 17:03:32,797 - INFO - Decoder smooth loss: 0.22848331928253174
2026-04-09 17:03:32,797 - INFO - Prev smooth loss: 0.21700014173984528
2026-04-09 17:03:32,797 - INFO - KL loss: 23.983428955078125
2026-04-09 17:03:32,798 - INFO - Total loss: 26.979310989379883
2026-04-09 17:03:32,839 - INFO - Epoch 14/5000
2026-04-09 17:03:32,840 - INFO - Epoch training loss: 244.645414352417
2026-04-09 17:03:32,840 - INFO - -------------------
2026-04-09 17:03:32,867 - INFO - Reconstruction loss: 17.325912475585938
2026-04-09 17:03:32,867 - INFO - Encoder coeffs loss: 0.26382455229759216
2026-04-09 17:03:32,868 - INFO - Decoder coeffs loss: 0.26670095324516296
2026-04-09 17:03:32,868 - INFO - Prev coeffs loss: 0.2590315639972687
2026-04-09 17:03:32,868 - INFO - Encoder smooth loss: 0.21787996590137482
2026-04-09 17:03:32,869 - INFO - Decoder smooth loss: 0.229481041431427
2026-04-09 17:03:32,869 - INFO - Prev smooth loss: 0.2168305218219757
2026-04-09 17:03:32,869 - INFO - KL loss: 29.761837005615234
2026-04-09 17:03:32,870 - INFO - Total loss: 32.93370819091797
2026-04-09 17:03:32,896 - INFO - Reconstruction loss: 15.263627052307129
2026-04-09 17:03:32,897 - INFO - Encoder coeffs loss: 0.26345518231391907
2026-04-09 17:03:32,897 - INFO - Decoder coeffs loss: 0.26572346687316895
2026-04-09 17:03:32,897 - INFO - Prev coeffs loss: 0.2585490643978119
2026-04-09 17:03:32,898 - INFO - Encoder smooth loss: 0.21754752099514008
2026-04-09 17:03:32,898 - INFO - Decoder smooth loss: 0.22893556952476501
2026-04-09 17:03:32,898 - INFO - Prev smooth loss: 0.2166077047586441
2026-04-09 17:03:32,898 - INFO - KL loss: 26.00303077697754
2026-04-09 17:03:32,900 - INFO - Total loss: 28.990550994873047
2026-04-09 17:03:32,900 - INFO - Epoch val loss: 61.924259185791016
2026-04-09 17:03:32,900 - INFO - -------------------
2026-04-09 17:03:32,900 - INFO - Saving model at epoch 14
2026-04-09 17:03:32,900 - INFO - Saving model name: AERCA_nonlinear_ws_5_stride_1_lr_0.0001_epochs_5000_hidden_layer_size_50_num_hidden_layers_8.pt
2026-04-09 17:03:33,001 - INFO - Reconstruction loss: 15.787368774414062
2026-04-09 17:03:33,002 - INFO - Encoder coeffs loss: 0.26373380422592163
2026-04-09 17:03:33,002 - INFO - Decoder coeffs loss: 0.2658793330192566
2026-04-09 17:03:33,002 - INFO - Prev coeffs loss: 0.25888097286224365
2026-04-09 17:03:33,003 - INFO - Encoder smooth loss: 0.21781426668167114
2026-04-09 17:03:33,003 - INFO - Decoder smooth loss: 0.22899195551872253
2026-04-09 17:03:33,003 - INFO - Prev smooth loss: 0.21676665544509888
2026-04-09 17:03:33,004 - INFO - KL loss: 26.746938705444336
2026-04-09 17:03:33,004 - INFO - Total loss: 29.886871337890625
2026-04-09 17:03:33,078 - INFO - Reconstruction loss: 14.760539054870605
2026-04-09 17:03:33,078 - INFO - Encoder coeffs loss: 0.2635945677757263
2026-04-09 17:03:33,079 - INFO - Decoder coeffs loss: 0.2658321261405945
2026-04-09 17:03:33,079 - INFO - Prev coeffs loss: 0.2585092782974243
2026-04-09 17:03:33,079 - INFO - Encoder smooth loss: 0.2176753729581833
2026-04-09 17:03:33,080 - INFO - Decoder smooth loss: 0.2288626730442047
2026-04-09 17:03:33,080 - INFO - Prev smooth loss: 0.2163792997598648
2026-04-09 17:03:33,080 - INFO - KL loss: 25.094032287597656
2026-04-09 17:03:33,081 - INFO - Total loss: 28.032981872558594
2026-04-09 17:03:33,156 - INFO - Reconstruction loss: 15.797367095947266
2026-04-09 17:03:33,157 - INFO - Encoder coeffs loss: 0.26413494348526
2026-04-09 17:03:33,157 - INFO - Decoder coeffs loss: 0.26750731468200684
2026-04-09 17:03:33,157 - INFO - Prev coeffs loss: 0.25900256633758545
2026-04-09 17:03:33,158 - INFO - Encoder smooth loss: 0.21813762187957764
2026-04-09 17:03:33,158 - INFO - Decoder smooth loss: 0.22971096634864807
2026-04-09 17:03:33,158 - INFO - Prev smooth loss: 0.2163628190755844
2026-04-09 17:03:33,158 - INFO - KL loss: 27.38187026977539
2026-04-09 17:03:33,159 - INFO - Total loss: 30.215730667114258
2026-04-09 17:03:33,233 - INFO - Reconstruction loss: 14.39719295501709
2026-04-09 17:03:33,233 - INFO - Encoder coeffs loss: 0.2637207806110382
2026-04-09 17:03:33,234 - INFO - Decoder coeffs loss: 0.2675374448299408
2026-04-09 17:03:33,234 - INFO - Prev coeffs loss: 0.25838997960090637
2026-04-09 17:03:33,234 - INFO - Encoder smooth loss: 0.21767939627170563
2026-04-09 17:03:33,235 - INFO - Decoder smooth loss: 0.2296346127986908
2026-04-09 17:03:33,235 - INFO - Prev smooth loss: 0.21588945388793945
2026-04-09 17:03:33,235 - INFO - KL loss: 25.461397171020508
2026-04-09 17:03:33,235 - INFO - Total loss: 27.85431671142578
2026-04-09 17:03:33,307 - INFO - Reconstruction loss: 17.720396041870117
2026-04-09 17:03:33,307 - INFO - Encoder coeffs loss: 0.2641572952270508
2026-04-09 17:03:33,308 - INFO - Decoder coeffs loss: 0.2693862020969391
2026-04-09 17:03:33,308 - INFO - Prev coeffs loss: 0.25848960876464844
2026-04-09 17:03:33,308 - INFO - Encoder smooth loss: 0.21806351840496063
2026-04-09 17:03:33,310 - INFO - Decoder smooth loss: 0.2305367887020111
2026-04-09 17:03:33,310 - INFO - Prev smooth loss: 0.2156767100095749
2026-04-09 17:03:33,310 - INFO - KL loss: 29.68460464477539
2026-04-09 17:03:33,310 - INFO - Total loss: 33.29085159301758
2026-04-09 17:03:33,383 - INFO - Reconstruction loss: 14.655722618103027
2026-04-09 17:03:33,384 - INFO - Encoder coeffs loss: 0.2645423412322998
2026-04-09 17:03:33,384 - INFO - Decoder coeffs loss: 0.26906973123550415
2026-04-09 17:03:33,385 - INFO - Prev coeffs loss: 0.25839948654174805
2026-04-09 17:03:33,385 - INFO - Encoder smooth loss: 0.21835780143737793
2026-04-09 17:03:33,385 - INFO - Decoder smooth loss: 0.23016446828842163
2026-04-09 17:03:33,385 - INFO - Prev smooth loss: 0.2154151201248169
2026-04-09 17:03:33,385 - INFO - KL loss: 25.869674682617188
2026-04-09 17:03:33,387 - INFO - Total loss: 28.31853485107422
2026-04-09 17:03:33,458 - INFO - Reconstruction loss: 15.910443305969238
2026-04-09 17:03:33,460 - INFO - Encoder coeffs loss: 0.26447439193725586
2026-04-09 17:03:33,460 - INFO - Decoder coeffs loss: 0.26968228816986084
2026-04-09 17:03:33,461 - INFO - Prev coeffs loss: 0.2577725648880005
2026-04-09 17:03:33,461 - INFO - Encoder smooth loss: 0.2182031124830246
2026-04-09 17:03:33,461 - INFO - Decoder smooth loss: 0.2303868681192398
2026-04-09 17:03:33,462 - INFO - Prev smooth loss: 0.21491985023021698
2026-04-09 17:03:33,462 - INFO - KL loss: 27.519956588745117
2026-04-09 17:03:33,462 - INFO - Total loss: 30.39813995361328
2026-04-09 17:03:33,534 - INFO - Reconstruction loss: 13.801621437072754
2026-04-09 17:03:33,534 - INFO - Encoder coeffs loss: 0.26395857334136963
2026-04-09 17:03:33,535 - INFO - Decoder coeffs loss: 0.2685987949371338
2026-04-09 17:03:33,535 - INFO - Prev coeffs loss: 0.257063627243042
2026-04-09 17:03:33,536 - INFO - Encoder smooth loss: 0.21775922179222107
2026-04-09 17:03:33,536 - INFO - Decoder smooth loss: 0.22961677610874176
2026-04-09 17:03:33,536 - INFO - Prev smooth loss: 0.21442149579524994
2026-04-09 17:03:33,537 - INFO - KL loss: 22.797252655029297
2026-04-09 17:03:33,537 - INFO - Total loss: 25.92595672607422
2026-04-09 17:03:33,582 - INFO - Epoch 15/5000
2026-04-09 17:03:33,582 - INFO - Epoch training loss: 233.92338371276855
2026-04-09 17:03:33,582 - INFO - -------------------
2026-04-09 17:03:33,609 - INFO - Reconstruction loss: 16.588966369628906
2026-04-09 17:03:33,609 - INFO - Encoder coeffs loss: 0.26485753059387207
2026-04-09 17:03:33,609 - INFO - Decoder coeffs loss: 0.27113232016563416
2026-04-09 17:03:33,610 - INFO - Prev coeffs loss: 0.2571699023246765
2026-04-09 17:03:33,610 - INFO - Encoder smooth loss: 0.21837279200553894
2026-04-09 17:03:33,610 - INFO - Decoder smooth loss: 0.23088617622852325
2026-04-09 17:03:33,611 - INFO - Prev smooth loss: 0.2142108678817749
2026-04-09 17:03:33,611 - INFO - KL loss: 28.0759334564209
2026-04-09 17:03:33,611 - INFO - Total loss: 31.355247497558594
2026-04-09 17:03:33,636 - INFO - Reconstruction loss: 14.731280326843262
2026-04-09 17:03:33,637 - INFO - Encoder coeffs loss: 0.26414403319358826
2026-04-09 17:03:33,637 - INFO - Decoder coeffs loss: 0.2699180841445923
2026-04-09 17:03:33,637 - INFO - Prev coeffs loss: 0.25665462017059326
2026-04-09 17:03:33,638 - INFO - Encoder smooth loss: 0.21783819794654846
2026-04-09 17:03:33,638 - INFO - Decoder smooth loss: 0.23022475838661194
2026-04-09 17:03:33,638 - INFO - Prev smooth loss: 0.21400389075279236
2026-04-09 17:03:33,638 - INFO - KL loss: 24.686540603637695
2026-04-09 17:03:33,639 - INFO - Total loss: 27.80094337463379
2026-04-09 17:03:33,639 - INFO - Epoch val loss: 59.15619087219238
2026-04-09 17:03:33,639 - INFO - -------------------
2026-04-09 17:03:33,639 - INFO - Saving model at epoch 15
2026-04-09 17:03:33,639 - INFO - Saving model name: AERCA_nonlinear_ws_5_stride_1_lr_0.0001_epochs_5000_hidden_layer_size_50_num_hidden_layers_8.pt
2026-04-09 17:03:33,734 - INFO - Reconstruction loss: 15.205110549926758
2026-04-09 17:03:33,734 - INFO - Encoder coeffs loss: 0.26466017961502075
2026-04-09 17:03:33,734 - INFO - Decoder coeffs loss: 0.27007338404655457
2026-04-09 17:03:33,737 - INFO - Prev coeffs loss: 0.257018506526947
2026-04-09 17:03:33,738 - INFO - Encoder smooth loss: 0.2182530164718628
2026-04-09 17:03:33,738 - INFO - Decoder smooth loss: 0.23027025163173676
2026-04-09 17:03:33,739 - INFO - Prev smooth loss: 0.21415574848651886
2026-04-09 17:03:33,739 - INFO - KL loss: 25.313106536865234
2026-04-09 17:03:33,740 - INFO - Total loss: 28.588878631591797
2026-04-09 17:03:33,812 - INFO - Reconstruction loss: 14.247702598571777
2026-04-09 17:03:33,812 - INFO - Encoder coeffs loss: 0.2645437717437744
2026-04-09 17:03:33,813 - INFO - Decoder coeffs loss: 0.2700290083885193
2026-04-09 17:03:33,813 - INFO - Prev coeffs loss: 0.2565934658050537
2026-04-09 17:03:33,814 - INFO - Encoder smooth loss: 0.21809160709381104
2026-04-09 17:03:33,814 - INFO - Decoder smooth loss: 0.2301049530506134
2026-04-09 17:03:33,814 - INFO - Prev smooth loss: 0.21374428272247314
2026-04-09 17:03:33,814 - INFO - KL loss: 23.830486297607422
2026-04-09 17:03:33,815 - INFO - Total loss: 26.88949966430664
2026-04-09 17:03:33,889 - INFO - Reconstruction loss: 15.159958839416504
2026-04-09 17:03:33,890 - INFO - Encoder coeffs loss: 0.2657622694969177
2026-04-09 17:03:33,890 - INFO - Decoder coeffs loss: 0.27211904525756836
2026-04-09 17:03:33,891 - INFO - Prev coeffs loss: 0.25713637471199036
2026-04-09 17:03:33,891 - INFO - Encoder smooth loss: 0.21894514560699463
2026-04-09 17:03:33,891 - INFO - Decoder smooth loss: 0.23116278648376465
2026-04-09 17:03:33,892 - INFO - Prev smooth loss: 0.21369826793670654
2026-04-09 17:03:33,892 - INFO - KL loss: 25.732219696044922
2026-04-09 17:03:33,892 - INFO - Total loss: 28.75547981262207
2026-04-09 17:03:33,966 - INFO - Reconstruction loss: 13.795865058898926
2026-04-09 17:03:33,967 - INFO - Encoder coeffs loss: 0.26506301760673523
2026-04-09 17:03:33,967 - INFO - Decoder coeffs loss: 0.27227461338043213
2026-04-09 17:03:33,967 - INFO - Prev coeffs loss: 0.25642818212509155
2026-04-09 17:03:33,968 - INFO - Encoder smooth loss: 0.2182791382074356
2026-04-09 17:03:33,968 - INFO - Decoder smooth loss: 0.2311362773180008
2026-04-09 17:03:33,968 - INFO - Prev smooth loss: 0.21320757269859314
2026-04-09 17:03:33,968 - INFO - KL loss: 24.034042358398438
2026-04-09 17:03:33,970 - INFO - Total loss: 26.541080474853516
2026-04-09 17:03:34,044 - INFO - Reconstruction loss: 16.914499282836914
2026-04-09 17:03:34,044 - INFO - Encoder coeffs loss: 0.26608890295028687
2026-04-09 17:03:34,044 - INFO - Decoder coeffs loss: 0.27460989356040955
2026-04-09 17:03:34,045 - INFO - Prev coeffs loss: 0.25650250911712646
2026-04-09 17:03:34,045 - INFO - Encoder smooth loss: 0.21898555755615234
2026-04-09 17:03:34,045 - INFO - Decoder smooth loss: 0.23226571083068848
2026-04-09 17:03:34,046 - INFO - Prev smooth loss: 0.21295753121376038
2026-04-09 17:03:34,046 - INFO - KL loss: 27.89411735534668
2026-04-09 17:03:34,046 - INFO - Total loss: 31.592266082763672
2026-04-09 17:03:34,119 - INFO - Reconstruction loss: 14.122560501098633
2026-04-09 17:03:34,120 - INFO - Encoder coeffs loss: 0.2668796181678772
2026-04-09 17:03:34,120 - INFO - Decoder coeffs loss: 0.2741427719593048
2026-04-09 17:03:34,120 - INFO - Prev coeffs loss: 0.2563851475715637
2026-04-09 17:03:34,121 - INFO - Encoder smooth loss: 0.21948780119419098
2026-04-09 17:03:34,121 - INFO - Decoder smooth loss: 0.23177365958690643
2026-04-09 17:03:34,121 - INFO - Prev smooth loss: 0.21267029643058777
2026-04-09 17:03:34,121 - INFO - KL loss: 24.40570068359375
2026-04-09 17:03:34,121 - INFO - Total loss: 27.056079864501953
2026-04-09 17:03:34,188 - INFO - Reconstruction loss: 15.259973526000977
2026-04-09 17:03:34,188 - INFO - Encoder coeffs loss: 0.2668122351169586
2026-04-09 17:03:34,189 - INFO - Decoder coeffs loss: 0.2749330401420593
2026-04-09 17:03:34,189 - INFO - Prev coeffs loss: 0.25566422939300537
2026-04-09 17:03:34,189 - INFO - Encoder smooth loss: 0.219309464097023
2026-04-09 17:03:34,189 - INFO - Decoder smooth loss: 0.232069730758667
2026-04-09 17:03:34,190 - INFO - Prev smooth loss: 0.21215412020683289
2026-04-09 17:03:34,190 - INFO - KL loss: 25.960071563720703
2026-04-09 17:03:34,191 - INFO - Total loss: 28.97047996520996
2026-04-09 17:03:34,261 - INFO - Reconstruction loss: 13.357881546020508
2026-04-09 17:03:34,262 - INFO - Encoder coeffs loss: 0.26593974232673645
2026-04-09 17:03:34,262 - INFO - Decoder coeffs loss: 0.27361541986465454
2026-04-09 17:03:34,262 - INFO - Prev coeffs loss: 0.25487518310546875
2026-04-09 17:03:34,264 - INFO - Encoder smooth loss: 0.21860790252685547
2026-04-09 17:03:34,264 - INFO - Decoder smooth loss: 0.23113980889320374
2026-04-09 17:03:34,264 - INFO - Prev smooth loss: 0.21164771914482117
2026-04-09 17:03:34,264 - INFO - KL loss: 21.624052047729492
2026-04-09 17:03:34,265 - INFO - Total loss: 24.89781951904297
2026-04-09 17:03:34,309 - INFO - Epoch 16/5000
2026-04-09 17:03:34,309 - INFO - Epoch training loss: 223.29158401489258
2026-04-09 17:03:34,309 - INFO - -------------------
2026-04-09 17:03:34,336 - INFO - Reconstruction loss: 15.866676330566406
2026-04-09 17:03:34,336 - INFO - Encoder coeffs loss: 0.2675885558128357
2026-04-09 17:03:34,337 - INFO - Decoder coeffs loss: 0.2767494320869446
2026-04-09 17:03:34,337 - INFO - Prev coeffs loss: 0.2549333870410919
2026-04-09 17:03:34,337 - INFO - Encoder smooth loss: 0.21964463591575623
2026-04-09 17:03:34,337 - INFO - Decoder smooth loss: 0.23267440497875214
2026-04-09 17:03:34,338 - INFO - Prev smooth loss: 0.21139514446258545
2026-04-09 17:03:34,338 - INFO - KL loss: 26.415462493896484
2026-04-09 17:03:34,338 - INFO - Total loss: 29.80590057373047
2026-04-09 17:03:34,371 - INFO - Reconstruction loss: 14.217520713806152
2026-04-09 17:03:34,372 - INFO - Encoder coeffs loss: 0.26638370752334595
2026-04-09 17:03:34,372 - INFO - Decoder coeffs loss: 0.2753317356109619
2026-04-09 17:03:34,372 - INFO - Prev coeffs loss: 0.2543945908546448
2026-04-09 17:03:34,373 - INFO - Encoder smooth loss: 0.2188185453414917
2026-04-09 17:03:34,373 - INFO - Decoder smooth loss: 0.23193003237247467
2026-04-09 17:03:34,374 - INFO - Prev smooth loss: 0.21120458841323853
2026-04-09 17:03:34,374 - INFO - KL loss: 23.36951446533203
2026-04-09 17:03:34,374 - INFO - Total loss: 26.631309509277344
2026-04-09 17:03:34,374 - INFO - Epoch val loss: 56.43721008300781
2026-04-09 17:03:34,375 - INFO - -------------------
2026-04-09 17:03:34,375 - INFO - Saving model at epoch 16
2026-04-09 17:03:34,375 - INFO - Saving model name: AERCA_nonlinear_ws_5_stride_1_lr_0.0001_epochs_5000_hidden_layer_size_50_num_hidden_layers_8.pt
2026-04-09 17:03:34,474 - INFO - Reconstruction loss: 14.650566101074219
2026-04-09 17:03:34,475 - INFO - Encoder coeffs loss: 0.2672586143016815
2026-04-09 17:03:34,475 - INFO - Decoder coeffs loss: 0.2754325270652771
2026-04-09 17:03:34,476 - INFO - Prev coeffs loss: 0.2547829747200012
2026-04-09 17:03:34,476 - INFO - Encoder smooth loss: 0.2194463014602661
2026-04-09 17:03:34,477 - INFO - Decoder smooth loss: 0.23193472623825073
2026-04-09 17:03:34,477 - INFO - Prev smooth loss: 0.21134896576404572
2026-04-09 17:03:34,477 - INFO - KL loss: 23.940261840820312
2026-04-09 17:03:34,477 - INFO - Total loss: 27.350799560546875
2026-04-09 17:03:34,550 - INFO - Reconstruction loss: 13.752720832824707
2026-04-09 17:03:34,551 - INFO - Encoder coeffs loss: 0.2671254277229309
2026-04-09 17:03:34,551 - INFO - Decoder coeffs loss: 0.2753913998603821
2026-04-09 17:03:34,552 - INFO - Prev coeffs loss: 0.2543032169342041
2026-04-09 17:03:34,552 - INFO - Encoder smooth loss: 0.21923503279685974
2026-04-09 17:03:34,552 - INFO - Decoder smooth loss: 0.23174096643924713
2026-04-09 17:03:34,552 - INFO - Prev smooth loss: 0.21091881394386292
2026-04-09 17:03:34,554 - INFO - KL loss: 22.614517211914062
2026-04-09 17:03:34,554 - INFO - Total loss: 25.789337158203125
2026-04-09 17:03:34,626 - INFO - Reconstruction loss: 14.548501014709473
2026-04-09 17:03:34,626 - INFO - Encoder coeffs loss: 0.26922786235809326
2026-04-09 17:03:34,628 - INFO - Decoder coeffs loss: 0.2777964472770691
2026-04-09 17:03:34,628 - INFO - Prev coeffs loss: 0.25484007596969604
2026-04-09 17:03:34,628 - INFO - Encoder smooth loss: 0.22061872482299805
2026-04-09 17:03:34,629 - INFO - Decoder smooth loss: 0.23295924067497253
2026-04-09 17:03:34,629 - INFO - Prev smooth loss: 0.21083757281303406
2026-04-09 17:03:34,629 - INFO - KL loss: 24.177597045898438
2026-04-09 17:03:34,630 - INFO - Total loss: 27.370439529418945
2026-04-09 17:03:34,702 - INFO - Reconstruction loss: 13.221540451049805
2026-04-09 17:03:34,703 - INFO - Encoder coeffs loss: 0.2680853605270386
2026-04-09 17:03:34,703 - INFO - Decoder coeffs loss: 0.2780798375606537
2026-04-09 17:03:34,703 - INFO - Prev coeffs loss: 0.2540523409843445
2026-04-09 17:03:34,704 - INFO - Encoder smooth loss: 0.21964490413665771
2026-04-09 17:03:34,704 - INFO - Decoder smooth loss: 0.23299425840377808
2026-04-09 17:03:34,704 - INFO - Prev smooth loss: 0.2103358656167984
2026-04-09 17:03:34,705 - INFO - KL loss: 22.65445327758789
2026-04-09 17:03:34,705 - INFO - Total loss: 25.280363082885742
2026-04-09 17:03:34,781 - INFO - Reconstruction loss: 16.125682830810547
2026-04-09 17:03:34,781 - INFO - Encoder coeffs loss: 0.26983314752578735
2026-04-09 17:03:34,782 - INFO - Decoder coeffs loss: 0.2809126377105713
2026-04-09 17:03:34,782 - INFO - Prev coeffs loss: 0.2540864646434784
2026-04-09 17:03:34,782 - INFO - Encoder smooth loss: 0.22076289355754852
2026-04-09 17:03:34,783 - INFO - Decoder smooth loss: 0.23432935774326324
2026-04-09 17:03:34,783 - INFO - Prev smooth loss: 0.2100559026002884
2026-04-09 17:03:34,783 - INFO - KL loss: 26.191452026367188
2026-04-09 17:03:34,784 - INFO - Total loss: 29.95639991760254
2026-04-09 17:03:34,854 - INFO - Reconstruction loss: 13.627037048339844
2026-04-09 17:03:34,855 - INFO - Encoder coeffs loss: 0.27105385065078735
2026-04-09 17:03:34,855 - INFO - Decoder coeffs loss: 0.28023797273635864
2026-04-09 17:03:34,855 - INFO - Prev coeffs loss: 0.25393038988113403
2026-04-09 17:03:34,856 - INFO - Encoder smooth loss: 0.22151070833206177
2026-04-09 17:03:34,856 - INFO - Decoder smooth loss: 0.23366519808769226
2026-04-09 17:03:34,856 - INFO - Prev smooth loss: 0.20974132418632507
2026-04-09 17:03:34,857 - INFO - KL loss: 23.08847999572754
2026-04-09 17:03:34,857 - INFO - Total loss: 25.90634536743164
2026-04-09 17:03:34,929 - INFO - Reconstruction loss: 14.645950317382812
2026-04-09 17:03:34,929 - INFO - Encoder coeffs loss: 0.2708883285522461
2026-04-09 17:03:34,930 - INFO - Decoder coeffs loss: 0.2812359929084778
2026-04-09 17:03:34,930 - INFO - Prev coeffs loss: 0.2531372010707855
2026-04-09 17:03:34,930 - INFO - Encoder smooth loss: 0.2212572991847992
2026-04-09 17:03:34,931 - INFO - Decoder smooth loss: 0.23402756452560425
2026-04-09 17:03:34,931 - INFO - Prev smooth loss: 0.2092134803533554
2026-04-09 17:03:34,931 - INFO - KL loss: 24.56147575378418
2026-04-09 17:03:34,931 - INFO - Total loss: 27.66156768798828
2026-04-09 17:03:35,004 - INFO - Reconstruction loss: 12.940590858459473
2026-04-09 17:03:35,004 - INFO - Encoder coeffs loss: 0.2694554328918457
2026-04-09 17:03:35,005 - INFO - Decoder coeffs loss: 0.2796589136123657
2026-04-09 17:03:35,005 - INFO - Prev coeffs loss: 0.25228625535964966
2026-04-09 17:03:35,005 - INFO - Encoder smooth loss: 0.22017712891101837
2026-04-09 17:03:35,006 - INFO - Decoder smooth loss: 0.2329382300376892
2026-04-09 17:03:35,006 - INFO - Prev smooth loss: 0.2086990475654602
2026-04-09 17:03:35,006 - INFO - KL loss: 20.582603454589844
2026-04-09 17:03:35,006 - INFO - Total loss: 23.963499069213867
2026-04-09 17:03:35,053 - INFO - Epoch 17/5000
2026-04-09 17:03:35,053 - INFO - Epoch training loss: 213.27875137329102
2026-04-09 17:03:35,053 - INFO - -------------------
2026-04-09 17:03:35,079 - INFO - Reconstruction loss: 15.197850227355957
2026-04-09 17:03:35,080 - INFO - Encoder coeffs loss: 0.271918922662735
2026-04-09 17:03:35,080 - INFO - Decoder coeffs loss: 0.28341689705848694
2026-04-09 17:03:35,080 - INFO - Prev coeffs loss: 0.2522857189178467
2026-04-09 17:03:35,080 - INFO - Encoder smooth loss: 0.22172324359416962
2026-04-09 17:03:35,081 - INFO - Decoder smooth loss: 0.234693244099617
2026-04-09 17:03:35,081 - INFO - Prev smooth loss: 0.20840856432914734
2026-04-09 17:03:35,081 - INFO - KL loss: 24.969036102294922
2026-04-09 17:03:35,082 - INFO - Total loss: 28.418590545654297
2026-04-09 17:03:35,107 - INFO - Reconstruction loss: 13.739348411560059
2026-04-09 17:03:35,107 - INFO - Encoder coeffs loss: 0.2700968384742737
2026-04-09 17:03:35,107 - INFO - Decoder coeffs loss: 0.2818114459514618
2026-04-09 17:03:35,108 - INFO - Prev coeffs loss: 0.251745343208313
2026-04-09 17:03:35,108 - INFO - Encoder smooth loss: 0.22051222622394562
2026-04-09 17:03:35,108 - INFO - Decoder smooth loss: 0.23389482498168945
2026-04-09 17:03:35,108 - INFO - Prev smooth loss: 0.20823197066783905
2026-04-09 17:03:35,108 - INFO - KL loss: 22.192720413208008
2026-04-09 17:03:35,109 - INFO - Total loss: 25.56885528564453
2026-04-09 17:03:35,109 - INFO - Epoch val loss: 53.98744583129883
2026-04-09 17:03:35,109 - INFO - -------------------
2026-04-09 17:03:35,109 - INFO - Saving model at epoch 17
2026-04-09 17:03:35,109 - INFO - Saving model name: AERCA_nonlinear_ws_5_stride_1_lr_0.0001_epochs_5000_hidden_layer_size_50_num_hidden_layers_8.pt
2026-04-09 17:03:35,202 - INFO - Reconstruction loss: 14.145923614501953
2026-04-09 17:03:35,202 - INFO - Encoder coeffs loss: 0.2714069187641144
2026-04-09 17:03:35,203 - INFO - Decoder coeffs loss: 0.2818586230278015
2026-04-09 17:03:35,203 - INFO - Prev coeffs loss: 0.25213193893432617
2026-04-09 17:03:35,203 - INFO - Encoder smooth loss: 0.22141040861606598
2026-04-09 17:03:35,204 - INFO - Decoder smooth loss: 0.23384346067905426
2026-04-09 17:03:35,204 - INFO - Prev smooth loss: 0.20836560428142548
2026-04-09 17:03:35,204 - INFO - KL loss: 22.78058433532715
2026-04-09 17:03:35,204 - INFO - Total loss: 26.27072525024414
2026-04-09 17:03:35,276 - INFO - Reconstruction loss: 13.289684295654297
2026-04-09 17:03:35,276 - INFO - Encoder coeffs loss: 0.27110379934310913
2026-04-09 17:03:35,278 - INFO - Decoder coeffs loss: 0.2817930579185486
2026-04-09 17:03:35,278 - INFO - Prev coeffs loss: 0.25160396099090576
2026-04-09 17:03:35,278 - INFO - Encoder smooth loss: 0.22109197080135345
2026-04-09 17:03:35,279 - INFO - Decoder smooth loss: 0.23359458148479462
2026-04-09 17:03:35,279 - INFO - Prev smooth loss: 0.20791330933570862
2026-04-09 17:03:35,279 - INFO - KL loss: 21.570371627807617
2026-04-09 17:03:35,279 - INFO - Total loss: 24.808420181274414
2026-04-09 17:03:35,350 - INFO - Reconstruction loss: 13.987310409545898
2026-04-09 17:03:35,351 - INFO - Encoder coeffs loss: 0.2741299569606781
2026-04-09 17:03:35,351 - INFO - Decoder coeffs loss: 0.2844198942184448
2026-04-09 17:03:35,352 - INFO - Prev coeffs loss: 0.2521173357963562
2026-04-09 17:03:35,352 - INFO - Encoder smooth loss: 0.22306007146835327
2026-04-09 17:03:35,352 - INFO - Decoder smooth loss: 0.2348880022764206
2026-04-09 17:03:35,352 - INFO - Prev smooth loss: 0.20778964459896088
2026-04-09 17:03:35,352 - INFO - KL loss: 22.91996955871582
2026-04-09 17:03:35,353 - INFO - Total loss: 26.185497283935547
2026-04-09 17:03:35,422 - INFO - Reconstruction loss: 12.70676040649414
2026-04-09 17:03:35,422 - INFO - Encoder coeffs loss: 0.2722759544849396
2026-04-09 17:03:35,424 - INFO - Decoder coeffs loss: 0.28481170535087585
2026-04-09 17:03:35,424 - INFO - Prev coeffs loss: 0.251260906457901
2026-04-09 17:03:35,424 - INFO - Encoder smooth loss: 0.2216375470161438
2026-04-09 17:03:35,425 - INFO - Decoder smooth loss: 0.23495949804782867
2026-04-09 17:03:35,425 - INFO - Prev smooth loss: 0.2072744518518448
2026-04-09 17:03:35,425 - INFO - KL loss: 21.491085052490234
2026-04-09 17:03:35,425 - INFO - Total loss: 24.188411712646484
2026-04-09 17:03:35,484 - INFO - Reconstruction loss: 15.396936416625977
2026-04-09 17:03:35,484 - INFO - Encoder coeffs loss: 0.2746741771697998
2026-04-09 17:03:35,485 - INFO - Decoder coeffs loss: 0.2881563603878021
2026-04-09 17:03:35,485 - INFO - Prev coeffs loss: 0.25125211477279663
2026-04-09 17:03:35,486 - INFO - Encoder smooth loss: 0.22315986454486847
2026-04-09 17:03:35,486 - INFO - Decoder smooth loss: 0.23643824458122253
2026-04-09 17:03:35,486 - INFO - Prev smooth loss: 0.2069670706987381
2026-04-09 17:03:35,486 - INFO - KL loss: 24.77260971069336
2026-04-09 17:03:35,487 - INFO - Total loss: 28.5235652923584
2026-04-09 17:03:35,559 - INFO - Reconstruction loss: 13.18213939666748
2026-04-09 17:03:35,559 - INFO - Encoder coeffs loss: 0.2761629819869995
2026-04-09 17:03:35,561 - INFO - Decoder coeffs loss: 0.2872292399406433
2026-04-09 17:03:35,561 - INFO - Prev coeffs loss: 0.2510383427143097
2026-04-09 17:03:35,561 - INFO - Encoder smooth loss: 0.22407743334770203
2026-04-09 17:03:35,562 - INFO - Decoder smooth loss: 0.23554837703704834
2026-04-09 17:03:35,562 - INFO - Prev smooth loss: 0.20661601424217224
2026-04-09 17:03:35,562 - INFO - KL loss: 22.044105529785156
2026-04-09 17:03:35,563 - INFO - Total loss: 24.94452667236328
2026-04-09 17:03:35,634 - INFO - Reconstruction loss: 14.093758583068848
2026-04-09 17:03:35,634 - INFO - Encoder coeffs loss: 0.27567774057388306
2026-04-09 17:03:35,635 - INFO - Decoder coeffs loss: 0.2884067893028259
2026-04-09 17:03:35,635 - INFO - Prev coeffs loss: 0.25020697712898254
2026-04-09 17:03:35,635 - INFO - Encoder smooth loss: 0.22360847890377045
2026-04-09 17:03:35,636 - INFO - Decoder smooth loss: 0.23594525456428528
2026-04-09 17:03:35,636 - INFO - Prev smooth loss: 0.20608702301979065
2026-04-09 17:03:35,636 - INFO - KL loss: 23.44346809387207
2026-04-09 17:03:35,636 - INFO - Total loss: 26.555458068847656
2026-04-09 17:03:35,709 - INFO - Reconstruction loss: 12.551634788513184
2026-04-09 17:03:35,709 - INFO - Encoder coeffs loss: 0.27346572279930115
2026-04-09 17:03:35,709 - INFO - Decoder coeffs loss: 0.28651565313339233
2026-04-09 17:03:35,710 - INFO - Prev coeffs loss: 0.24929964542388916
2026-04-09 17:03:35,710 - INFO - Encoder smooth loss: 0.22199486196041107
2026-04-09 17:03:35,710 - INFO - Decoder smooth loss: 0.2346174567937851
2026-04-09 17:03:35,711 - INFO - Prev smooth loss: 0.20555713772773743
2026-04-09 17:03:35,711 - INFO - KL loss: 19.743642807006836
2026-04-09 17:03:35,711 - INFO - Total loss: 23.159181594848633
2026-04-09 17:03:35,756 - INFO - Epoch 18/5000
2026-04-09 17:03:35,756 - INFO - Epoch training loss: 204.63578605651855
2026-04-09 17:03:35,757 - INFO - -------------------
2026-04-09 17:03:35,782 - INFO - Reconstruction loss: 14.603970527648926
2026-04-09 17:03:35,782 - INFO - Encoder coeffs loss: 0.2765229642391205
2026-04-09 17:03:35,783 - INFO - Decoder coeffs loss: 0.29091858863830566
2026-04-09 17:03:35,783 - INFO - Prev coeffs loss: 0.24925526976585388
2026-04-09 17:03:35,783 - INFO - Encoder smooth loss: 0.22392383217811584
2026-04-09 17:03:35,784 - INFO - Decoder smooth loss: 0.23659056425094604
2026-04-09 17:03:35,784 - INFO - Prev smooth loss: 0.20524947345256805
2026-04-09 17:03:35,784 - INFO - KL loss: 23.824098587036133
2026-04-09 17:03:35,784 - INFO - Total loss: 27.257251739501953
2026-04-09 17:03:35,810 - INFO - Reconstruction loss: 13.297919273376465
2026-04-09 17:03:35,811 - INFO - Encoder coeffs loss: 0.2741311192512512
2026-04-09 17:03:35,811 - INFO - Decoder coeffs loss: 0.2891015410423279
2026-04-09 17:03:35,811 - INFO - Prev coeffs loss: 0.24873870611190796
2026-04-09 17:03:35,812 - INFO - Encoder smooth loss: 0.2223471850156784
2026-04-09 17:03:35,812 - INFO - Decoder smooth loss: 0.23572438955307007
2026-04-09 17:03:35,812 - INFO - Prev smooth loss: 0.20508311688899994
2026-04-09 17:03:35,812 - INFO - KL loss: 21.22081184387207
2026-04-09 17:03:35,812 - INFO - Total loss: 24.645889282226562
2026-04-09 17:03:35,812 - INFO - Epoch val loss: 51.903141021728516
2026-04-09 17:03:35,814 - INFO - -------------------
2026-04-09 17:03:35,814 - INFO - Saving model at epoch 18
2026-04-09 17:03:35,814 - INFO - Saving model name: AERCA_nonlinear_ws_5_stride_1_lr_0.0001_epochs_5000_hidden_layer_size_50_num_hidden_layers_8.pt
2026-04-09 17:03:35,906 - INFO - Reconstruction loss: 13.695605278015137
2026-04-09 17:03:35,907 - INFO - Encoder coeffs loss: 0.2758391499519348
2026-04-09 17:03:35,907 - INFO - Decoder coeffs loss: 0.2891520857810974
2026-04-09 17:03:35,908 - INFO - Prev coeffs loss: 0.24909526109695435
2026-04-09 17:03:35,908 - INFO - Encoder smooth loss: 0.22349870204925537
2026-04-09 17:03:35,908 - INFO - Decoder smooth loss: 0.23564957082271576
2026-04-09 17:03:35,909 - INFO - Prev smooth loss: 0.2052028626203537
2026-04-09 17:03:35,909 - INFO - KL loss: 21.901281356811523
2026-04-09 17:03:35,909 - INFO - Total loss: 25.385465621948242
2026-04-09 17:03:35,984 - INFO - Reconstruction loss: 12.863289833068848
2026-04-09 17:03:35,985 - INFO - Encoder coeffs loss: 0.27518242597579956
2026-04-09 17:03:35,985 - INFO - Decoder coeffs loss: 0.28898492455482483
2026-04-09 17:03:35,986 - INFO - Prev coeffs loss: 0.24853111803531647
2026-04-09 17:03:35,986 - INFO - Encoder smooth loss: 0.22293518483638763
2026-04-09 17:03:35,986 - INFO - Decoder smooth loss: 0.23527660965919495
2026-04-09 17:03:35,987 - INFO - Prev smooth loss: 0.20473483204841614
2026-04-09 17:03:35,987 - INFO - KL loss: 20.740787506103516
2026-04-09 17:03:35,987 - INFO - Total loss: 23.971506118774414
2026-04-09 17:03:36,060 - INFO - Reconstruction loss: 13.472526550292969
2026-04-09 17:03:36,061 - INFO - Encoder coeffs loss: 0.2788045406341553
2026-04-09 17:03:36,061 - INFO - Decoder coeffs loss: 0.2917323112487793
2026-04-09 17:03:36,061 - INFO - Prev coeffs loss: 0.24902139604091644
2026-04-09 17:03:36,062 - INFO - Encoder smooth loss: 0.22526369988918304
2026-04-09 17:03:36,062 - INFO - Decoder smooth loss: 0.23661185801029205
2026-04-09 17:03:36,062 - INFO - Prev smooth loss: 0.20457716286182404
2026-04-09 17:03:36,062 - INFO - KL loss: 21.94232749938965
2026-04-09 17:03:36,063 - INFO - Total loss: 25.186695098876953
2026-04-09 17:03:36,131 - INFO - Reconstruction loss: 12.246997833251953
2026-04-09 17:03:36,132 - INFO - Encoder coeffs loss: 0.276091605424881
2026-04-09 17:03:36,132 - INFO - Decoder coeffs loss: 0.29213765263557434
2026-04-09 17:03:36,133 - INFO - Prev coeffs loss: 0.2481241673231125
2026-04-09 17:03:36,133 - INFO - Encoder smooth loss: 0.2232871800661087
2026-04-09 17:03:36,133 - INFO - Decoder smooth loss: 0.23665569722652435
2026-04-09 17:03:36,134 - INFO - Prev smooth loss: 0.2040676325559616
2026-04-09 17:03:36,134 - INFO - KL loss: 20.561386108398438
2026-04-09 17:03:36,134 - INFO - Total loss: 23.267873764038086
2026-04-09 17:03:36,203 - INFO - Reconstruction loss: 14.723050117492676
2026-04-09 17:03:36,203 - INFO - Encoder coeffs loss: 0.278812050819397
2026-04-09 17:03:36,204 - INFO - Decoder coeffs loss: 0.29594823718070984
2026-04-09 17:03:36,204 - INFO - Prev coeffs loss: 0.2481033205986023
2026-04-09 17:03:36,205 - INFO - Encoder smooth loss: 0.22497518360614777
2026-04-09 17:03:36,205 - INFO - Decoder smooth loss: 0.23825451731681824
2026-04-09 17:03:36,205 - INFO - Prev smooth loss: 0.20374754071235657
2026-04-09 17:03:36,205 - INFO - KL loss: 23.600753784179688
2026-04-09 17:03:36,206 - INFO - Total loss: 27.268348693847656
2026-04-09 17:03:36,280 - INFO - Reconstruction loss: 12.765177726745605
2026-04-09 17:03:36,280 - INFO - Encoder coeffs loss: 0.28027671575546265
2026-04-09 17:03:36,280 - INFO - Decoder coeffs loss: 0.29477933049201965
2026-04-09 17:03:36,281 - INFO - Prev coeffs loss: 0.24783959984779358
2026-04-09 17:03:36,281 - INFO - Encoder smooth loss: 0.22582761943340302
2026-04-09 17:03:36,281 - INFO - Decoder smooth loss: 0.2371213436126709
2026-04-09 17:03:36,282 - INFO - Prev smooth loss: 0.20336152613162994
2026-04-09 17:03:36,282 - INFO - KL loss: 21.191818237304688
2026-04-09 17:03:36,282 - INFO - Total loss: 24.105690002441406
2026-04-09 17:03:36,353 - INFO - Reconstruction loss: 13.59357738494873
2026-04-09 17:03:36,353 - INFO - Encoder coeffs loss: 0.2793304920196533
2026-04-09 17:03:36,354 - INFO - Decoder coeffs loss: 0.2961333990097046
2026-04-09 17:03:36,354 - INFO - Prev coeffs loss: 0.24703559279441833
2026-04-09 17:03:36,354 - INFO - Encoder smooth loss: 0.2250487208366394
2026-04-09 17:03:36,354 - INFO - Decoder smooth loss: 0.23758181929588318
2026-04-09 17:03:36,355 - INFO - Prev smooth loss: 0.20285218954086304
2026-04-09 17:03:36,355 - INFO - KL loss: 22.5115966796875
2026-04-09 17:03:36,355 - INFO - Total loss: 25.593366622924805
2026-04-09 17:03:36,426 - INFO - Reconstruction loss: 12.178534507751465
2026-04-09 17:03:36,427 - INFO - Encoder coeffs loss: 0.2764003574848175
2026-04-09 17:03:36,427 - INFO - Decoder coeffs loss: 0.2937539517879486
2026-04-09 17:03:36,428 - INFO - Prev coeffs loss: 0.2460605800151825
2026-04-09 17:03:36,428 - INFO - Encoder smooth loss: 0.22293181717395782
2026-04-09 17:03:36,428 - INFO - Decoder smooth loss: 0.235877126455307
2026-04-09 17:03:36,429 - INFO - Prev smooth loss: 0.20230594277381897
2026-04-09 17:03:36,429 - INFO - KL loss: 19.039703369140625
2026-04-09 17:03:36,429 - INFO - Total loss: 22.437049865722656
2026-04-09 17:03:36,472 - INFO - Epoch 19/5000
2026-04-09 17:03:36,472 - INFO - Epoch training loss: 197.21599578857422
2026-04-09 17:03:36,472 - INFO - -------------------
2026-04-09 17:03:36,499 - INFO - Reconstruction loss: 14.076834678649902
2026-04-09 17:03:36,500 - INFO - Encoder coeffs loss: 0.27963683009147644
2026-04-09 17:03:36,500 - INFO - Decoder coeffs loss: 0.29901158809661865
2026-04-09 17:03:36,500 - INFO - Prev coeffs loss: 0.24605177342891693
2026-04-09 17:03:36,501 - INFO - Encoder smooth loss: 0.22493502497673035
2026-04-09 17:03:36,501 - INFO - Decoder smooth loss: 0.2382480949163437
2026-04-09 17:03:36,501 - INFO - Prev smooth loss: 0.20199766755104065
2026-04-09 17:03:36,501 - INFO - KL loss: 22.886310577392578
2026-04-09 17:03:36,502 - INFO - Total loss: 26.264930725097656
2026-04-09 17:03:36,528 - INFO - Reconstruction loss: 12.879599571228027
2026-04-09 17:03:36,528 - INFO - Encoder coeffs loss: 0.2769395112991333
2026-04-09 17:03:36,528 - INFO - Decoder coeffs loss: 0.29680901765823364
2026-04-09 17:03:36,529 - INFO - Prev coeffs loss: 0.24552515149116516
2026-04-09 17:03:36,529 - INFO - Encoder smooth loss: 0.22316880524158478
2026-04-09 17:03:36,529 - INFO - Decoder smooth loss: 0.23717686533927917
2026-04-09 17:03:36,530 - INFO - Prev smooth loss: 0.20183789730072021
2026-04-09 17:03:36,530 - INFO - KL loss: 20.386383056640625
2026-04-09 17:03:36,530 - INFO - Total loss: 23.813518524169922
2026-04-09 17:03:36,530 - INFO - Epoch val loss: 50.07844924926758
2026-04-09 17:03:36,531 - INFO - -------------------
2026-04-09 17:03:36,531 - INFO - Saving model at epoch 19
2026-04-09 17:03:36,531 - INFO - Saving model name: AERCA_nonlinear_ws_5_stride_1_lr_0.0001_epochs_5000_hidden_layer_size_50_num_hidden_layers_8.pt
2026-04-09 17:03:37,007 - INFO - Reconstruction loss: 13.28096866607666
2026-04-09 17:03:37,007 - INFO - Encoder coeffs loss: 0.2788616418838501
2026-04-09 17:03:37,008 - INFO - Decoder coeffs loss: 0.29700687527656555
2026-04-09 17:03:37,008 - INFO - Prev coeffs loss: 0.24586425721645355
2026-04-09 17:03:37,008 - INFO - Encoder smooth loss: 0.22444945573806763
2026-04-09 17:03:37,009 - INFO - Decoder smooth loss: 0.23720014095306396
2026-04-09 17:03:37,009 - INFO - Prev smooth loss: 0.20194073021411896
2026-04-09 17:03:37,009 - INFO - KL loss: 21.17643165588379
2026-04-09 17:03:37,009 - INFO - Total loss: 24.611846923828125
2026-04-09 17:03:37,080 - INFO - Reconstruction loss: 12.463691711425781
2026-04-09 17:03:37,081 - INFO - Encoder coeffs loss: 0.27781015634536743
2026-04-09 17:03:37,081 - INFO - Decoder coeffs loss: 0.29663169384002686
2026-04-09 17:03:37,081 - INFO - Prev coeffs loss: 0.24528060853481293
2026-04-09 17:03:37,082 - INFO - Encoder smooth loss: 0.22360429167747498
2026-04-09 17:03:37,082 - INFO - Decoder smooth loss: 0.23662099242210388
2026-04-09 17:03:37,082 - INFO - Prev smooth loss: 0.20146238803863525
2026-04-09 17:03:37,083 - INFO - KL loss: 20.015586853027344
2026-04-09 17:03:37,083 - INFO - Total loss: 23.212190628051758
2026-04-09 17:03:37,151 - INFO - Reconstruction loss: 12.996123313903809
2026-04-09 17:03:37,151 - INFO - Encoder coeffs loss: 0.2815167307853699
2026-04-09 17:03:37,152 - INFO - Decoder coeffs loss: 0.2995770573616028
2026-04-09 17:03:37,152 - INFO - Prev coeffs loss: 0.2458077073097229
2026-04-09 17:03:37,152 - INFO - Encoder smooth loss: 0.22593852877616882
2026-04-09 17:03:37,153 - INFO - Decoder smooth loss: 0.2381306141614914
2026-04-09 17:03:37,153 - INFO - Prev smooth loss: 0.20128047466278076
2026-04-09 17:03:37,153 - INFO - KL loss: 21.07711410522461
2026-04-09 17:03:37,154 - INFO - Total loss: 24.280807495117188
2026-04-09 17:03:37,218 - INFO - Reconstruction loss: 11.830053329467773
2026-04-09 17:03:37,218 - INFO - Encoder coeffs loss: 0.2781527042388916
2026-04-09 17:03:37,218 - INFO - Decoder coeffs loss: 0.2998408079147339
2026-04-09 17:03:37,219 - INFO - Prev coeffs loss: 0.24488696455955505
2026-04-09 17:03:37,219 - INFO - Encoder smooth loss: 0.22356043756008148
2026-04-09 17:03:37,220 - INFO - Decoder smooth loss: 0.23804976046085358
2026-04-09 17:03:37,220 - INFO - Prev smooth loss: 0.20078419148921967
2026-04-09 17:03:37,220 - INFO - KL loss: 19.78097152709961
2026-04-09 17:03:37,221 - INFO - Total loss: 22.463176727294922
2026-04-09 17:03:37,287 - INFO - Reconstruction loss: 14.103792190551758
2026-04-09 17:03:37,288 - INFO - Encoder coeffs loss: 0.2809270918369293
2026-04-09 17:03:37,288 - INFO - Decoder coeffs loss: 0.3043355345726013
2026-04-09 17:03:37,288 - INFO - Prev coeffs loss: 0.2449091672897339
2026-04-09 17:03:37,289 - INFO - Encoder smooth loss: 0.22521603107452393
2026-04-09 17:03:37,289 - INFO - Decoder smooth loss: 0.23994256556034088
2026-04-09 17:03:37,289 - INFO - Prev smooth loss: 0.20045816898345947
2026-04-09 17:03:37,289 - INFO - KL loss: 22.576690673828125
2026-04-09 17:03:37,290 - INFO - Total loss: 26.140031814575195
2026-04-09 17:03:37,352 - INFO - Reconstruction loss: 12.366983413696289
2026-04-09 17:03:37,353 - INFO - Encoder coeffs loss: 0.2821999490261078
2026-04-09 17:03:37,353 - INFO - Decoder coeffs loss: 0.3028814196586609
2026-04-09 17:03:37,354 - INFO - Prev coeffs loss: 0.24463042616844177
2026-04-09 17:03:37,354 - INFO - Encoder smooth loss: 0.2258950173854828
2026-04-09 17:03:37,354 - INFO - Decoder smooth loss: 0.2385576069355011
2026-04-09 17:03:37,355 - INFO - Prev smooth loss: 0.20004414021968842
2026-04-09 17:03:37,355 - INFO - KL loss: 20.382904052734375
2026-04-09 17:03:37,355 - INFO - Total loss: 23.305540084838867
2026-04-09 17:03:37,428 - INFO - Reconstruction loss: 13.136144638061523
2026-04-09 17:03:37,429 - INFO - Encoder coeffs loss: 0.2809673547744751
2026-04-09 17:03:37,429 - INFO - Decoder coeffs loss: 0.3045140504837036
2026-04-09 17:03:37,430 - INFO - Prev coeffs loss: 0.24384447932243347
2026-04-09 17:03:37,430 - INFO - Encoder smooth loss: 0.22495795786380768
2026-04-09 17:03:37,430 - INFO - Decoder smooth loss: 0.23921772837638855
2026-04-09 17:03:37,431 - INFO - Prev smooth loss: 0.1995585560798645
2026-04-09 17:03:37,431 - INFO - KL loss: 21.66106414794922
2026-04-09 17:03:37,431 - INFO - Total loss: 24.713207244873047
2026-04-09 17:03:37,499 - INFO - Reconstruction loss: 11.812335014343262
2026-04-09 17:03:37,500 - INFO - Encoder coeffs loss: 0.2776377201080322
2026-04-09 17:03:37,500 - INFO - Decoder coeffs loss: 0.30150681734085083
2026-04-09 17:03:37,500 - INFO - Prev coeffs loss: 0.24283160269260406
2026-04-09 17:03:37,501 - INFO - Encoder smooth loss: 0.22259798645973206
2026-04-09 17:03:37,501 - INFO - Decoder smooth loss: 0.23699001967906952
2026-04-09 17:03:37,501 - INFO - Prev smooth loss: 0.19900892674922943
2026-04-09 17:03:37,501 - INFO - KL loss: 18.382566452026367
2026-04-09 17:03:37,502 - INFO - Total loss: 21.74390411376953
2026-04-09 17:03:37,545 - INFO - Epoch 20/5000
2026-04-09 17:03:37,545 - INFO - Epoch training loss: 190.47070503234863
2026-04-09 17:03:37,546 - INFO - -------------------
2026-04-09 17:03:37,569 - INFO - Reconstruction loss: 13.609551429748535
2026-04-09 17:03:37,569 - INFO - Encoder coeffs loss: 0.2809143364429474
2026-04-09 17:03:37,570 - INFO - Decoder coeffs loss: 0.3079400956630707
2026-04-09 17:03:37,570 - INFO - Prev coeffs loss: 0.242873877286911
2026-04-09 17:03:37,570 - INFO - Encoder smooth loss: 0.22457723319530487
2026-04-09 17:03:37,571 - INFO - Decoder smooth loss: 0.24013447761535645
2026-04-09 17:03:37,571 - INFO - Prev smooth loss: 0.1986977905035019
2026-04-09 17:03:37,571 - INFO - KL loss: 22.07204818725586
2026-04-09 17:03:37,572 - INFO - Total loss: 25.393144607543945
2026-04-09 17:03:37,596 - INFO - Reconstruction loss: 12.479826927185059
2026-04-09 17:03:37,596 - INFO - Encoder coeffs loss: 0.27811378240585327
2026-04-09 17:03:37,596 - INFO - Decoder coeffs loss: 0.3050957918167114
2026-04-09 17:03:37,597 - INFO - Prev coeffs loss: 0.24232351779937744
2026-04-09 17:03:37,597 - INFO - Encoder smooth loss: 0.22278498113155365
2026-04-09 17:03:37,597 - INFO - Decoder smooth loss: 0.23863102495670319
2026-04-09 17:03:37,598 - INFO - Prev smooth loss: 0.19855070114135742
2026-04-09 17:03:37,598 - INFO - KL loss: 19.629852294921875
2026-04-09 17:03:37,598 - INFO - Total loss: 23.03750228881836
2026-04-09 17:03:37,598 - INFO - Epoch val loss: 48.430646896362305
2026-04-09 17:03:37,599 - INFO - -------------------
2026-04-09 17:03:37,599 - INFO - Saving model at epoch 20
2026-04-09 17:03:37,599 - INFO - Saving model name: AERCA_nonlinear_ws_5_stride_1_lr_0.0001_epochs_5000_hidden_layer_size_50_num_hidden_layers_8.pt
2026-04-09 17:03:37,699 - INFO - Reconstruction loss: 12.893372535705566
2026-04-09 17:03:37,699 - INFO - Encoder coeffs loss: 0.2801271080970764
2026-04-09 17:03:37,701 - INFO - Decoder coeffs loss: 0.3056551516056061
2026-04-09 17:03:37,701 - INFO - Prev coeffs loss: 0.2426638901233673
2026-04-09 17:03:37,701 - INFO - Encoder smooth loss: 0.22408756613731384
2026-04-09 17:03:37,701 - INFO - Decoder smooth loss: 0.23891037702560425
2026-04-09 17:03:37,702 - INFO - Prev smooth loss: 0.19863887131214142
2026-04-09 17:03:37,702 - INFO - KL loss: 20.50579071044922
2026-04-09 17:03:37,702 - INFO - Total loss: 23.891307830810547
2026-04-09 17:03:37,768 - INFO - Reconstruction loss: 12.088018417358398
2026-04-09 17:03:37,769 - INFO - Encoder coeffs loss: 0.278832346200943
2026-04-09 17:03:37,769 - INFO - Decoder coeffs loss: 0.3049771785736084
2026-04-09 17:03:37,769 - INFO - Prev coeffs loss: 0.24208176136016846
2026-04-09 17:03:37,769 - INFO - Encoder smooth loss: 0.2230987399816513
2026-04-09 17:03:37,770 - INFO - Decoder smooth loss: 0.2381230890750885
2026-04-09 17:03:37,770 - INFO - Prev smooth loss: 0.19815577566623688
2026-04-09 17:03:37,770 - INFO - KL loss: 19.342748641967773
2026-04-09 17:03:37,771 - INFO - Total loss: 22.502025604248047
2026-04-09 17:03:37,844 - INFO - Reconstruction loss: 12.560380935668945
2026-04-09 17:03:37,844 - INFO - Encoder coeffs loss: 0.28252026438713074
2026-04-09 17:03:37,845 - INFO - Decoder coeffs loss: 0.3081092834472656
2026-04-09 17:03:37,846 - INFO - Prev coeffs loss: 0.24265077710151672
2026-04-09 17:03:37,846 - INFO - Encoder smooth loss: 0.2253604382276535
2026-04-09 17:03:37,846 - INFO - Decoder smooth loss: 0.23993748426437378
2026-04-09 17:03:37,847 - INFO - Prev smooth loss: 0.19794772565364838
2026-04-09 17:03:37,847 - INFO - KL loss: 20.271926879882812
2026-04-09 17:03:37,847 - INFO - Total loss: 23.44460678100586
2026-04-09 17:03:37,925 - INFO - Reconstruction loss: 11.457642555236816
2026-04-09 17:03:37,925 - INFO - Encoder coeffs loss: 0.2788204848766327
2026-04-09 17:03:37,926 - INFO - Decoder coeffs loss: 0.3081571161746979
2026-04-09 17:03:37,926 - INFO - Prev coeffs loss: 0.24172735214233398
2026-04-09 17:03:37,926 - INFO - Encoder smooth loss: 0.22282826900482178
2026-04-09 17:03:37,927 - INFO - Decoder smooth loss: 0.2396947294473648
2026-04-09 17:03:37,927 - INFO - Prev smooth loss: 0.19747593998908997
2026-04-09 17:03:37,927 - INFO - KL loss: 19.081552505493164
2026-04-09 17:03:37,928 - INFO - Total loss: 21.74277114868164
2026-04-09 17:03:37,998 - INFO - Reconstruction loss: 13.552179336547852
2026-04-09 17:03:37,999 - INFO - Encoder coeffs loss: 0.2817355990409851
2026-04-09 17:03:37,999 - INFO - Decoder coeffs loss: 0.31348949670791626
2026-04-09 17:03:38,000 - INFO - Prev coeffs loss: 0.2417595386505127
2026-04-09 17:03:38,000 - INFO - Encoder smooth loss: 0.22452020645141602
2026-04-09 17:03:38,001 - INFO - Decoder smooth loss: 0.2421284317970276
2026-04-09 17:03:38,001 - INFO - Prev smooth loss: 0.19713641703128815
2026-04-09 17:03:38,001 - INFO - KL loss: 21.673160552978516
2026-04-09 17:03:38,002 - INFO - Total loss: 25.139144897460938
2026-04-09 17:03:38,071 - INFO - Reconstruction loss: 12.000983238220215
2026-04-09 17:03:38,072 - INFO - Encoder coeffs loss: 0.28291693329811096
2026-04-09 17:03:38,072 - INFO - Decoder coeffs loss: 0.3116777539253235
2026-04-09 17:03:38,073 - INFO - Prev coeffs loss: 0.24148163199424744
2026-04-09 17:03:38,073 - INFO - Encoder smooth loss: 0.225115105509758
2026-04-09 17:03:38,073 - INFO - Decoder smooth loss: 0.24047109484672546
2026-04-09 17:03:38,074 - INFO - Prev smooth loss: 0.1967000812292099
2026-04-09 17:03:38,074 - INFO - KL loss: 19.637042999267578
2026-04-09 17:03:38,074 - INFO - Total loss: 22.568687438964844
2026-04-09 17:03:38,148 - INFO - Reconstruction loss: 12.726638793945312
2026-04-09 17:03:38,149 - INFO - Encoder coeffs loss: 0.2816839814186096
2026-04-09 17:03:38,149 - INFO - Decoder coeffs loss: 0.31351280212402344
2026-04-09 17:03:38,150 - INFO - Prev coeffs loss: 0.2407219558954239
2026-04-09 17:03:38,150 - INFO - Encoder smooth loss: 0.2242335081100464
2026-04-09 17:03:38,150 - INFO - Decoder smooth loss: 0.24144919216632843
2026-04-09 17:03:38,151 - INFO - Prev smooth loss: 0.19624951481819153
2026-04-09 17:03:38,151 - INFO - KL loss: 20.8826904296875
2026-04-09 17:03:38,152 - INFO - Total loss: 23.91691017150879
2026-04-09 17:03:38,234 - INFO - Reconstruction loss: 11.459619522094727
2026-04-09 17:03:38,234 - INFO - Encoder coeffs loss: 0.27816981077194214
2026-04-09 17:03:38,235 - INFO - Decoder coeffs loss: 0.3097613751888275
2026-04-09 17:03:38,235 - INFO - Prev coeffs loss: 0.23968660831451416
2026-04-09 17:03:38,236 - INFO - Encoder smooth loss: 0.22181768715381622
2026-04-09 17:03:38,236 - INFO - Decoder smooth loss: 0.23857799172401428
2026-04-09 17:03:38,236 - INFO - Prev smooth loss: 0.1957118809223175
2026-04-09 17:03:38,236 - INFO - KL loss: 17.766620635986328
2026-04-09 17:03:38,237 - INFO - Total loss: 21.084793090820312
2026-04-09 17:03:38,282 - INFO - Epoch 21/5000
2026-04-09 17:03:38,283 - INFO - Epoch training loss: 184.29024696350098
2026-04-09 17:03:38,283 - INFO - -------------------
2026-04-09 17:03:38,310 - INFO - Reconstruction loss: 13.203323364257812
2026-04-09 17:03:38,310 - INFO - Encoder coeffs loss: 0.28165221214294434
2026-04-09 17:03:38,311 - INFO - Decoder coeffs loss: 0.317376971244812
2026-04-09 17:03:38,311 - INFO - Prev coeffs loss: 0.23976626992225647
2026-04-09 17:03:38,311 - INFO - Encoder smooth loss: 0.22387072443962097
2026-04-09 17:03:38,311 - INFO - Decoder smooth loss: 0.2427705079317093
2026-04-09 17:03:38,312 - INFO - Prev smooth loss: 0.19539855420589447
2026-04-09 17:03:38,312 - INFO - KL loss: 21.341245651245117
2026-04-09 17:03:38,312 - INFO - Total loss: 24.62436294555664
2026-04-09 17:03:38,342 - INFO - Reconstruction loss: 12.104036331176758
2026-04-09 17:03:38,343 - INFO - Encoder coeffs loss: 0.278756320476532
2026-04-09 17:03:38,343 - INFO - Decoder coeffs loss: 0.31385019421577454
2026-04-09 17:03:38,344 - INFO - Prev coeffs loss: 0.23920495808124542
2026-04-09 17:03:38,344 - INFO - Encoder smooth loss: 0.2220846712589264
2026-04-09 17:03:38,344 - INFO - Decoder smooth loss: 0.2407251000404358
2026-04-09 17:03:38,344 - INFO - Prev smooth loss: 0.19526182115077972
2026-04-09 17:03:38,345 - INFO - KL loss: 18.92838478088379
2026-04-09 17:03:38,345 - INFO - Total loss: 22.31317138671875
2026-04-09 17:03:38,345 - INFO - Epoch val loss: 46.93753433227539
2026-04-09 17:03:38,345 - INFO - -------------------
2026-04-09 17:03:38,345 - INFO - Saving model at epoch 21
2026-04-09 17:03:38,345 - INFO - Saving model name: AERCA_nonlinear_ws_5_stride_1_lr_0.0001_epochs_5000_hidden_layer_size_50_num_hidden_layers_8.pt
2026-04-09 17:03:38,446 - INFO - Reconstruction loss: 12.535757064819336
2026-04-09 17:03:38,446 - INFO - Encoder coeffs loss: 0.280840128660202
2026-04-09 17:03:38,448 - INFO - Decoder coeffs loss: 0.3147899806499481
2026-04-09 17:03:38,448 - INFO - Prev coeffs loss: 0.23953276872634888
2026-04-09 17:03:38,448 - INFO - Encoder smooth loss: 0.22339002788066864
2026-04-09 17:03:38,449 - INFO - Decoder smooth loss: 0.24131590127944946
2026-04-09 17:03:38,449 - INFO - Prev smooth loss: 0.1953376680612564
2026-04-09 17:03:38,449 - INFO - KL loss: 19.870254516601562
2026-04-09 17:03:38,450 - INFO - Total loss: 23.218486785888672
2026-04-09 17:03:38,526 - INFO - Reconstruction loss: 11.743108749389648
2026-04-09 17:03:38,527 - INFO - Encoder coeffs loss: 0.27946096658706665
2026-04-09 17:03:38,527 - INFO - Decoder coeffs loss: 0.3137402832508087
2026-04-09 17:03:38,528 - INFO - Prev coeffs loss: 0.23895925283432007
2026-04-09 17:03:38,528 - INFO - Encoder smooth loss: 0.22238467633724213
2026-04-09 17:03:38,528 - INFO - Decoder smooth loss: 0.2403586059808731
2026-04-09 17:03:38,529 - INFO - Prev smooth loss: 0.1948603242635727
2026-04-09 17:03:38,529 - INFO - KL loss: 18.709877014160156
2026-04-09 17:03:38,529 - INFO - Total loss: 21.84292984008789
2026-04-09 17:03:38,605 - INFO - Reconstruction loss: 12.169260025024414
2026-04-09 17:03:38,605 - INFO - Encoder coeffs loss: 0.2833068072795868
2026-04-09 17:03:38,607 - INFO - Decoder coeffs loss: 0.3168550729751587
2026-04-09 17:03:38,607 - INFO - Prev coeffs loss: 0.23961618542671204
2026-04-09 17:03:38,608 - INFO - Encoder smooth loss: 0.22470664978027344
2026-04-09 17:03:38,608 - INFO - Decoder smooth loss: 0.24249453842639923
2026-04-09 17:03:38,608 - INFO - Prev smooth loss: 0.1946401596069336
2026-04-09 17:03:38,608 - INFO - KL loss: 19.523082733154297
2026-04-09 17:03:38,609 - INFO - Total loss: 22.681610107421875
2026-04-09 17:03:38,687 - INFO - Reconstruction loss: 11.125476837158203
2026-04-09 17:03:38,688 - INFO - Encoder coeffs loss: 0.2793751060962677
2026-04-09 17:03:38,688 - INFO - Decoder coeffs loss: 0.3164899945259094
2026-04-09 17:03:38,690 - INFO - Prev coeffs loss: 0.23868706822395325
2026-04-09 17:03:38,690 - INFO - Encoder smooth loss: 0.22211802005767822
2026-04-09 17:03:38,690 - INFO - Decoder smooth loss: 0.24202878773212433
2026-04-09 17:03:38,691 - INFO - Prev smooth loss: 0.19419637322425842
2026-04-09 17:03:38,691 - INFO - KL loss: 18.40157699584961
2026-04-09 17:03:38,691 - INFO - Total loss: 21.07271385192871
2026-04-09 17:03:38,767 - INFO - Reconstruction loss: 13.075506210327148
2026-04-09 17:03:38,768 - INFO - Encoder coeffs loss: 0.28258779644966125
2026-04-09 17:03:38,768 - INFO - Decoder coeffs loss: 0.32245585322380066
2026-04-09 17:03:38,769 - INFO - Prev coeffs loss: 0.23877105116844177
2026-04-09 17:03:38,769 - INFO - Encoder smooth loss: 0.22397491335868835
2026-04-09 17:03:38,769 - INFO - Decoder smooth loss: 0.24513623118400574
2026-04-09 17:03:38,769 - INFO - Prev smooth loss: 0.1938512921333313
2026-04-09 17:03:38,769 - INFO - KL loss: 20.820842742919922
2026-04-09 17:03:38,770 - INFO - Total loss: 24.239315032958984
2026-04-09 17:03:38,846 - INFO - Reconstruction loss: 11.674077987670898
2026-04-09 17:03:38,847 - INFO - Encoder coeffs loss: 0.2837696969509125
2026-04-09 17:03:38,847 - INFO - Decoder coeffs loss: 0.3202270269393921
2026-04-09 17:03:38,848 - INFO - Prev coeffs loss: 0.23851844668388367
2026-04-09 17:03:38,848 - INFO - Encoder smooth loss: 0.22459664940834045
2026-04-09 17:03:38,849 - INFO - Decoder smooth loss: 0.24325424432754517
2026-04-09 17:03:38,849 - INFO - Prev smooth loss: 0.19340485334396362
2026-04-09 17:03:38,849 - INFO - KL loss: 18.9564208984375
2026-04-09 17:03:38,849 - INFO - Total loss: 21.9041748046875
2026-04-09 17:03:38,927 - INFO - Reconstruction loss: 12.364837646484375
2026-04-09 17:03:38,927 - INFO - Encoder coeffs loss: 0.28264957666397095
2026-04-09 17:03:38,928 - INFO - Decoder coeffs loss: 0.3219737112522125
2026-04-09 17:03:38,928 - INFO - Prev coeffs loss: 0.23782378435134888
2026-04-09 17:03:38,928 - INFO - Encoder smooth loss: 0.22385410964488983
2026-04-09 17:03:38,928 - INFO - Decoder smooth loss: 0.24452142417430878
2026-04-09 17:03:38,929 - INFO - Prev smooth loss: 0.19299834966659546
2026-04-09 17:03:38,929 - INFO - KL loss: 20.14938735961914
2026-04-09 17:03:38,929 - INFO - Total loss: 23.19144058227539
2026-04-09 17:03:39,006 - INFO - Reconstruction loss: 11.129446029663086
2026-04-09 17:03:39,007 - INFO - Encoder coeffs loss: 0.27894920110702515
2026-04-09 17:03:39,007 - INFO - Decoder coeffs loss: 0.3174448609352112
2026-04-09 17:03:39,009 - INFO - Prev coeffs loss: 0.2367522120475769
2026-04-09 17:03:39,009 - INFO - Encoder smooth loss: 0.22141319513320923
2026-04-09 17:03:39,009 - INFO - Decoder smooth loss: 0.24099381268024445
2026-04-09 17:03:39,010 - INFO - Prev smooth loss: 0.19247540831565857
2026-04-09 17:03:39,010 - INFO - KL loss: 17.176156997680664
2026-04-09 17:03:39,010 - INFO - Total loss: 20.46154022216797
2026-04-09 17:03:39,059 - INFO - Epoch 22/5000
2026-04-09 17:03:39,059 - INFO - Epoch training loss: 178.612211227417
2026-04-09 17:03:39,059 - INFO - -------------------
2026-04-09 17:03:39,086 - INFO - Reconstruction loss: 12.851200103759766
2026-04-09 17:03:39,087 - INFO - Encoder coeffs loss: 0.2827572226524353
2026-04-09 17:03:39,087 - INFO - Decoder coeffs loss: 0.3258246183395386
2026-04-09 17:03:39,088 - INFO - Prev coeffs loss: 0.23694701492786407
2026-04-09 17:03:39,088 - INFO - Encoder smooth loss: 0.22366072237491608
2026-04-09 17:03:39,088 - INFO - Decoder smooth loss: 0.2461787611246109
2026-04-09 17:03:39,089 - INFO - Prev smooth loss: 0.19216662645339966
2026-04-09 17:03:39,089 - INFO - KL loss: 20.65317153930664
2026-04-09 17:03:39,089 - INFO - Total loss: 23.93155288696289
2026-04-09 17:03:39,115 - INFO - Reconstruction loss: 11.75180435180664
2026-04-09 17:03:39,115 - INFO - Encoder coeffs loss: 0.2797219753265381
2026-04-09 17:03:39,115 - INFO - Decoder coeffs loss: 0.3217756748199463
2026-04-09 17:03:39,116 - INFO - Prev coeffs loss: 0.2363308072090149
2026-04-09 17:03:39,116 - INFO - Encoder smooth loss: 0.22183138132095337
2026-04-09 17:03:39,116 - INFO - Decoder smooth loss: 0.24364066123962402
2026-04-09 17:03:39,117 - INFO - Prev smooth loss: 0.1920401006937027
2026-04-09 17:03:39,117 - INFO - KL loss: 18.256223678588867
2026-04-09 17:03:39,117 - INFO - Total loss: 21.627586364746094
2026-04-09 17:03:39,117 - INFO - Epoch val loss: 45.559139251708984
2026-04-09 17:03:39,117 - INFO - -------------------
2026-04-09 17:03:39,118 - INFO - Saving model at epoch 22
2026-04-09 17:03:39,118 - INFO - Saving model name: AERCA_nonlinear_ws_5_stride_1_lr_0.0001_epochs_5000_hidden_layer_size_50_num_hidden_layers_8.pt
2026-04-09 17:03:39,216 - INFO - Reconstruction loss: 12.20665454864502
2026-04-09 17:03:39,216 - INFO - Encoder coeffs loss: 0.2819032669067383
2026-04-09 17:03:39,216 - INFO - Decoder coeffs loss: 0.3230898380279541
2026-04-09 17:03:39,217 - INFO - Prev coeffs loss: 0.2366636097431183
2026-04-09 17:03:39,217 - INFO - Encoder smooth loss: 0.2231755405664444
2026-04-09 17:03:39,218 - INFO - Decoder smooth loss: 0.2445317506790161
2026-04-09 17:03:39,218 - INFO - Prev smooth loss: 0.19209986925125122
2026-04-09 17:03:39,218 - INFO - KL loss: 19.245269775390625
2026-04-09 17:03:39,219 - INFO - Total loss: 22.580020904541016
2026-04-09 17:03:39,290 - INFO - Reconstruction loss: 11.427398681640625
2026-04-09 17:03:39,290 - INFO - Encoder coeffs loss: 0.28044798970222473
2026-04-09 17:03:39,291 - INFO - Decoder coeffs loss: 0.3215670585632324
2026-04-09 17:03:39,291 - INFO - Prev coeffs loss: 0.23610974848270416
2026-04-09 17:03:39,291 - INFO - Encoder smooth loss: 0.22217826545238495
2026-04-09 17:03:39,292 - INFO - Decoder smooth loss: 0.2434268295764923
2026-04-09 17:03:39,292 - INFO - Prev smooth loss: 0.19163110852241516
2026-04-09 17:03:39,292 - INFO - KL loss: 18.110015869140625
2026-04-09 17:03:39,292 - INFO - Total loss: 21.230087280273438
2026-04-09 17:03:39,364 - INFO - Reconstruction loss: 11.815727233886719
2026-04-09 17:03:39,365 - INFO - Encoder coeffs loss: 0.2845310866832733
2026-04-09 17:03:39,365 - INFO - Decoder coeffs loss: 0.3244139850139618
2026-04-09 17:03:39,365 - INFO - Prev coeffs loss: 0.23690764605998993
2026-04-09 17:03:39,366 - INFO - Encoder smooth loss: 0.22465325891971588
2026-04-09 17:03:39,366 - INFO - Decoder smooth loss: 0.24571597576141357
2026-04-09 17:03:39,366 - INFO - Prev smooth loss: 0.19141221046447754
2026-04-09 17:03:39,367 - INFO - KL loss: 18.823184967041016
2026-04-09 17:03:39,367 - INFO - Total loss: 21.981136322021484
2026-04-09 17:03:39,441 - INFO - Reconstruction loss: 10.822696685791016
2026-04-09 17:03:39,441 - INFO - Encoder coeffs loss: 0.2803320586681366
2026-04-09 17:03:39,441 - INFO - Decoder coeffs loss: 0.32345566153526306
2026-04-09 17:03:39,442 - INFO - Prev coeffs loss: 0.23592635989189148
2026-04-09 17:03:39,443 - INFO - Encoder smooth loss: 0.22196364402770996
2026-04-09 17:03:39,443 - INFO - Decoder smooth loss: 0.24498321115970612
2026-04-09 17:03:39,443 - INFO - Prev smooth loss: 0.19099600613117218
2026-04-09 17:03:39,443 - INFO - KL loss: 17.729511260986328
2026-04-09 17:03:39,445 - INFO - Total loss: 20.436281204223633
2026-04-09 17:03:39,520 - INFO - Reconstruction loss: 12.661084175109863
2026-04-09 17:03:39,522 - INFO - Encoder coeffs loss: 0.2839031219482422
2026-04-09 17:03:39,523 - INFO - Decoder coeffs loss: 0.32972273230552673
2026-04-09 17:03:39,523 - INFO - Prev coeffs loss: 0.23611482977867126
2026-04-09 17:03:39,523 - INFO - Encoder smooth loss: 0.22405292093753815
2026-04-09 17:03:39,524 - INFO - Decoder smooth loss: 0.2486421763896942
2026-04-09 17:03:39,524 - INFO - Prev smooth loss: 0.1906663030385971
2026-04-09 17:03:39,524 - INFO - KL loss: 20.00464630126953
2026-04-09 17:03:39,525 - INFO - Total loss: 23.419958114624023
2026-04-09 17:03:39,599 - INFO - Reconstruction loss: 11.376832008361816
2026-04-09 17:03:39,600 - INFO - Encoder coeffs loss: 0.28507429361343384
2026-04-09 17:03:39,600 - INFO - Decoder coeffs loss: 0.3271856904029846
2026-04-09 17:03:39,601 - INFO - Prev coeffs loss: 0.2359122931957245
2026-04-09 17:03:39,601 - INFO - Encoder smooth loss: 0.22469474375247955
2026-04-09 17:03:39,601 - INFO - Decoder smooth loss: 0.24662663042545319
2026-04-09 17:03:39,603 - INFO - Prev smooth loss: 0.19022339582443237
2026-04-09 17:03:39,603 - INFO - KL loss: 18.342056274414062
2026-04-09 17:03:39,603 - INFO - Total loss: 21.302719116210938
2026-04-09 17:03:39,678 - INFO - Reconstruction loss: 12.04126262664795
2026-04-09 17:03:39,679 - INFO - Encoder coeffs loss: 0.2840629518032074
2026-04-09 17:03:39,679 - INFO - Decoder coeffs loss: 0.3287550210952759
2026-04-09 17:03:39,679 - INFO - Prev coeffs loss: 0.23526960611343384
2026-04-09 17:03:39,680 - INFO - Encoder smooth loss: 0.2240527868270874
2026-04-09 17:03:39,680 - INFO - Decoder smooth loss: 0.24805600941181183
2026-04-09 17:03:39,680 - INFO - Prev smooth loss: 0.18987341225147247
2026-04-09 17:03:39,681 - INFO - KL loss: 19.474395751953125
2026-04-09 17:03:39,681 - INFO - Total loss: 22.53349494934082
2026-04-09 17:03:39,756 - INFO - Reconstruction loss: 10.822198867797852
2026-04-09 17:03:39,757 - INFO - Encoder coeffs loss: 0.28010451793670654
2026-04-09 17:03:39,757 - INFO - Decoder coeffs loss: 0.32352638244628906
2026-04-09 17:03:39,759 - INFO - Prev coeffs loss: 0.2341371476650238
2026-04-09 17:03:39,759 - INFO - Encoder smooth loss: 0.2215048223733902
2026-04-09 17:03:39,759 - INFO - Decoder smooth loss: 0.2440183311700821
2026-04-09 17:03:39,760 - INFO - Prev smooth loss: 0.18935789167881012
2026-04-09 17:03:39,760 - INFO - KL loss: 16.621126174926758
2026-04-09 17:03:39,760 - INFO - Total loss: 19.879085540771484
2026-04-09 17:03:39,809 - INFO - Epoch 23/5000
2026-04-09 17:03:39,809 - INFO - Epoch training loss: 173.36278343200684
2026-04-09 17:03:39,809 - INFO - -------------------
2026-04-09 17:03:39,837 - INFO - Reconstruction loss: 12.539341926574707
2026-04-09 17:03:39,837 - INFO - Encoder coeffs loss: 0.28432169556617737
2026-04-09 17:03:39,838 - INFO - Decoder coeffs loss: 0.33234888315200806
2026-04-09 17:03:39,838 - INFO - Prev coeffs loss: 0.23446208238601685
2026-04-09 17:03:39,839 - INFO - Encoder smooth loss: 0.2239643633365631
2026-04-09 17:03:39,839 - INFO - Decoder smooth loss: 0.24994535744190216
2026-04-09 17:03:39,839 - INFO - Prev smooth loss: 0.18908315896987915
2026-04-09 17:03:39,840 - INFO - KL loss: 20.015060424804688
2026-04-09 17:03:39,840 - INFO - Total loss: 23.30393409729004
2026-04-09 17:03:39,866 - INFO - Reconstruction loss: 11.425337791442871
2026-04-09 17:03:39,866 - INFO - Encoder coeffs loss: 0.2810877561569214
2026-04-09 17:03:39,867 - INFO - Decoder coeffs loss: 0.3279760479927063
2026-04-09 17:03:39,867 - INFO - Prev coeffs loss: 0.23377367854118347
2026-04-09 17:03:39,868 - INFO - Encoder smooth loss: 0.22205747663974762
2026-04-09 17:03:39,868 - INFO - Decoder smooth loss: 0.2470526546239853
2026-04-09 17:03:39,868 - INFO - Prev smooth loss: 0.1889541894197464
2026-04-09 17:03:39,868 - INFO - KL loss: 17.628372192382812
2026-04-09 17:03:39,869 - INFO - Total loss: 20.989974975585938
2026-04-09 17:03:39,869 - INFO - Epoch val loss: 44.29390907287598
2026-04-09 17:03:39,869 - INFO - -------------------
2026-04-09 17:03:39,869 - INFO - Saving model at epoch 23
2026-04-09 17:03:39,869 - INFO - Saving model name: AERCA_nonlinear_ws_5_stride_1_lr_0.0001_epochs_5000_hidden_layer_size_50_num_hidden_layers_8.pt
2026-04-09 17:03:39,971 - INFO - Reconstruction loss: 11.902880668640137
2026-04-09 17:03:39,972 - INFO - Encoder coeffs loss: 0.2833968997001648
2026-04-09 17:03:39,973 - INFO - Decoder coeffs loss: 0.3295980393886566
2026-04-09 17:03:39,973 - INFO - Prev coeffs loss: 0.2341306358575821
2026-04-09 17:03:39,973 - INFO - Encoder smooth loss: 0.22345338761806488
2026-04-09 17:03:39,974 - INFO - Decoder smooth loss: 0.24818721413612366
2026-04-09 17:03:39,974 - INFO - Prev smooth loss: 0.18900682032108307
2026-04-09 17:03:39,974 - INFO - KL loss: 18.653915405273438
2026-04-09 17:03:39,974 - INFO - Total loss: 21.983726501464844
2026-04-09 17:03:40,048 - INFO - Reconstruction loss: 11.136539459228516
2026-04-09 17:03:40,049 - INFO - Encoder coeffs loss: 0.28183552622795105
2026-04-09 17:03:40,049 - INFO - Decoder coeffs loss: 0.3276647627353668
2026-04-09 17:03:40,050 - INFO - Prev coeffs loss: 0.23359668254852295
2026-04-09 17:03:40,050 - INFO - Encoder smooth loss: 0.22241342067718506
2026-04-09 17:03:40,051 - INFO - Decoder smooth loss: 0.24694743752479553
2026-04-09 17:03:40,051 - INFO - Prev smooth loss: 0.18855266273021698
2026-04-09 17:03:40,051 - INFO - KL loss: 17.548274993896484
2026-04-09 17:03:40,052 - INFO - Total loss: 20.661182403564453
2026-04-09 17:03:40,125 - INFO - Reconstruction loss: 11.498290061950684
2026-04-09 17:03:40,125 - INFO - Encoder coeffs loss: 0.28620806336402893
2026-04-09 17:03:40,126 - INFO - Decoder coeffs loss: 0.33016714453697205
2026-04-09 17:03:40,126 - INFO - Prev coeffs loss: 0.23455104231834412
2026-04-09 17:03:40,127 - INFO - Encoder smooth loss: 0.22504758834838867
2026-04-09 17:03:40,127 - INFO - Decoder smooth loss: 0.2492697387933731
2026-04-09 17:03:40,127 - INFO - Prev smooth loss: 0.1883699744939804
2026-04-09 17:03:40,127 - INFO - KL loss: 18.178800582885742
2026-04-09 17:03:40,128 - INFO - Total loss: 21.344497680664062
2026-04-09 17:03:40,204 - INFO - Reconstruction loss: 10.542675018310547
2026-04-09 17:03:40,204 - INFO - Encoder coeffs loss: 0.28171098232269287
2026-04-09 17:03:40,205 - INFO - Decoder coeffs loss: 0.32871368527412415
2026-04-09 17:03:40,206 - INFO - Prev coeffs loss: 0.233493834733963
2026-04-09 17:03:40,206 - INFO - Encoder smooth loss: 0.22219492495059967
2026-04-09 17:03:40,206 - INFO - Decoder smooth loss: 0.24832557141780853
2026-04-09 17:03:40,207 - INFO - Prev smooth loss: 0.1879638433456421
2026-04-09 17:03:40,207 - INFO - KL loss: 17.09296417236328
2026-04-09 17:03:40,207 - INFO - Total loss: 19.84035873413086
2026-04-09 17:03:40,286 - INFO - Reconstruction loss: 12.294172286987305
2026-04-09 17:03:40,286 - INFO - Encoder coeffs loss: 0.28569480776786804
2026-04-09 17:03:40,286 - INFO - Decoder coeffs loss: 0.33513444662094116
2026-04-09 17:03:40,287 - INFO - Prev coeffs loss: 0.23378148674964905
2026-04-09 17:03:40,287 - INFO - Encoder smooth loss: 0.22450315952301025
2026-04-09 17:03:40,288 - INFO - Decoder smooth loss: 0.2523992657661438
2026-04-09 17:03:40,288 - INFO - Prev smooth loss: 0.18768413364887238
2026-04-09 17:03:40,288 - INFO - KL loss: 19.252971649169922
2026-04-09 17:03:40,289 - INFO - Total loss: 22.680255889892578
2026-04-09 17:03:40,374 - INFO - Reconstruction loss: 11.098369598388672
2026-04-09 17:03:40,375 - INFO - Encoder coeffs loss: 0.2868218421936035
2026-04-09 17:03:40,375 - INFO - Decoder coeffs loss: 0.33247753977775574
2026-04-09 17:03:40,376 - INFO - Prev coeffs loss: 0.23363357782363892
2026-04-09 17:03:40,376 - INFO - Encoder smooth loss: 0.2251272052526474
2026-04-09 17:03:40,376 - INFO - Decoder smooth loss: 0.2503548562526703
2026-04-09 17:03:40,376 - INFO - Prev smooth loss: 0.18725533783435822
2026-04-09 17:03:40,378 - INFO - KL loss: 17.7706241607666
2026-04-09 17:03:40,378 - INFO - Total loss: 20.74151611328125
2026-04-09 17:03:40,452 - INFO - Reconstruction loss: 11.745344161987305
2026-04-09 17:03:40,453 - INFO - Encoder coeffs loss: 0.2859090566635132
2026-04-09 17:03:40,453 - INFO - Decoder coeffs loss: 0.33396798372268677
2026-04-09 17:03:40,454 - INFO - Prev coeffs loss: 0.23299983143806458
2026-04-09 17:03:40,454 - INFO - Encoder smooth loss: 0.22456206381320953
2026-04-09 17:03:40,455 - INFO - Decoder smooth loss: 0.2519102096557617
2026-04-09 17:03:40,455 - INFO - Prev smooth loss: 0.1869562268257141
2026-04-09 17:03:40,455 - INFO - KL loss: 18.857200622558594
2026-04-09 17:03:40,455 - INFO - Total loss: 21.932096481323242
2026-04-09 17:03:40,532 - INFO - Reconstruction loss: 10.541239738464355
2026-04-09 17:03:40,532 - INFO - Encoder coeffs loss: 0.2816269099712372
2026-04-09 17:03:40,533 - INFO - Decoder coeffs loss: 0.32824599742889404
2026-04-09 17:03:40,533 - INFO - Prev coeffs loss: 0.23181398212909698
2026-04-09 17:03:40,534 - INFO - Encoder smooth loss: 0.22183701395988464
2026-04-09 17:03:40,534 - INFO - Decoder smooth loss: 0.2475052773952484
2026-04-09 17:03:40,535 - INFO - Prev smooth loss: 0.1864331215620041
2026-04-09 17:03:40,535 - INFO - KL loss: 16.10333251953125
2026-04-09 17:03:40,535 - INFO - Total loss: 19.341636657714844
2026-04-09 17:03:40,584 - INFO - Epoch 24/5000
2026-04-09 17:03:40,584 - INFO - Epoch training loss: 168.52527046203613
2026-04-09 17:03:40,584 - INFO - -------------------
2026-04-09 17:03:40,611 - INFO - Reconstruction loss: 12.26548957824707
2026-04-09 17:03:40,611 - INFO - Encoder coeffs loss: 0.2862871587276459
2026-04-09 17:03:40,611 - INFO - Decoder coeffs loss: 0.33743390440940857
2026-04-09 17:03:40,612 - INFO - Prev coeffs loss: 0.2322481870651245
2026-04-09 17:03:40,612 - INFO - Encoder smooth loss: 0.22451353073120117
2026-04-09 17:03:40,614 - INFO - Decoder smooth loss: 0.2539960443973541
2026-04-09 17:03:40,614 - INFO - Prev smooth loss: 0.18622452020645142
2026-04-09 17:03:40,614 - INFO - KL loss: 19.424270629882812
2026-04-09 17:03:40,614 - INFO - Total loss: 22.73797607421875
2026-04-09 17:03:40,641 - INFO - Reconstruction loss: 11.127337455749512
2026-04-09 17:03:40,642 - INFO - Encoder coeffs loss: 0.28283247351646423
2026-04-09 17:03:40,642 - INFO - Decoder coeffs loss: 0.3328484296798706
2026-04-09 17:03:40,643 - INFO - Prev coeffs loss: 0.23149192333221436
2026-04-09 17:03:40,643 - INFO - Encoder smooth loss: 0.22252164781093597
2026-04-09 17:03:40,643 - INFO - Decoder smooth loss: 0.2508496046066284
2026-04-09 17:03:40,643 - INFO - Prev smooth loss: 0.18607011437416077
2026-04-09 17:03:40,644 - INFO - KL loss: 17.0496826171875
2026-04-09 17:03:40,644 - INFO - Total loss: 20.405487060546875
2026-04-09 17:03:40,644 - INFO - Epoch val loss: 43.143463134765625
2026-04-09 17:03:40,644 - INFO - -------------------
2026-04-09 17:03:40,644 - INFO - Saving model at epoch 24
2026-04-09 17:03:40,645 - INFO - Saving model name: AERCA_nonlinear_ws_5_stride_1_lr_0.0001_epochs_5000_hidden_layer_size_50_num_hidden_layers_8.pt
2026-04-09 17:03:40,752 - INFO - Reconstruction loss: 11.622209548950195
2026-04-09 17:03:40,752 - INFO - Encoder coeffs loss: 0.28526583313941956
2026-04-09 17:03:40,753 - INFO - Decoder coeffs loss: 0.3347029685974121
2026-04-09 17:03:40,753 - INFO - Prev coeffs loss: 0.23187795281410217
2026-04-09 17:03:40,754 - INFO - Encoder smooth loss: 0.22396668791770935
2026-04-09 17:03:40,754 - INFO - Decoder smooth loss: 0.2521747648715973
2026-04-09 17:03:40,754 - INFO - Prev smooth loss: 0.1861291378736496
2026-04-09 17:03:40,754 - INFO - KL loss: 18.09774398803711
2026-04-09 17:03:40,755 - INFO - Total loss: 21.428138732910156
2026-04-09 17:03:40,831 - INFO - Reconstruction loss: 10.871915817260742
2026-04-09 17:03:40,831 - INFO - Encoder coeffs loss: 0.28356894850730896
2026-04-09 17:03:40,831 - INFO - Decoder coeffs loss: 0.3325199782848358
2026-04-09 17:03:40,833 - INFO - Prev coeffs loss: 0.23136068880558014
2026-04-09 17:03:40,833 - INFO - Encoder smooth loss: 0.222853884100914
2026-04-09 17:03:40,833 - INFO - Decoder smooth loss: 0.250833660364151
2026-04-09 17:03:40,834 - INFO - Prev smooth loss: 0.18568408489227295
2026-04-09 17:03:40,834 - INFO - KL loss: 17.023887634277344
2026-04-09 17:03:40,834 - INFO - Total loss: 20.137271881103516
2026-04-09 17:03:40,907 - INFO - Reconstruction loss: 11.218942642211914
2026-04-09 17:03:40,908 - INFO - Encoder coeffs loss: 0.28822964429855347
2026-04-09 17:03:40,908 - INFO - Decoder coeffs loss: 0.33481794595718384
2026-04-09 17:03:40,909 - INFO - Prev coeffs loss: 0.23245573043823242
2026-04-09 17:03:40,909 - INFO - Encoder smooth loss: 0.2256406843662262
2026-04-09 17:03:40,909 - INFO - Decoder smooth loss: 0.25313177704811096
2026-04-09 17:03:40,910 - INFO - Prev smooth loss: 0.18556654453277588
2026-04-09 17:03:40,910 - INFO - KL loss: 17.579055786132812
2026-04-09 17:03:40,910 - INFO - Total loss: 20.768390655517578
2026-04-09 17:03:40,984 - INFO - Reconstruction loss: 10.286874771118164
2026-04-09 17:03:40,984 - INFO - Encoder coeffs loss: 0.2834264636039734
2026-04-09 17:03:40,985 - INFO - Decoder coeffs loss: 0.332970529794693
2026-04-09 17:03:40,985 - INFO - Prev coeffs loss: 0.23129186034202576
2026-04-09 17:03:40,985 - INFO - Encoder smooth loss: 0.22258944809436798
2026-04-09 17:03:40,986 - INFO - Decoder smooth loss: 0.2520045340061188
2026-04-09 17:03:40,986 - INFO - Prev smooth loss: 0.1851416826248169
2026-04-09 17:03:40,986 - INFO - KL loss: 16.497329711914062
2026-04-09 17:03:40,987 - INFO - Total loss: 19.28925323486328
2026-04-09 17:03:41,061 - INFO - Reconstruction loss: 11.967702865600586
2026-04-09 17:03:41,061 - INFO - Encoder coeffs loss: 0.28785043954849243
2026-04-09 17:03:41,062 - INFO - Decoder coeffs loss: 0.33968016505241394
2026-04-09 17:03:41,062 - INFO - Prev coeffs loss: 0.2316552996635437
2026-04-09 17:03:41,063 - INFO - Encoder smooth loss: 0.22512201964855194
2026-04-09 17:03:41,063 - INFO - Decoder smooth loss: 0.2564134895801544
2026-04-09 17:03:41,064 - INFO - Prev smooth loss: 0.1849231868982315
2026-04-09 17:03:41,064 - INFO - KL loss: 18.57695198059082
2026-04-09 17:03:41,064 - INFO - Total loss: 22.019001007080078
2026-04-09 17:03:41,136 - INFO - Reconstruction loss: 10.845011711120605
2026-04-09 17:03:41,137 - INFO - Encoder coeffs loss: 0.28892049193382263
2026-04-09 17:03:41,137 - INFO - Decoder coeffs loss: 0.3370359539985657
2026-04-09 17:03:41,137 - INFO - Prev coeffs loss: 0.23155750334262848
2026-04-09 17:03:41,138 - INFO - Encoder smooth loss: 0.22570902109146118
2026-04-09 17:03:41,139 - INFO - Decoder smooth loss: 0.2543430030345917
2026-04-09 17:03:41,139 - INFO - Prev smooth loss: 0.18452048301696777
2026-04-09 17:03:41,139 - INFO - KL loss: 17.226560592651367
2026-04-09 17:03:41,140 - INFO - Total loss: 20.219337463378906
2026-04-09 17:03:41,212 - INFO - Reconstruction loss: 11.479262351989746
2026-04-09 17:03:41,213 - INFO - Encoder coeffs loss: 0.2881341576576233
2026-04-09 17:03:41,214 - INFO - Decoder coeffs loss: 0.33870166540145874
2026-04-09 17:03:41,214 - INFO - Prev coeffs loss: 0.23090597987174988
2026-04-09 17:03:41,214 - INFO - Encoder smooth loss: 0.22521966695785522
2026-04-09 17:03:41,214 - INFO - Decoder smooth loss: 0.25602349638938904
2026-04-09 17:03:41,215 - INFO - Prev smooth loss: 0.18426430225372314
2026-04-09 17:03:41,215 - INFO - KL loss: 18.282367706298828
2026-04-09 17:03:41,216 - INFO - Total loss: 21.382070541381836
2026-04-09 17:03:41,295 - INFO - Reconstruction loss: 10.287222862243652
2026-04-09 17:03:41,296 - INFO - Encoder coeffs loss: 0.2834997773170471
2026-04-09 17:03:41,297 - INFO - Decoder coeffs loss: 0.33271342515945435
2026-04-09 17:03:41,297 - INFO - Prev coeffs loss: 0.22965553402900696
2026-04-09 17:03:41,297 - INFO - Encoder smooth loss: 0.22227469086647034
2026-04-09 17:03:41,298 - INFO - Decoder smooth loss: 0.2513330280780792
2026-04-09 17:03:41,298 - INFO - Prev smooth loss: 0.18371067941188812
2026-04-09 17:03:41,298 - INFO - KL loss: 15.614538192749023
2026-04-09 17:03:41,298 - INFO - Total loss: 18.846084594726562
2026-04-09 17:03:41,343 - INFO - Epoch 25/5000
2026-04-09 17:03:41,343 - INFO - Epoch training loss: 164.0895481109619
2026-04-09 17:03:41,343 - INFO - -------------------
2026-04-09 17:03:41,370 - INFO - Reconstruction loss: 12.028722763061523
2026-04-09 17:03:41,370 - INFO - Encoder coeffs loss: 0.28863638639450073
2026-04-09 17:03:41,371 - INFO - Decoder coeffs loss: 0.3423409163951874
2026-04-09 17:03:41,371 - INFO - Prev coeffs loss: 0.2301596999168396
2026-04-09 17:03:41,371 - INFO - Encoder smooth loss: 0.22517871856689453
2026-04-09 17:03:41,372 - INFO - Decoder smooth loss: 0.2583257555961609
2026-04-09 17:03:41,372 - INFO - Prev smooth loss: 0.18359214067459106
2026-04-09 17:03:41,372 - INFO - KL loss: 18.876976013183594
2026-04-09 17:03:41,372 - INFO - Total loss: 22.231327056884766
2026-04-09 17:03:41,397 - INFO - Reconstruction loss: 10.86352825164795
2026-04-09 17:03:41,397 - INFO - Encoder coeffs loss: 0.284964919090271
2026-04-09 17:03:41,397 - INFO - Decoder coeffs loss: 0.33762553334236145
2026-04-09 17:03:41,398 - INFO - Prev coeffs loss: 0.22936326265335083
2026-04-09 17:03:41,398 - INFO - Encoder smooth loss: 0.22309301793575287
2026-04-09 17:03:41,398 - INFO - Decoder smooth loss: 0.2549684941768646
2026-04-09 17:03:41,398 - INFO - Prev smooth loss: 0.18339747190475464
2026-04-09 17:03:41,398 - INFO - KL loss: 16.519756317138672
2026-04-09 17:03:41,400 - INFO - Total loss: 19.880111694335938
2026-04-09 17:03:41,400 - INFO - Epoch val loss: 42.1114387512207
2026-04-09 17:03:41,400 - INFO - -------------------
2026-04-09 17:03:41,400 - INFO - Saving model at epoch 25
2026-04-09 17:03:41,400 - INFO - Saving model name: AERCA_nonlinear_ws_5_stride_1_lr_0.0001_epochs_5000_hidden_layer_size_50_num_hidden_layers_8.pt
2026-04-09 17:03:41,503 - INFO - Reconstruction loss: 11.367368698120117
2026-04-09 17:03:41,503 - INFO - Encoder coeffs loss: 0.28749018907546997
2026-04-09 17:03:41,504 - INFO - Decoder coeffs loss: 0.33964231610298157
2026-04-09 17:03:41,504 - INFO - Prev coeffs loss: 0.22976991534233093
2026-04-09 17:03:41,505 - INFO - Encoder smooth loss: 0.22458608448505402
2026-04-09 17:03:41,505 - INFO - Decoder smooth loss: 0.2564696669578552
2026-04-09 17:03:41,506 - INFO - Prev smooth loss: 0.18347112834453583
2026-04-09 17:03:41,506 - INFO - KL loss: 17.56979751586914
2026-04-09 17:03:41,506 - INFO - Total loss: 20.912982940673828
2026-04-09 17:03:41,580 - INFO - Reconstruction loss: 10.632986068725586
2026-04-09 17:03:41,581 - INFO - Encoder coeffs loss: 0.28572219610214233
2026-04-09 17:03:41,581 - INFO - Decoder coeffs loss: 0.3374027907848358
2026-04-09 17:03:41,582 - INFO - Prev coeffs loss: 0.22924183309078217
2026-04-09 17:03:41,582 - INFO - Encoder smooth loss: 0.2233966886997223
2026-04-09 17:03:41,582 - INFO - Decoder smooth loss: 0.2550326883792877
2026-04-09 17:03:41,583 - INFO - Prev smooth loss: 0.1830323338508606
2026-04-09 17:03:41,583 - INFO - KL loss: 16.538963317871094
2026-04-09 17:03:41,583 - INFO - Total loss: 19.659381866455078
2026-04-09 17:03:41,657 - INFO - Reconstruction loss: 10.972624778747559
2026-04-09 17:03:41,658 - INFO - Encoder coeffs loss: 0.2906586825847626
2026-04-09 17:03:41,658 - INFO - Decoder coeffs loss: 0.33961763978004456
2026-04-09 17:03:41,658 - INFO - Prev coeffs loss: 0.23045264184474945
2026-04-09 17:03:41,658 - INFO - Encoder smooth loss: 0.2263164222240448
2026-04-09 17:03:41,658 - INFO - Decoder smooth loss: 0.257268488407135
2026-04-09 17:03:41,659 - INFO - Prev smooth loss: 0.1830037534236908
2026-04-09 17:03:41,659 - INFO - KL loss: 17.022031784057617
2026-04-09 17:03:41,659 - INFO - Total loss: 20.247299194335938
2026-04-09 17:03:41,734 - INFO - Reconstruction loss: 10.057190895080566
2026-04-09 17:03:41,735 - INFO - Encoder coeffs loss: 0.2855808734893799
2026-04-09 17:03:41,735 - INFO - Decoder coeffs loss: 0.3374921679496765
2026-04-09 17:03:41,735 - INFO - Prev coeffs loss: 0.22916875779628754
2026-04-09 17:03:41,736 - INFO - Encoder smooth loss: 0.2230648249387741
2026-04-09 17:03:41,736 - INFO - Decoder smooth loss: 0.255959689617157
2026-04-09 17:03:41,736 - INFO - Prev smooth loss: 0.1825408637523651
2026-04-09 17:03:41,737 - INFO - KL loss: 15.94051742553711
2026-04-09 17:03:41,737 - INFO - Total loss: 18.78435516357422
2026-04-09 17:03:41,810 - INFO - Reconstruction loss: 11.677135467529297
2026-04-09 17:03:41,812 - INFO - Encoder coeffs loss: 0.2904396653175354
2026-04-09 17:03:41,812 - INFO - Decoder coeffs loss: 0.3444887101650238
2026-04-09 17:03:41,812 - INFO - Prev coeffs loss: 0.22957804799079895
2026-04-09 17:03:41,813 - INFO - Encoder smooth loss: 0.22581999003887177
2026-04-09 17:03:41,813 - INFO - Decoder smooth loss: 0.26068800687789917
2026-04-09 17:03:41,814 - INFO - Prev smooth loss: 0.18238802254199982
2026-04-09 17:03:41,814 - INFO - KL loss: 17.95902442932129
2026-04-09 17:03:41,814 - INFO - Total loss: 21.42334747314453
2026-04-09 17:03:41,885 - INFO - Reconstruction loss: 10.621164321899414
2026-04-09 17:03:41,885 - INFO - Encoder coeffs loss: 0.29143771529197693
2026-04-09 17:03:41,886 - INFO - Decoder coeffs loss: 0.34185266494750977
2026-04-09 17:03:41,886 - INFO - Prev coeffs loss: 0.22949832677841187
2026-04-09 17:03:41,887 - INFO - Encoder smooth loss: 0.22634683549404144
2026-04-09 17:03:41,887 - INFO - Decoder smooth loss: 0.2585938572883606
2026-04-09 17:03:41,887 - INFO - Prev smooth loss: 0.18200930953025818
2026-04-09 17:03:41,887 - INFO - KL loss: 16.710433959960938
2026-04-09 17:03:41,888 - INFO - Total loss: 19.741249084472656
2026-04-09 17:03:41,959 - INFO - Reconstruction loss: 11.242727279663086
2026-04-09 17:03:41,960 - INFO - Encoder coeffs loss: 0.2907631993293762
2026-04-09 17:03:41,960 - INFO - Decoder coeffs loss: 0.3437395989894867
2026-04-09 17:03:41,960 - INFO - Prev coeffs loss: 0.2288231998682022
2026-04-09 17:03:41,961 - INFO - Encoder smooth loss: 0.22592559456825256
2026-04-09 17:03:41,961 - INFO - Decoder smooth loss: 0.26039978861808777
2026-04-09 17:03:41,961 - INFO - Prev smooth loss: 0.1817813217639923
2026-04-09 17:03:41,962 - INFO - KL loss: 17.74459457397461
2026-04-09 17:03:41,962 - INFO - Total loss: 20.880741119384766
2026-04-09 17:03:42,034 - INFO - Reconstruction loss: 10.059656143188477
2026-04-09 17:03:42,034 - INFO - Encoder coeffs loss: 0.28576862812042236
2026-04-09 17:03:42,035 - INFO - Decoder coeffs loss: 0.337545782327652
2026-04-09 17:03:42,035 - INFO - Prev coeffs loss: 0.22751009464263916
2026-04-09 17:03:42,035 - INFO - Encoder smooth loss: 0.22274282574653625
2026-04-09 17:03:42,036 - INFO - Decoder smooth loss: 0.2554662525653839
2026-04-09 17:03:42,036 - INFO - Prev smooth loss: 0.18117552995681763
2026-04-09 17:03:42,036 - INFO - KL loss: 15.160276412963867
2026-04-09 17:03:42,037 - INFO - Total loss: 18.3948974609375
2026-04-09 17:03:42,080 - INFO - Epoch 26/5000
2026-04-09 17:03:42,080 - INFO - Epoch training loss: 160.04425430297852
2026-04-09 17:03:42,080 - INFO - -------------------
2026-04-09 17:03:42,106 - INFO - Reconstruction loss: 11.823058128356934
2026-04-09 17:03:42,107 - INFO - Encoder coeffs loss: 0.29133400321006775
2026-04-09 17:03:42,107 - INFO - Decoder coeffs loss: 0.34753310680389404
2026-04-09 17:03:42,107 - INFO - Prev coeffs loss: 0.22803491353988647
2026-04-09 17:03:42,108 - INFO - Encoder smooth loss: 0.22588787972927094
2026-04-09 17:03:42,108 - INFO - Decoder smooth loss: 0.26286277174949646
2026-04-09 17:03:42,108 - INFO - Prev smooth loss: 0.18113775551319122
2026-04-09 17:03:42,108 - INFO - KL loss: 18.36709976196289
2026-04-09 17:03:42,109 - INFO - Total loss: 21.775001525878906
2026-04-09 17:03:42,133 - INFO - Reconstruction loss: 10.632786750793457
2026-04-09 17:03:42,133 - INFO - Encoder coeffs loss: 0.28747838735580444
2026-04-09 17:03:42,134 - INFO - Decoder coeffs loss: 0.3427502512931824
2026-04-09 17:03:42,134 - INFO - Prev coeffs loss: 0.22722046077251434
2026-04-09 17:03:42,134 - INFO - Encoder smooth loss: 0.22369661927223206
2026-04-09 17:03:42,135 - INFO - Decoder smooth loss: 0.25934892892837524
2026-04-09 17:03:42,135 - INFO - Prev smooth loss: 0.18089479207992554
2026-04-09 17:03:42,135 - INFO - KL loss: 16.031539916992188
2026-04-09 17:03:42,136 - INFO - Total loss: 19.409250259399414
2026-04-09 17:03:42,136 - INFO - Epoch val loss: 41.18425178527832
2026-04-09 17:03:42,136 - INFO - -------------------
2026-04-09 17:03:42,136 - INFO - Saving model at epoch 26
2026-04-09 17:03:42,136 - INFO - Saving model name: AERCA_nonlinear_ws_5_stride_1_lr_0.0001_epochs_5000_hidden_layer_size_50_num_hidden_layers_8.pt
2026-04-09 17:03:42,235 - INFO - Reconstruction loss: 11.136706352233887
2026-04-09 17:03:42,237 - INFO - Encoder coeffs loss: 0.2900795042514801
2026-04-09 17:03:42,237 - INFO - Decoder coeffs loss: 0.34490150213241577
2026-04-09 17:03:42,237 - INFO - Prev coeffs loss: 0.22763663530349731
2026-04-09 17:03:42,238 - INFO - Encoder smooth loss: 0.2252376228570938
2026-04-09 17:03:42,238 - INFO - Decoder smooth loss: 0.26100537180900574
2026-04-09 17:03:42,238 - INFO - Prev smooth loss: 0.1809876263141632
2026-04-09 17:03:42,239 - INFO - KL loss: 17.072654724121094
2026-04-09 17:03:42,239 - INFO - Total loss: 20.437957763671875
2026-04-09 17:03:42,323 - INFO - Reconstruction loss: 10.419732093811035
2026-04-09 17:03:42,324 - INFO - Encoder coeffs loss: 0.28820788860321045
2026-04-09 17:03:42,324 - INFO - Decoder coeffs loss: 0.3426528871059418
2026-04-09 17:03:42,324 - INFO - Prev coeffs loss: 0.2270788848400116
2026-04-09 17:03:42,325 - INFO - Encoder smooth loss: 0.2239510715007782
2026-04-09 17:03:42,325 - INFO - Decoder smooth loss: 0.2594812214374542
2026-04-09 17:03:42,325 - INFO - Prev smooth loss: 0.1805362105369568
2026-04-09 17:03:42,325 - INFO - KL loss: 16.089916229248047
2026-04-09 17:03:42,326 - INFO - Total loss: 19.225645065307617
2026-04-09 17:03:42,397 - INFO - Reconstruction loss: 10.754290580749512
2026-04-09 17:03:42,398 - INFO - Encoder coeffs loss: 0.2933526337146759
2026-04-09 17:03:42,398 - INFO - Decoder coeffs loss: 0.3448292016983032
2026-04-09 17:03:42,398 - INFO - Prev coeffs loss: 0.22833552956581116
2026-04-09 17:03:42,399 - INFO - Encoder smooth loss: 0.22700142860412598
2026-04-09 17:03:42,399 - INFO - Decoder smooth loss: 0.26164641976356506
2026-04-09 17:03:42,399 - INFO - Prev smooth loss: 0.18058957159519196
2026-04-09 17:03:42,399 - INFO - KL loss: 16.513999938964844
2026-04-09 17:03:42,400 - INFO - Total loss: 19.77916717529297
2026-04-09 17:03:42,479 - INFO - Reconstruction loss: 9.855177879333496
2026-04-09 17:03:42,480 - INFO - Encoder coeffs loss: 0.28798428177833557
2026-04-09 17:03:42,481 - INFO - Decoder coeffs loss: 0.342438280582428
2026-04-09 17:03:42,481 - INFO - Prev coeffs loss: 0.22693240642547607
2026-04-09 17:03:42,482 - INFO - Encoder smooth loss: 0.22353719174861908
2026-04-09 17:03:42,482 - INFO - Decoder smooth loss: 0.26008322834968567
2026-04-09 17:03:42,482 - INFO - Prev smooth loss: 0.18006832897663116
2026-04-09 17:03:42,483 - INFO - KL loss: 15.420310974121094
2026-04-09 17:03:42,483 - INFO - Total loss: 18.325855255126953
2026-04-09 17:03:42,563 - INFO - Reconstruction loss: 11.420722007751465
2026-04-09 17:03:42,564 - INFO - Encoder coeffs loss: 0.29317957162857056
2026-04-09 17:03:42,564 - INFO - Decoder coeffs loss: 0.34977930784225464
2026-04-09 17:03:42,564 - INFO - Prev coeffs loss: 0.22733621299266815
2026-04-09 17:03:42,564 - INFO - Encoder smooth loss: 0.22650615870952606
2026-04-09 17:03:42,565 - INFO - Decoder smooth loss: 0.2651293873786926
2026-04-09 17:03:42,565 - INFO - Prev smooth loss: 0.17996037006378174
2026-04-09 17:03:42,565 - INFO - KL loss: 17.39604377746582
2026-04-09 17:03:42,566 - INFO - Total loss: 20.889690399169922
2026-04-09 17:03:42,642 - INFO - Reconstruction loss: 10.426996231079102
2026-04-09 17:03:42,643 - INFO - Encoder coeffs loss: 0.2940232753753662
2026-04-09 17:03:42,643 - INFO - Decoder coeffs loss: 0.34723174571990967
2026-04-09 17:03:42,644 - INFO - Prev coeffs loss: 0.22723107039928436
2026-04-09 17:03:42,644 - INFO - Encoder smooth loss: 0.22693835198879242
2026-04-09 17:03:42,644 - INFO - Decoder smooth loss: 0.26301321387290955
2026-04-09 17:03:42,645 - INFO - Prev smooth loss: 0.17958562076091766
2026-04-09 17:03:42,645 - INFO - KL loss: 16.23794174194336
2026-04-09 17:03:42,645 - INFO - Total loss: 19.314979553222656
2026-04-09 17:03:42,717 - INFO - Reconstruction loss: 11.034809112548828
2026-04-09 17:03:42,718 - INFO - Encoder coeffs loss: 0.29339542984962463
2026-04-09 17:03:42,718 - INFO - Decoder coeffs loss: 0.3493034243583679
2026-04-09 17:03:42,719 - INFO - Prev coeffs loss: 0.22653329372406006
2026-04-09 17:03:42,719 - INFO - Encoder smooth loss: 0.2265772819519043
2026-04-09 17:03:42,719 - INFO - Decoder smooth loss: 0.2649266719818115
2026-04-09 17:03:42,719 - INFO - Prev smooth loss: 0.17936579883098602
2026-04-09 17:03:42,720 - INFO - KL loss: 17.24513053894043
2026-04-09 17:03:42,720 - INFO - Total loss: 20.427425384521484
2026-04-09 17:03:42,792 - INFO - Reconstruction loss: 9.857695579528809
2026-04-09 17:03:42,793 - INFO - Encoder coeffs loss: 0.288063645362854
2026-04-09 17:03:42,793 - INFO - Decoder coeffs loss: 0.34296876192092896
2026-04-09 17:03:42,794 - INFO - Prev coeffs loss: 0.22516843676567078
2026-04-09 17:03:42,794 - INFO - Encoder smooth loss: 0.22314873337745667
2026-04-09 17:03:42,794 - INFO - Decoder smooth loss: 0.2597682476043701
2026-04-09 17:03:42,795 - INFO - Prev smooth loss: 0.1787032186985016
2026-04-09 17:03:42,795 - INFO - KL loss: 14.742657661437988
2026-04-09 17:03:42,795 - INFO - Total loss: 17.987934112548828
2026-04-09 17:03:42,839 - INFO - Epoch 27/5000
2026-04-09 17:03:42,839 - INFO - Epoch training loss: 156.3886547088623
2026-04-09 17:03:42,839 - INFO - -------------------
2026-04-09 17:03:42,866 - INFO - Reconstruction loss: 11.643881797790527
2026-04-09 17:03:42,866 - INFO - Encoder coeffs loss: 0.2939329147338867
2026-04-09 17:03:42,866 - INFO - Decoder coeffs loss: 0.35328078269958496
2026-04-09 17:03:42,867 - INFO - Prev coeffs loss: 0.22565533220767975
2026-04-09 17:03:42,867 - INFO - Encoder smooth loss: 0.22652636468410492
2026-04-09 17:03:42,867 - INFO - Decoder smooth loss: 0.26750195026397705
2026-04-09 17:03:42,868 - INFO - Prev smooth loss: 0.1787136048078537
2026-04-09 17:03:42,868 - INFO - KL loss: 17.901878356933594
2026-04-09 17:03:42,868 - INFO - Total loss: 21.367626190185547
2026-04-09 17:03:42,892 - INFO - Reconstruction loss: 10.430402755737305
2026-04-09 17:03:42,892 - INFO - Encoder coeffs loss: 0.2899426221847534
2026-04-09 17:03:42,892 - INFO - Decoder coeffs loss: 0.3484359383583069
2026-04-09 17:03:42,893 - INFO - Prev coeffs loss: 0.22485198080539703
2026-04-09 17:03:42,893 - INFO - Encoder smooth loss: 0.2242317646741867
2026-04-09 17:03:42,894 - INFO - Decoder smooth loss: 0.2638378143310547
2026-04-09 17:03:42,894 - INFO - Prev smooth loss: 0.17843587696552277
2026-04-09 17:03:42,894 - INFO - KL loss: 15.583329200744629
2026-04-09 17:03:42,894 - INFO - Total loss: 18.986934661865234
2026-04-09 17:03:42,895 - INFO - Epoch val loss: 40.35456085205078
2026-04-09 17:03:42,895 - INFO - -------------------
2026-04-09 17:03:42,895 - INFO - Saving model at epoch 27
2026-04-09 17:03:42,895 - INFO - Saving model name: AERCA_nonlinear_ws_5_stride_1_lr_0.0001_epochs_5000_hidden_layer_size_50_num_hidden_layers_8.pt
2026-04-09 17:03:42,994 - INFO - Reconstruction loss: 10.928123474121094
2026-04-09 17:03:42,994 - INFO - Encoder coeffs loss: 0.2926054000854492
2026-04-09 17:03:42,995 - INFO - Decoder coeffs loss: 0.3507019281387329
2026-04-09 17:03:42,995 - INFO - Prev coeffs loss: 0.22525548934936523
2026-04-09 17:03:42,995 - INFO - Encoder smooth loss: 0.22581732273101807
2026-04-09 17:03:42,996 - INFO - Decoder smooth loss: 0.2656329572200775
2026-04-09 17:03:42,997 - INFO - Prev smooth loss: 0.1785421222448349
2026-04-09 17:03:42,997 - INFO - KL loss: 16.61083984375
2026-04-09 17:03:42,997 - INFO - Total loss: 20.002822875976562
2026-04-09 17:03:43,069 - INFO - Reconstruction loss: 10.231867790222168
2026-04-09 17:03:43,069 - INFO - Encoder coeffs loss: 0.2905811071395874
2026-04-09 17:03:43,070 - INFO - Decoder coeffs loss: 0.3484225869178772
2026-04-09 17:03:43,070 - INFO - Prev coeffs loss: 0.2246616780757904
2026-04-09 17:03:43,071 - INFO - Encoder smooth loss: 0.22442619502544403
2026-04-09 17:03:43,071 - INFO - Decoder smooth loss: 0.2639941871166229
2026-04-09 17:03:43,071 - INFO - Prev smooth loss: 0.17807157337665558
2026-04-09 17:03:43,071 - INFO - KL loss: 15.67724609375
2026-04-09 17:03:43,072 - INFO - Total loss: 18.835569381713867
2026-04-09 17:03:43,144 - INFO - Reconstruction loss: 10.56029224395752
2026-04-09 17:03:43,145 - INFO - Encoder coeffs loss: 0.29579833149909973
2026-04-09 17:03:43,145 - INFO - Decoder coeffs loss: 0.35047295689582825
2026-04-09 17:03:43,145 - INFO - Prev coeffs loss: 0.22586467862129211
2026-04-09 17:03:43,146 - INFO - Encoder smooth loss: 0.2275756448507309
2026-04-09 17:03:43,146 - INFO - Decoder smooth loss: 0.26607123017311096
2026-04-09 17:03:43,146 - INFO - Prev smooth loss: 0.17815694212913513
2026-04-09 17:03:43,146 - INFO - KL loss: 16.05063819885254
2026-04-09 17:03:43,147 - INFO - Total loss: 19.357582092285156
2026-04-09 17:03:43,219 - INFO - Reconstruction loss: 9.679499626159668
2026-04-09 17:03:43,219 - INFO - Encoder coeffs loss: 0.2901783883571625
2026-04-09 17:03:43,220 - INFO - Decoder coeffs loss: 0.3477103114128113
2026-04-09 17:03:43,220 - INFO - Prev coeffs loss: 0.22438889741897583
2026-04-09 17:03:43,221 - INFO - Encoder smooth loss: 0.22391143441200256
2026-04-09 17:03:43,221 - INFO - Decoder smooth loss: 0.2641873061656952
2026-04-09 17:03:43,221 - INFO - Prev smooth loss: 0.17759044468402863
2026-04-09 17:03:43,221 - INFO - KL loss: 14.938323974609375
2026-04-09 17:03:43,222 - INFO - Total loss: 17.91264533996582
2026-04-09 17:03:43,293 - INFO - Reconstruction loss: 11.197669982910156
2026-04-09 17:03:43,293 - INFO - Encoder coeffs loss: 0.2956225275993347
2026-04-09 17:03:43,293 - INFO - Decoder coeffs loss: 0.35538527369499207
2026-04-09 17:03:43,294 - INFO - Prev coeffs loss: 0.22474581003189087
2026-04-09 17:03:43,295 - INFO - Encoder smooth loss: 0.2270790934562683
2026-04-09 17:03:43,295 - INFO - Decoder smooth loss: 0.26951709389686584
2026-04-09 17:03:43,295 - INFO - Prev smooth loss: 0.17748793959617615
2026-04-09 17:03:43,295 - INFO - KL loss: 16.88622283935547
2026-04-09 17:03:43,296 - INFO - Total loss: 20.415699005126953
2026-04-09 17:03:43,368 - INFO - Reconstruction loss: 10.257730484008789
2026-04-09 17:03:43,368 - INFO - Encoder coeffs loss: 0.2962276041507721
2026-04-09 17:03:43,369 - INFO - Decoder coeffs loss: 0.3528357446193695
2026-04-09 17:03:43,369 - INFO - Prev coeffs loss: 0.22459293901920319
2026-04-09 17:03:43,369 - INFO - Encoder smooth loss: 0.2273949682712555
2026-04-09 17:03:43,369 - INFO - Decoder smooth loss: 0.26734673976898193
2026-04-09 17:03:43,370 - INFO - Prev smooth loss: 0.17709510028362274
2026-04-09 17:03:43,370 - INFO - KL loss: 15.805679321289062
2026-04-09 17:03:43,370 - INFO - Total loss: 18.933317184448242
2026-04-09 17:03:43,440 - INFO - Reconstruction loss: 10.851082801818848
2026-04-09 17:03:43,441 - INFO - Encoder coeffs loss: 0.295654833316803
2026-04-09 17:03:43,442 - INFO - Decoder coeffs loss: 0.35503777861595154
2026-04-09 17:03:43,442 - INFO - Prev coeffs loss: 0.22388675808906555
2026-04-09 17:03:43,443 - INFO - Encoder smooth loss: 0.22710895538330078
2026-04-09 17:03:43,443 - INFO - Decoder smooth loss: 0.26934099197387695
2026-04-09 17:03:43,444 - INFO - Prev smooth loss: 0.17687836289405823
2026-04-09 17:03:43,444 - INFO - KL loss: 16.79190444946289
2026-04-09 17:03:43,445 - INFO - Total loss: 20.02098846435547
2026-04-09 17:03:43,521 - INFO - Reconstruction loss: 9.678706169128418
2026-04-09 17:03:43,521 - INFO - Encoder coeffs loss: 0.2900201082229614
2026-04-09 17:03:43,522 - INFO - Decoder coeffs loss: 0.3485215902328491
2026-04-09 17:03:43,522 - INFO - Prev coeffs loss: 0.22251486778259277
2026-04-09 17:03:43,522 - INFO - Encoder smooth loss: 0.22344616055488586
2026-04-09 17:03:43,523 - INFO - Decoder smooth loss: 0.2639597952365875
2026-04-09 17:03:43,524 - INFO - Prev smooth loss: 0.1761796623468399
2026-04-09 17:03:43,524 - INFO - KL loss: 14.358068466186523
2026-04-09 17:03:43,524 - INFO - Total loss: 17.62006187438965
2026-04-09 17:03:43,570 - INFO - Epoch 28/5000
2026-04-09 17:03:43,570 - INFO - Epoch training loss: 153.09868621826172
2026-04-09 17:03:43,571 - INFO - -------------------
2026-04-09 17:03:43,596 - INFO - Reconstruction loss: 11.486516952514648
2026-04-09 17:03:43,596 - INFO - Encoder coeffs loss: 0.29609018564224243
2026-04-09 17:03:43,597 - INFO - Decoder coeffs loss: 0.3590777516365051
2026-04-09 17:03:43,597 - INFO - Prev coeffs loss: 0.22294309735298157
2026-04-09 17:03:43,597 - INFO - Encoder smooth loss: 0.2270396649837494
2026-04-09 17:03:43,597 - INFO - Decoder smooth loss: 0.271965354681015
2026-04-09 17:03:43,598 - INFO - Prev smooth loss: 0.1762014627456665
2026-04-09 17:03:43,598 - INFO - KL loss: 17.47813606262207
2026-04-09 17:03:43,598 - INFO - Total loss: 21.002243041992188
2026-04-09 17:03:43,623 - INFO - Reconstruction loss: 10.25303840637207
2026-04-09 17:03:43,623 - INFO - Encoder coeffs loss: 0.292030930519104
2026-04-09 17:03:43,623 - INFO - Decoder coeffs loss: 0.3541640043258667
2026-04-09 17:03:43,624 - INFO - Prev coeffs loss: 0.22219061851501465
2026-04-09 17:03:43,624 - INFO - Encoder smooth loss: 0.22466057538986206
2026-04-09 17:03:43,624 - INFO - Decoder smooth loss: 0.2681523859500885
2026-04-09 17:03:43,624 - INFO - Prev smooth loss: 0.17592571675777435
2026-04-09 17:03:43,625 - INFO - KL loss: 15.170607566833496
2026-04-09 17:03:43,625 - INFO - Total loss: 18.606904983520508
2026-04-09 17:03:43,625 - INFO - Epoch val loss: 39.609148025512695
2026-04-09 17:03:43,625 - INFO - -------------------
2026-04-09 17:03:43,625 - INFO - Saving model at epoch 28
2026-04-09 17:03:43,625 - INFO - Saving model name: AERCA_nonlinear_ws_5_stride_1_lr_0.0001_epochs_5000_hidden_layer_size_50_num_hidden_layers_8.pt
2026-04-09 17:03:43,726 - INFO - Reconstruction loss: 10.739388465881348
2026-04-09 17:03:43,726 - INFO - Encoder coeffs loss: 0.2947264015674591
2026-04-09 17:03:43,726 - INFO - Decoder coeffs loss: 0.3565475344657898
2026-04-09 17:03:43,727 - INFO - Prev coeffs loss: 0.22255390882492065
2026-04-09 17:03:43,727 - INFO - Encoder smooth loss: 0.2262841910123825
2026-04-09 17:03:43,727 - INFO - Decoder smooth loss: 0.2700892388820648
2026-04-09 17:03:43,728 - INFO - Prev smooth loss: 0.1760183572769165
2026-04-09 17:03:43,728 - INFO - KL loss: 16.183246612548828
2026-04-09 17:03:43,728 - INFO - Total loss: 19.604122161865234
2026-04-09 17:03:43,801 - INFO - Reconstruction loss: 10.065497398376465
2026-04-09 17:03:43,802 - INFO - Encoder coeffs loss: 0.29255858063697815
2026-04-09 17:03:43,802 - INFO - Decoder coeffs loss: 0.3542056679725647
2026-04-09 17:03:43,802 - INFO - Prev coeffs loss: 0.2219388782978058
2026-04-09 17:03:43,803 - INFO - Encoder smooth loss: 0.224792018532753
2026-04-09 17:03:43,803 - INFO - Decoder smooth loss: 0.26831305027008057
2026-04-09 17:03:43,803 - INFO - Prev smooth loss: 0.17553557455539703
2026-04-09 17:03:43,804 - INFO - KL loss: 15.298615455627441
2026-04-09 17:03:43,804 - INFO - Total loss: 18.483476638793945
2026-04-09 17:03:43,876 - INFO - Reconstruction loss: 10.385981559753418
2026-04-09 17:03:43,877 - INFO - Encoder coeffs loss: 0.29775500297546387
2026-04-09 17:03:43,877 - INFO - Decoder coeffs loss: 0.35613173246383667
2026-04-09 17:03:43,878 - INFO - Prev coeffs loss: 0.22305241227149963
2026-04-09 17:03:43,878 - INFO - Encoder smooth loss: 0.2280021756887436
2026-04-09 17:03:43,878 - INFO - Decoder smooth loss: 0.27028417587280273
2026-04-09 17:03:43,879 - INFO - Prev smooth loss: 0.17560319602489471
2026-04-09 17:03:43,879 - INFO - KL loss: 15.625595092773438
2026-04-09 17:03:43,879 - INFO - Total loss: 18.974193572998047
2026-04-09 17:03:43,953 - INFO - Reconstruction loss: 9.526782989501953
2026-04-09 17:03:43,953 - INFO - Encoder coeffs loss: 0.29196327924728394
2026-04-09 17:03:43,954 - INFO - Decoder coeffs loss: 0.3529394865036011
2026-04-09 17:03:43,954 - INFO - Prev coeffs loss: 0.22157877683639526
2026-04-09 17:03:43,955 - INFO - Encoder smooth loss: 0.2241707146167755
2026-04-09 17:03:43,955 - INFO - Decoder smooth loss: 0.26805102825164795
2026-04-09 17:03:43,955 - INFO - Prev smooth loss: 0.17502565681934357
2026-04-09 17:03:43,955 - INFO - KL loss: 14.499703407287598
2026-04-09 17:03:43,956 - INFO - Total loss: 17.543498992919922
2026-04-09 17:03:44,034 - INFO - Reconstruction loss: 11.000082015991211
2026-04-09 17:03:44,035 - INFO - Encoder coeffs loss: 0.29756593704223633
2026-04-09 17:03:44,035 - INFO - Decoder coeffs loss: 0.3610193729400635
2026-04-09 17:03:44,036 - INFO - Prev coeffs loss: 0.22188714146614075
2026-04-09 17:03:44,036 - INFO - Encoder smooth loss: 0.22749899327754974
2026-04-09 17:03:44,036 - INFO - Decoder smooth loss: 0.2736515700817108
2026-04-09 17:03:44,037 - INFO - Prev smooth loss: 0.1749027669429779
2026-04-09 17:03:44,037 - INFO - KL loss: 16.42481231689453
2026-04-09 17:03:44,037 - INFO - Total loss: 19.990751266479492
2026-04-09 17:03:44,109 - INFO - Reconstruction loss: 10.10705280303955
2026-04-09 17:03:44,109 - INFO - Encoder coeffs loss: 0.29790595173835754
2026-04-09 17:03:44,110 - INFO - Decoder coeffs loss: 0.35847699642181396
2026-04-09 17:03:44,110 - INFO - Prev coeffs loss: 0.22168388962745667
2026-04-09 17:03:44,111 - INFO - Encoder smooth loss: 0.22766946256160736
2026-04-09 17:03:44,111 - INFO - Decoder smooth loss: 0.2714172303676605
2026-04-09 17:03:44,111 - INFO - Prev smooth loss: 0.17447985708713531
2026-04-09 17:03:44,111 - INFO - KL loss: 15.417291641235352
2026-04-09 17:03:44,112 - INFO - Total loss: 18.591514587402344
2026-04-09 17:03:44,184 - INFO - Reconstruction loss: 10.683043479919434
2026-04-09 17:03:44,184 - INFO - Encoder coeffs loss: 0.2974291443824768
2026-04-09 17:03:44,184 - INFO - Decoder coeffs loss: 0.36083707213401794
2026-04-09 17:03:44,186 - INFO - Prev coeffs loss: 0.22100523114204407
2026-04-09 17:03:44,186 - INFO - Encoder smooth loss: 0.22745324671268463
2026-04-09 17:03:44,186 - INFO - Decoder smooth loss: 0.2734633982181549
2026-04-09 17:03:44,187 - INFO - Prev smooth loss: 0.17427246272563934
2026-04-09 17:03:44,187 - INFO - KL loss: 16.379261016845703
2026-04-09 17:03:44,187 - INFO - Total loss: 19.649906158447266
2026-04-09 17:03:44,260 - INFO - Reconstruction loss: 9.519055366516113
2026-04-09 17:03:44,261 - INFO - Encoder coeffs loss: 0.2915845513343811
2026-04-09 17:03:44,261 - INFO - Decoder coeffs loss: 0.35414189100265503
2026-04-09 17:03:44,261 - INFO - Prev coeffs loss: 0.21964523196220398
2026-04-09 17:03:44,262 - INFO - Encoder smooth loss: 0.2235916554927826
2026-04-09 17:03:44,262 - INFO - Decoder smooth loss: 0.26787707209587097
2026-04-09 17:03:44,262 - INFO - Prev smooth loss: 0.17355234920978546
2026-04-09 17:03:44,263 - INFO - KL loss: 14.003278732299805
2026-04-09 17:03:44,263 - INFO - Total loss: 17.285890579223633
2026-04-09 17:03:44,308 - INFO - Epoch 29/5000
2026-04-09 17:03:44,308 - INFO - Epoch training loss: 150.12335395812988
2026-04-09 17:03:44,308 - INFO - -------------------
2026-04-09 17:03:44,333 - INFO - Reconstruction loss: 11.345212936401367
2026-04-09 17:03:44,333 - INFO - Encoder coeffs loss: 0.2978294789791107
2026-04-09 17:03:44,334 - INFO - Decoder coeffs loss: 0.3650023341178894
2026-04-09 17:03:44,334 - INFO - Prev coeffs loss: 0.22002564370632172
2026-04-09 17:03:44,334 - INFO - Encoder smooth loss: 0.2273697555065155
2026-04-09 17:03:44,335 - INFO - Decoder smooth loss: 0.27607738971710205
2026-04-09 17:03:44,335 - INFO - Prev smooth loss: 0.1735745221376419
2026-04-09 17:03:44,335 - INFO - KL loss: 17.097370147705078
2026-04-09 17:03:44,336 - INFO - Total loss: 20.67383575439453
2026-04-09 17:03:44,362 - INFO - Reconstruction loss: 10.096731185913086
2026-04-09 17:03:44,362 - INFO - Encoder coeffs loss: 0.29370999336242676
2026-04-09 17:03:44,363 - INFO - Decoder coeffs loss: 0.35992419719696045
2026-04-09 17:03:44,363 - INFO - Prev coeffs loss: 0.21933580935001373
2026-04-09 17:03:44,363 - INFO - Encoder smooth loss: 0.2249194085597992
2026-04-09 17:03:44,364 - INFO - Decoder smooth loss: 0.2721160054206848
2026-04-09 17:03:44,364 - INFO - Prev smooth loss: 0.1733120232820511
2026-04-09 17:03:44,364 - INFO - KL loss: 14.794492721557617
2026-04-09 17:03:44,364 - INFO - Total loss: 18.265636444091797
2026-04-09 17:03:44,365 - INFO - Epoch val loss: 38.93947219848633
2026-04-09 17:03:44,365 - INFO - -------------------
2026-04-09 17:03:44,365 - INFO - Saving model at epoch 29
2026-04-09 17:03:44,365 - INFO - Saving model name: AERCA_nonlinear_ws_5_stride_1_lr_0.0001_epochs_5000_hidden_layer_size_50_num_hidden_layers_8.pt
2026-04-09 17:03:44,464 - INFO - Reconstruction loss: 10.567647933959961
2026-04-09 17:03:44,464 - INFO - Encoder coeffs loss: 0.2964160442352295
2026-04-09 17:03:44,465 - INFO - Decoder coeffs loss: 0.36246684193611145
2026-04-09 17:03:44,465 - INFO - Prev coeffs loss: 0.21964728832244873
2026-04-09 17:03:44,465 - INFO - Encoder smooth loss: 0.22657012939453125
2026-04-09 17:03:44,466 - INFO - Decoder smooth loss: 0.2741972804069519
2026-04-09 17:03:44,466 - INFO - Prev smooth loss: 0.17338421940803528
2026-04-09 17:03:44,466 - INFO - KL loss: 15.79214859008789
2026-04-09 17:03:44,467 - INFO - Total loss: 19.240062713623047
2026-04-09 17:03:44,540 - INFO - Reconstruction loss: 9.920003890991211
2026-04-09 17:03:44,540 - INFO - Encoder coeffs loss: 0.2941693067550659
2026-04-09 17:03:44,541 - INFO - Decoder coeffs loss: 0.3600286841392517
2026-04-09 17:03:44,541 - INFO - Prev coeffs loss: 0.21903422474861145
2026-04-09 17:03:44,542 - INFO - Encoder smooth loss: 0.224978968501091
2026-04-09 17:03:44,542 - INFO - Decoder smooth loss: 0.2722524106502533
2026-04-09 17:03:44,542 - INFO - Prev smooth loss: 0.1728915125131607
2026-04-09 17:03:44,542 - INFO - KL loss: 14.953485488891602
2026-04-09 17:03:44,543 - INFO - Total loss: 18.168424606323242
2026-04-09 17:03:44,628 - INFO - Reconstruction loss: 10.22617244720459
2026-04-09 17:03:44,629 - INFO - Encoder coeffs loss: 0.29932427406311035
2026-04-09 17:03:44,629 - INFO - Decoder coeffs loss: 0.3619312644004822
2026-04-09 17:03:44,630 - INFO - Prev coeffs loss: 0.22008401155471802
2026-04-09 17:03:44,630 - INFO - Encoder smooth loss: 0.22821176052093506
2026-04-09 17:03:44,630 - INFO - Decoder smooth loss: 0.2741093635559082
2026-04-09 17:03:44,631 - INFO - Prev smooth loss: 0.17294196784496307
2026-04-09 17:03:44,631 - INFO - KL loss: 15.237264633178711
2026-04-09 17:03:44,631 - INFO - Total loss: 18.62310791015625
2026-04-09 17:03:44,707 - INFO - Reconstruction loss: 9.394874572753906
2026-04-09 17:03:44,708 - INFO - Encoder coeffs loss: 0.29345399141311646
2026-04-09 17:03:44,708 - INFO - Decoder coeffs loss: 0.3582789897918701
2026-04-09 17:03:44,708 - INFO - Prev coeffs loss: 0.21865200996398926
2026-04-09 17:03:44,709 - INFO - Encoder smooth loss: 0.22423872351646423
2026-04-09 17:03:44,709 - INFO - Decoder smooth loss: 0.271485835313797
2026-04-09 17:03:44,709 - INFO - Prev smooth loss: 0.17237193882465363
2026-04-09 17:03:44,710 - INFO - KL loss: 14.09898567199707
2026-04-09 17:03:44,710 - INFO - Total loss: 17.213607788085938
2026-04-09 17:03:44,779 - INFO - Reconstruction loss: 10.82666015625
2026-04-09 17:03:44,779 - INFO - Encoder coeffs loss: 0.29919829964637756
2026-04-09 17:03:44,780 - INFO - Decoder coeffs loss: 0.3667753040790558
2026-04-09 17:03:44,780 - INFO - Prev coeffs loss: 0.2189268171787262
2026-04-09 17:03:44,781 - INFO - Encoder smooth loss: 0.2277267873287201
2026-04-09 17:03:44,781 - INFO - Decoder smooth loss: 0.2773241400718689
2026-04-09 17:03:44,781 - INFO - Prev smooth loss: 0.17221787571907043
2026-04-09 17:03:44,781 - INFO - KL loss: 16.00125503540039
2026-04-09 17:03:44,782 - INFO - Total loss: 19.60837173461914
2026-04-09 17:03:44,895 - INFO - Reconstruction loss: 9.972452163696289
2026-04-09 17:03:44,896 - INFO - Encoder coeffs loss: 0.29932332038879395
2026-04-09 17:03:44,897 - INFO - Decoder coeffs loss: 0.36421144008636475
2026-04-09 17:03:44,898 - INFO - Prev coeffs loss: 0.21868982911109924
2026-04-09 17:03:44,898 - INFO - Encoder smooth loss: 0.2277498096227646
2026-04-09 17:03:44,899 - INFO - Decoder smooth loss: 0.27500981092453003
2026-04-09 17:03:44,899 - INFO - Prev smooth loss: 0.17175966501235962
2026-04-09 17:03:44,899 - INFO - KL loss: 15.060779571533203
2026-04-09 17:03:44,900 - INFO - Total loss: 18.281213760375977
2026-04-09 17:03:45,179 - INFO - Reconstruction loss: 10.53019905090332
2026-04-09 17:03:45,179 - INFO - Encoder coeffs loss: 0.29897573590278625
2026-04-09 17:03:45,180 - INFO - Decoder coeffs loss: 0.3666786551475525
2026-04-09 17:03:45,180 - INFO - Prev coeffs loss: 0.21804401278495789
2026-04-09 17:03:45,181 - INFO - Encoder smooth loss: 0.22762273252010345
2026-04-09 17:03:45,181 - INFO - Decoder smooth loss: 0.277055948972702
2026-04-09 17:03:45,181 - INFO - Prev smooth loss: 0.17155829071998596
2026-04-09 17:03:45,181 - INFO - KL loss: 16.003341674804688
2026-04-09 17:03:45,183 - INFO - Total loss: 19.31183624267578
2026-04-09 17:03:45,332 - INFO - Reconstruction loss: 9.379790306091309
2026-04-09 17:03:45,332 - INFO - Encoder coeffs loss: 0.29296523332595825
2026-04-09 17:03:45,333 - INFO - Decoder coeffs loss: 0.3597421646118164
2026-04-09 17:03:45,333 - INFO - Prev coeffs loss: 0.21670742332935333
2026-04-09 17:03:45,333 - INFO - Encoder smooth loss: 0.2235843539237976
2026-04-09 17:03:45,333 - INFO - Decoder smooth loss: 0.2713162302970886
2026-04-09 17:03:45,333 - INFO - Prev smooth loss: 0.17081491649150848
2026-04-09 17:03:45,334 - INFO - KL loss: 13.679842948913574
2026-04-09 17:03:45,334 - INFO - Total loss: 16.98727798461914
2026-04-09 17:03:45,368 - INFO - Epoch 30/5000
2026-04-09 17:03:45,369 - INFO - Epoch training loss: 147.43390274047852
2026-04-09 17:03:45,369 - INFO - -------------------
2026-04-09 17:03:45,393 - INFO - Reconstruction loss: 11.218668937683105
2026-04-09 17:03:45,394 - INFO - Encoder coeffs loss: 0.2993631362915039
2026-04-09 17:03:45,394 - INFO - Decoder coeffs loss: 0.3708406686782837
2026-04-09 17:03:45,394 - INFO - Prev coeffs loss: 0.217069610953331
2026-04-09 17:03:45,395 - INFO - Encoder smooth loss: 0.2275513857603073
2026-04-09 17:03:45,395 - INFO - Decoder smooth loss: 0.27958744764328003
2026-04-09 17:03:45,395 - INFO - Prev smooth loss: 0.1708451360464096
2026-04-09 17:03:45,395 - INFO - KL loss: 16.743574142456055
2026-04-09 17:03:45,396 - INFO - Total loss: 20.373085021972656
2026-04-09 17:03:45,419 - INFO - Reconstruction loss: 9.959078788757324
2026-04-09 17:03:45,420 - INFO - Encoder coeffs loss: 0.29520857334136963
2026-04-09 17:03:45,421 - INFO - Decoder coeffs loss: 0.3655692934989929
2026-04-09 17:03:45,421 - INFO - Prev coeffs loss: 0.21642309427261353
2026-04-09 17:03:45,421 - INFO - Encoder smooth loss: 0.22502820193767548
2026-04-09 17:03:45,421 - INFO - Decoder smooth loss: 0.27549687027931213
2026-04-09 17:03:45,422 - INFO - Prev smooth loss: 0.17059138417243958
2026-04-09 17:03:45,422 - INFO - KL loss: 14.443483352661133
2026-04-09 17:03:45,422 - INFO - Total loss: 17.954978942871094
2026-04-09 17:03:45,422 - INFO - Epoch val loss: 38.32806396484375
2026-04-09 17:03:45,422 - INFO - -------------------
2026-04-09 17:03:45,423 - INFO - Saving model at epoch 30
2026-04-09 17:03:45,423 - INFO - Saving model name: AERCA_nonlinear_ws_5_stride_1_lr_0.0001_epochs_5000_hidden_layer_size_50_num_hidden_layers_8.pt
2026-04-09 17:03:45,525 - INFO - Reconstruction loss: 10.411572456359863
2026-04-09 17:03:45,526 - INFO - Encoder coeffs loss: 0.29789984226226807
2026-04-09 17:03:45,526 - INFO - Decoder coeffs loss: 0.368272602558136
2026-04-09 17:03:45,527 - INFO - Prev coeffs loss: 0.2166995257139206
2026-04-09 17:03:45,527 - INFO - Encoder smooth loss: 0.22669950127601624
2026-04-09 17:03:45,528 - INFO - Decoder smooth loss: 0.27770477533340454
2026-04-09 17:03:45,528 - INFO - Prev smooth loss: 0.17064595222473145
2026-04-09 17:03:45,528 - INFO - KL loss: 15.423643112182617
2026-04-09 17:03:45,528 - INFO - Total loss: 18.902355194091797
2026-04-09 17:03:45,598 - INFO - Reconstruction loss: 9.795449256896973
2026-04-09 17:03:45,599 - INFO - Encoder coeffs loss: 0.29560449719429016
2026-04-09 17:03:45,599 - INFO - Decoder coeffs loss: 0.365658700466156
2026-04-09 17:03:45,600 - INFO - Prev coeffs loss: 0.21610000729560852
2026-04-09 17:03:45,600 - INFO - Encoder smooth loss: 0.22501647472381592
2026-04-09 17:03:45,600 - INFO - Decoder smooth loss: 0.2755724787712097
2026-04-09 17:03:45,601 - INFO - Prev smooth loss: 0.17014522850513458
2026-04-09 17:03:45,601 - INFO - KL loss: 14.63383960723877
2026-04-09 17:03:45,601 - INFO - Total loss: 17.886417388916016
2026-04-09 17:03:45,673 - INFO - Reconstruction loss: 10.080507278442383
2026-04-09 17:03:45,673 - INFO - Encoder coeffs loss: 0.30070310831069946
2026-04-09 17:03:45,674 - INFO - Decoder coeffs loss: 0.3674643039703369
2026-04-09 17:03:45,674 - INFO - Prev coeffs loss: 0.21709927916526794
2026-04-09 17:03:45,674 - INFO - Encoder smooth loss: 0.22827328741550446
2026-04-09 17:03:45,675 - INFO - Decoder smooth loss: 0.27724307775497437
2026-04-09 17:03:45,675 - INFO - Prev smooth loss: 0.17016413807868958
2026-04-09 17:03:45,675 - INFO - KL loss: 14.873510360717773
2026-04-09 17:03:45,676 - INFO - Total loss: 18.29773712158203
2026-04-09 17:03:45,743 - INFO - Reconstruction loss: 9.281280517578125
2026-04-09 17:03:45,743 - INFO - Encoder coeffs loss: 0.29479649662971497
2026-04-09 17:03:45,744 - INFO - Decoder coeffs loss: 0.36328527331352234
2026-04-09 17:03:45,744 - INFO - Prev coeffs loss: 0.21571232378482819
2026-04-09 17:03:45,744 - INFO - Encoder smooth loss: 0.22417235374450684
2026-04-09 17:03:45,745 - INFO - Decoder smooth loss: 0.27424156665802
2026-04-09 17:03:45,745 - INFO - Prev smooth loss: 0.16961143910884857
2026-04-09 17:03:45,745 - INFO - KL loss: 13.727055549621582
2026-04-09 17:03:45,746 - INFO - Total loss: 16.91571807861328
2026-04-09 17:03:45,820 - INFO - Reconstruction loss: 10.67749309539795
2026-04-09 17:03:45,821 - INFO - Encoder coeffs loss: 0.3006545305252075
2026-04-09 17:03:45,822 - INFO - Decoder coeffs loss: 0.3721313178539276
2026-04-09 17:03:45,822 - INFO - Prev coeffs loss: 0.21593701839447021
2026-04-09 17:03:45,822 - INFO - Encoder smooth loss: 0.22782564163208008
2026-04-09 17:03:45,823 - INFO - Decoder smooth loss: 0.28026050329208374
2026-04-09 17:03:45,823 - INFO - Prev smooth loss: 0.16939719021320343
2026-04-09 17:03:45,823 - INFO - KL loss: 15.612195014953613
2026-04-09 17:03:45,824 - INFO - Total loss: 19.266693115234375
2026-04-09 17:03:45,897 - INFO - Reconstruction loss: 9.852811813354492
2026-04-09 17:03:45,898 - INFO - Encoder coeffs loss: 0.3005680441856384
2026-04-09 17:03:45,899 - INFO - Decoder coeffs loss: 0.36951059103012085
2026-04-09 17:03:45,899 - INFO - Prev coeffs loss: 0.21567168831825256
2026-04-09 17:03:45,899 - INFO - Encoder smooth loss: 0.2276993840932846
2026-04-09 17:03:45,900 - INFO - Decoder smooth loss: 0.27783241868019104
2026-04-09 17:03:45,900 - INFO - Prev smooth loss: 0.1689029484987259
2026-04-09 17:03:45,900 - INFO - KL loss: 14.733392715454102
2026-04-09 17:03:45,901 - INFO - Total loss: 17.99959945678711
2026-04-09 17:03:45,965 - INFO - Reconstruction loss: 10.393217086791992
2026-04-09 17:03:45,965 - INFO - Encoder coeffs loss: 0.30037644505500793
2026-04-09 17:03:45,966 - INFO - Decoder coeffs loss: 0.37197819352149963
2026-04-09 17:03:45,966 - INFO - Prev coeffs loss: 0.21505612134933472
2026-04-09 17:03:45,966 - INFO - Encoder smooth loss: 0.22768807411193848
2026-04-09 17:03:45,966 - INFO - Decoder smooth loss: 0.2798224091529846
2026-04-09 17:03:45,966 - INFO - Prev smooth loss: 0.1687098741531372
2026-04-09 17:03:45,967 - INFO - KL loss: 15.652946472167969
2026-04-09 17:03:45,967 - INFO - Total loss: 19.001506805419922
2026-04-09 17:03:46,029 - INFO - Reconstruction loss: 9.25754451751709
2026-04-09 17:03:46,030 - INFO - Encoder coeffs loss: 0.2942156195640564
2026-04-09 17:03:46,030 - INFO - Decoder coeffs loss: 0.3647862374782562
2026-04-09 17:03:46,030 - INFO - Prev coeffs loss: 0.21375735104084015
2026-04-09 17:03:46,031 - INFO - Encoder smooth loss: 0.22350004315376282
2026-04-09 17:03:46,031 - INFO - Decoder smooth loss: 0.2739414572715759
2026-04-09 17:03:46,031 - INFO - Prev smooth loss: 0.16795335710048676
2026-04-09 17:03:46,032 - INFO - KL loss: 13.379331588745117
2026-04-09 17:03:46,032 - INFO - Total loss: 16.716285705566406
2026-04-09 17:03:46,077 - INFO - Epoch 31/5000
2026-04-09 17:03:46,078 - INFO - Epoch training loss: 144.98631286621094
2026-04-09 17:03:46,078 - INFO - -------------------
2026-04-09 17:03:46,105 - INFO - Reconstruction loss: 11.107393264770508
2026-04-09 17:03:46,105 - INFO - Encoder coeffs loss: 0.3008061945438385
2026-04-09 17:03:46,105 - INFO - Decoder coeffs loss: 0.3760219216346741
2026-04-09 17:03:46,106 - INFO - Prev coeffs loss: 0.21408942341804504
2026-04-09 17:03:46,106 - INFO - Encoder smooth loss: 0.22768767178058624
2026-04-09 17:03:46,106 - INFO - Decoder smooth loss: 0.28220945596694946
2026-04-09 17:03:46,107 - INFO - Prev smooth loss: 0.16797888278961182
2026-04-09 17:03:46,107 - INFO - KL loss: 16.417051315307617
2026-04-09 17:03:46,108 - INFO - Total loss: 20.10031509399414
2026-04-09 17:03:46,137 - INFO - Reconstruction loss: 9.835956573486328
2026-04-09 17:03:46,137 - INFO - Encoder coeffs loss: 0.29660940170288086
2026-04-09 17:03:46,138 - INFO - Decoder coeffs loss: 0.3705672025680542
2026-04-09 17:03:46,138 - INFO - Prev coeffs loss: 0.21348905563354492
2026-04-09 17:03:46,139 - INFO - Encoder smooth loss: 0.22508570551872253
2026-04-09 17:03:46,139 - INFO - Decoder smooth loss: 0.2779902517795563
2026-04-09 17:03:46,139 - INFO - Prev smooth loss: 0.16774185001850128
2026-04-09 17:03:46,139 - INFO - KL loss: 14.113765716552734
2026-04-09 17:03:46,140 - INFO - Total loss: 17.668582916259766
2026-04-09 17:03:46,140 - INFO - Epoch val loss: 37.768898010253906
2026-04-09 17:03:46,140 - INFO - -------------------
2026-04-09 17:03:46,140 - INFO - Saving model at epoch 31
2026-04-09 17:03:46,140 - INFO - Saving model name: AERCA_nonlinear_ws_5_stride_1_lr_0.0001_epochs_5000_hidden_layer_size_50_num_hidden_layers_8.pt
2026-04-09 17:03:46,246 - INFO - Reconstruction loss: 10.271919250488281
2026-04-09 17:03:46,247 - INFO - Encoder coeffs loss: 0.29928743839263916
2026-04-09 17:03:46,247 - INFO - Decoder coeffs loss: 0.3733954429626465
2026-04-09 17:03:46,248 - INFO - Prev coeffs loss: 0.21373149752616882
2026-04-09 17:03:46,248 - INFO - Encoder smooth loss: 0.2267855703830719
2026-04-09 17:03:46,248 - INFO - Decoder smooth loss: 0.2802872955799103
2026-04-09 17:03:46,249 - INFO - Prev smooth loss: 0.16777217388153076
2026-04-09 17:03:46,249 - INFO - KL loss: 15.074731826782227
2026-04-09 17:03:46,249 - INFO - Total loss: 18.589916229248047
2026-04-09 17:03:46,322 - INFO - Reconstruction loss: 9.688331604003906
2026-04-09 17:03:46,323 - INFO - Encoder coeffs loss: 0.2969483733177185
2026-04-09 17:03:46,323 - INFO - Decoder coeffs loss: 0.37059110403060913
2026-04-09 17:03:46,324 - INFO - Prev coeffs loss: 0.21314671635627747
2026-04-09 17:03:46,324 - INFO - Encoder smooth loss: 0.2250332087278366
2026-04-09 17:03:46,324 - INFO - Decoder smooth loss: 0.27797970175743103
2026-04-09 17:03:46,324 - INFO - Prev smooth loss: 0.16726098954677582
2026-04-09 17:03:46,325 - INFO - KL loss: 14.335046768188477
2026-04-09 17:03:46,325 - INFO - Total loss: 17.63133430480957
2026-04-09 17:03:46,398 - INFO - Reconstruction loss: 9.952062606811523
2026-04-09 17:03:46,399 - INFO - Encoder coeffs loss: 0.3020547032356262
2026-04-09 17:03:46,399 - INFO - Decoder coeffs loss: 0.37222474813461304
2026-04-09 17:03:46,400 - INFO - Prev coeffs loss: 0.21408820152282715
2026-04-09 17:03:46,400 - INFO - Encoder smooth loss: 0.22836025059223175
2026-04-09 17:03:46,400 - INFO - Decoder smooth loss: 0.2794650197029114
2026-04-09 17:03:46,401 - INFO - Prev smooth loss: 0.16724710166454315
2026-04-09 17:03:46,401 - INFO - KL loss: 14.538736343383789
2026-04-09 17:03:46,401 - INFO - Total loss: 18.003150939941406
2026-04-09 17:03:46,470 - INFO - Reconstruction loss: 9.183365821838379
2026-04-09 17:03:46,471 - INFO - Encoder coeffs loss: 0.2961063086986542
2026-04-09 17:03:46,471 - INFO - Decoder coeffs loss: 0.3675745725631714
2026-04-09 17:03:46,472 - INFO - Prev coeffs loss: 0.2127622365951538
2026-04-09 17:03:46,472 - INFO - Encoder smooth loss: 0.2241513878107071
2026-04-09 17:03:46,472 - INFO - Decoder smooth loss: 0.27613601088523865
2026-04-09 17:03:46,473 - INFO - Prev smooth loss: 0.16673116385936737
2026-04-09 17:03:46,473 - INFO - KL loss: 13.38329792022705
2026-04-09 17:03:46,473 - INFO - Total loss: 16.646745681762695
2026-04-09 17:03:46,545 - INFO - Reconstruction loss: 10.547654151916504
2026-04-09 17:03:46,546 - INFO - Encoder coeffs loss: 0.3021172285079956
2026-04-09 17:03:46,546 - INFO - Decoder coeffs loss: 0.37668800354003906
2026-04-09 17:03:46,547 - INFO - Prev coeffs loss: 0.21293693780899048
2026-04-09 17:03:46,547 - INFO - Encoder smooth loss: 0.22802314162254333
2026-04-09 17:03:46,547 - INFO - Decoder smooth loss: 0.28227150440216064
2026-04-09 17:03:46,548 - INFO - Prev smooth loss: 0.16646206378936768
2026-04-09 17:03:46,548 - INFO - KL loss: 15.238946914672852
2026-04-09 17:03:46,548 - INFO - Total loss: 18.951377868652344
2026-04-09 17:03:46,622 - INFO - Reconstruction loss: 9.746826171875
2026-04-09 17:03:46,623 - INFO - Encoder coeffs loss: 0.3018403649330139
2026-04-09 17:03:46,623 - INFO - Decoder coeffs loss: 0.3739851415157318
2026-04-09 17:03:46,624 - INFO - Prev coeffs loss: 0.21265344321727753
2026-04-09 17:03:46,624 - INFO - Encoder smooth loss: 0.22777625918388367
2026-04-09 17:03:46,624 - INFO - Decoder smooth loss: 0.27972903847694397
2026-04-09 17:03:46,625 - INFO - Prev smooth loss: 0.16594578325748444
2026-04-09 17:03:46,625 - INFO - KL loss: 14.42570686340332
2026-04-09 17:03:46,625 - INFO - Total loss: 17.740644454956055
2026-04-09 17:03:46,698 - INFO - Reconstruction loss: 10.265929222106934
2026-04-09 17:03:46,698 - INFO - Encoder coeffs loss: 0.3018103241920471
2026-04-09 17:03:46,699 - INFO - Decoder coeffs loss: 0.37633150815963745
2026-04-09 17:03:46,699 - INFO - Prev coeffs loss: 0.21208609640598297
2026-04-09 17:03:46,699 - INFO - Encoder smooth loss: 0.22790645062923431
2026-04-09 17:03:46,700 - INFO - Decoder smooth loss: 0.2816098630428314
2026-04-09 17:03:46,700 - INFO - Prev smooth loss: 0.16578008234500885
2026-04-09 17:03:46,700 - INFO - KL loss: 15.315231323242188
2026-04-09 17:03:46,701 - INFO - Total loss: 18.70630645751953
2026-04-09 17:03:46,778 - INFO - Reconstruction loss: 9.146730422973633
2026-04-09 17:03:46,779 - INFO - Encoder coeffs loss: 0.2954547703266144
2026-04-09 17:03:46,780 - INFO - Decoder coeffs loss: 0.3688979148864746
2026-04-09 17:03:46,780 - INFO - Prev coeffs loss: 0.21083293855190277
2026-04-09 17:03:46,780 - INFO - Encoder smooth loss: 0.22355380654335022
2026-04-09 17:03:46,780 - INFO - Decoder smooth loss: 0.27560773491859436
2026-04-09 17:03:46,781 - INFO - Prev smooth loss: 0.16501343250274658
2026-04-09 17:03:46,781 - INFO - KL loss: 13.088189125061035
2026-04-09 17:03:46,781 - INFO - Total loss: 16.46050453186035
2026-04-09 17:03:46,826 - INFO - Epoch 32/5000
2026-04-09 17:03:46,826 - INFO - Epoch training loss: 142.72998046875
2026-04-09 17:03:46,826 - INFO - -------------------
2026-04-09 17:03:46,853 - INFO - Reconstruction loss: 11.010971069335938
2026-04-09 17:03:46,853 - INFO - Encoder coeffs loss: 0.30230003595352173
2026-04-09 17:03:46,854 - INFO - Decoder coeffs loss: 0.38020530343055725
2026-04-09 17:03:46,854 - INFO - Prev coeffs loss: 0.21115189790725708
2026-04-09 17:03:46,854 - INFO - Encoder smooth loss: 0.2279997617006302
2026-04-09 17:03:46,855 - INFO - Decoder smooth loss: 0.283842533826828
2026-04-09 17:03:46,855 - INFO - Prev smooth loss: 0.16505096852779388
2026-04-09 17:03:46,855 - INFO - KL loss: 16.110013961791992
2026-04-09 17:03:46,856 - INFO - Total loss: 19.851253509521484
2026-04-09 17:03:46,880 - INFO - Reconstruction loss: 9.724282264709473
2026-04-09 17:03:46,881 - INFO - Encoder coeffs loss: 0.29803362488746643
2026-04-09 17:03:46,881 - INFO - Decoder coeffs loss: 0.37461718916893005
2026-04-09 17:03:46,882 - INFO - Prev coeffs loss: 0.21059228479862213
2026-04-09 17:03:46,882 - INFO - Encoder smooth loss: 0.22530263662338257
2026-04-09 17:03:46,882 - INFO - Decoder smooth loss: 0.2795027196407318
2026-04-09 17:03:46,883 - INFO - Prev smooth loss: 0.16482748091220856
2026-04-09 17:03:46,883 - INFO - KL loss: 13.805177688598633
2026-04-09 17:03:46,883 - INFO - Total loss: 17.403308868408203
2026-04-09 17:03:46,883 - INFO - Epoch val loss: 37.25456237792969
2026-04-09 17:03:46,883 - INFO - -------------------
2026-04-09 17:03:46,883 - INFO - Saving model at epoch 32
2026-04-09 17:03:46,884 - INFO - Saving model name: AERCA_nonlinear_ws_5_stride_1_lr_0.0001_epochs_5000_hidden_layer_size_50_num_hidden_layers_8.pt
2026-04-09 17:03:46,989 - INFO - Reconstruction loss: 10.146933555603027
2026-04-09 17:03:46,989 - INFO - Encoder coeffs loss: 0.3007122874259949
2026-04-09 17:03:46,990 - INFO - Decoder coeffs loss: 0.3774853050708771
2026-04-09 17:03:46,990 - INFO - Prev coeffs loss: 0.21079477667808533
2026-04-09 17:03:46,990 - INFO - Encoder smooth loss: 0.22704285383224487
2026-04-09 17:03:46,991 - INFO - Decoder smooth loss: 0.28184622526168823
2026-04-09 17:03:46,991 - INFO - Prev smooth loss: 0.1648268699645996
2026-04-09 17:03:46,991 - INFO - KL loss: 14.745424270629883
2026-04-09 17:03:46,991 - INFO - Total loss: 18.30099868774414
2026-04-09 17:03:47,062 - INFO - Reconstruction loss: 9.592616081237793
2026-04-09 17:03:47,062 - INFO - Encoder coeffs loss: 0.29832568764686584
2026-04-09 17:03:47,062 - INFO - Decoder coeffs loss: 0.3744984269142151
2026-04-09 17:03:47,064 - INFO - Prev coeffs loss: 0.21022284030914307
2026-04-09 17:03:47,064 - INFO - Encoder smooth loss: 0.22521845996379852
2026-04-09 17:03:47,064 - INFO - Decoder smooth loss: 0.27935826778411865
2026-04-09 17:03:47,065 - INFO - Prev smooth loss: 0.16430972516536713
2026-04-09 17:03:47,065 - INFO - KL loss: 14.048996925354004
2026-04-09 17:03:47,065 - INFO - Total loss: 17.393081665039062
2026-04-09 17:03:47,139 - INFO - Reconstruction loss: 9.839363098144531
2026-04-09 17:03:47,140 - INFO - Encoder coeffs loss: 0.3034410774707794
2026-04-09 17:03:47,140 - INFO - Decoder coeffs loss: 0.3760015070438385
2026-04-09 17:03:47,141 - INFO - Prev coeffs loss: 0.21112576127052307
2026-04-09 17:03:47,141 - INFO - Encoder smooth loss: 0.22862282395362854
2026-04-09 17:03:47,141 - INFO - Decoder smooth loss: 0.2806951701641083
2026-04-09 17:03:47,141 - INFO - Prev smooth loss: 0.16428358852863312
2026-04-09 17:03:47,141 - INFO - KL loss: 14.2286376953125
2026-04-09 17:03:47,143 - INFO - Total loss: 17.735767364501953
2026-04-09 17:03:47,217 - INFO - Reconstruction loss: 9.097831726074219
2026-04-09 17:03:47,217 - INFO - Encoder coeffs loss: 0.2974531352519989
2026-04-09 17:03:47,218 - INFO - Decoder coeffs loss: 0.3709290027618408
2026-04-09 17:03:47,219 - INFO - Prev coeffs loss: 0.20985141396522522
2026-04-09 17:03:47,219 - INFO - Encoder smooth loss: 0.22430065274238586
2026-04-09 17:03:47,219 - INFO - Decoder smooth loss: 0.27704551815986633
2026-04-09 17:03:47,220 - INFO - Prev smooth loss: 0.16381609439849854
2026-04-09 17:03:47,220 - INFO - KL loss: 13.058585166931152
2026-04-09 17:03:47,220 - INFO - Total loss: 16.398820877075195
2026-04-09 17:03:47,306 - INFO - Reconstruction loss: 10.43445873260498
2026-04-09 17:03:47,307 - INFO - Encoder coeffs loss: 0.3036175072193146
2026-04-09 17:03:47,307 - INFO - Decoder coeffs loss: 0.38021916151046753
2026-04-09 17:03:47,308 - INFO - Prev coeffs loss: 0.2099897861480713
2026-04-09 17:03:47,308 - INFO - Encoder smooth loss: 0.2283828854560852
2026-04-09 17:03:47,308 - INFO - Decoder smooth loss: 0.2832162082195282
2026-04-09 17:03:47,309 - INFO - Prev smooth loss: 0.16351312398910522
2026-04-09 17:03:47,309 - INFO - KL loss: 14.881988525390625
2026-04-09 17:03:47,309 - INFO - Total loss: 18.659921646118164
2026-04-09 17:03:47,377 - INFO - Reconstruction loss: 9.648366928100586
2026-04-09 17:03:47,378 - INFO - Encoder coeffs loss: 0.30312928557395935
2026-04-09 17:03:47,378 - INFO - Decoder coeffs loss: 0.3774474263191223
2026-04-09 17:03:47,378 - INFO - Prev coeffs loss: 0.20967993140220642
2026-04-09 17:03:47,379 - INFO - Encoder smooth loss: 0.22798636555671692
2026-04-09 17:03:47,379 - INFO - Decoder smooth loss: 0.2805531322956085
2026-04-09 17:03:47,380 - INFO - Prev smooth loss: 0.16297902166843414
2026-04-09 17:03:47,380 - INFO - KL loss: 14.14268970489502
2026-04-09 17:03:47,381 - INFO - Total loss: 17.500600814819336
2026-04-09 17:03:47,453 - INFO - Reconstruction loss: 10.14654541015625
2026-04-09 17:03:47,453 - INFO - Encoder coeffs loss: 0.30323687195777893
2026-04-09 17:03:47,454 - INFO - Decoder coeffs loss: 0.3797009587287903
2026-04-09 17:03:47,454 - INFO - Prev coeffs loss: 0.20915572345256805
2026-04-09 17:03:47,454 - INFO - Encoder smooth loss: 0.2282266765832901
2026-04-09 17:03:47,455 - INFO - Decoder smooth loss: 0.28228285908699036
2026-04-09 17:03:47,455 - INFO - Prev smooth loss: 0.16284556686878204
2026-04-09 17:03:47,455 - INFO - KL loss: 15.002140045166016
2026-04-09 17:03:47,456 - INFO - Total loss: 18.430339813232422
2026-04-09 17:03:47,526 - INFO - Reconstruction loss: 9.042988777160645
2026-04-09 17:03:47,527 - INFO - Encoder coeffs loss: 0.29671186208724976
2026-04-09 17:03:47,527 - INFO - Decoder coeffs loss: 0.3721112012863159
2026-04-09 17:03:47,527 - INFO - Prev coeffs loss: 0.20792801678180695
2026-04-09 17:03:47,528 - INFO - Encoder smooth loss: 0.22369804978370667
2026-04-09 17:03:47,528 - INFO - Decoder smooth loss: 0.2761796712875366
2026-04-09 17:03:47,528 - INFO - Prev smooth loss: 0.1620657742023468
2026-04-09 17:03:47,529 - INFO - KL loss: 12.816842079162598
2026-04-09 17:03:47,529 - INFO - Total loss: 16.22075653076172
2026-04-09 17:03:47,576 - INFO - Epoch 33/5000
2026-04-09 17:03:47,576 - INFO - Epoch training loss: 140.640287399292
2026-04-09 17:03:47,576 - INFO - -------------------
2026-04-09 17:03:47,602 - INFO - Reconstruction loss: 10.92584228515625
2026-04-09 17:03:47,603 - INFO - Encoder coeffs loss: 0.3037797808647156
2026-04-09 17:03:47,603 - INFO - Decoder coeffs loss: 0.38347339630126953
2026-04-09 17:03:47,603 - INFO - Prev coeffs loss: 0.20822837948799133
2026-04-09 17:03:47,604 - INFO - Encoder smooth loss: 0.22837859392166138
2026-04-09 17:03:47,604 - INFO - Decoder smooth loss: 0.28436359763145447
2026-04-09 17:03:47,604 - INFO - Prev smooth loss: 0.162125825881958
2026-04-09 17:03:47,604 - INFO - KL loss: 15.830507278442383
2026-04-09 17:03:47,605 - INFO - Total loss: 19.626270294189453
2026-04-09 17:03:47,629 - INFO - Reconstruction loss: 9.621866226196289
2026-04-09 17:03:47,629 - INFO - Encoder coeffs loss: 0.2994384765625
2026-04-09 17:03:47,630 - INFO - Decoder coeffs loss: 0.3777657747268677
2026-04-09 17:03:47,630 - INFO - Prev coeffs loss: 0.2077084183692932
2026-04-09 17:03:47,630 - INFO - Encoder smooth loss: 0.22558173537254333
2026-04-09 17:03:47,631 - INFO - Decoder smooth loss: 0.2799229025840759
2026-04-09 17:03:47,631 - INFO - Prev smooth loss: 0.1619083136320114
2026-04-09 17:03:47,631 - INFO - KL loss: 13.522977828979492
2026-04-09 17:03:47,632 - INFO - Total loss: 17.15951919555664
2026-04-09 17:03:47,632 - INFO - Epoch val loss: 36.785789489746094
2026-04-09 17:03:47,632 - INFO - -------------------
2026-04-09 17:03:47,632 - INFO - Saving model at epoch 33
2026-04-09 17:03:47,632 - INFO - Saving model name: AERCA_nonlinear_ws_5_stride_1_lr_0.0001_epochs_5000_hidden_layer_size_50_num_hidden_layers_8.pt
2026-04-09 17:03:47,728 - INFO - Reconstruction loss: 10.033631324768066
2026-04-09 17:03:47,729 - INFO - Encoder coeffs loss: 0.3021399974822998
2026-04-09 17:03:47,729 - INFO - Decoder coeffs loss: 0.38065105676651
2026-04-09 17:03:47,729 - INFO - Prev coeffs loss: 0.2078760266304016
2026-04-09 17:03:47,730 - INFO - Encoder smooth loss: 0.22736701369285583
2026-04-09 17:03:47,730 - INFO - Decoder smooth loss: 0.2822745442390442
2026-04-09 17:03:47,730 - INFO - Prev smooth loss: 0.16187816858291626
2026-04-09 17:03:47,730 - INFO - KL loss: 14.442215919494629
2026-04-09 17:03:47,731 - INFO - Total loss: 18.03583335876465
2026-04-09 17:03:47,787 - INFO - Reconstruction loss: 9.50661563873291
2026-04-09 17:03:47,788 - INFO - Encoder coeffs loss: 0.2996894121170044
2026-04-09 17:03:47,788 - INFO - Decoder coeffs loss: 0.3775583803653717
2026-04-09 17:03:47,789 - INFO - Prev coeffs loss: 0.20731273293495178
2026-04-09 17:03:47,789 - INFO - Encoder smooth loss: 0.22544865310192108
2026-04-09 17:03:47,789 - INFO - Decoder smooth loss: 0.2796494662761688
2026-04-09 17:03:47,790 - INFO - Prev smooth loss: 0.16136434674263
2026-04-09 17:03:47,790 - INFO - KL loss: 13.786112785339355
2026-04-09 17:03:47,790 - INFO - Total loss: 17.17518424987793
2026-04-09 17:03:47,847 - INFO - Reconstruction loss: 9.73682975769043
2026-04-09 17:03:47,849 - INFO - Encoder coeffs loss: 0.30476298928260803
2026-04-09 17:03:47,849 - INFO - Decoder coeffs loss: 0.37890708446502686
2026-04-09 17:03:47,850 - INFO - Prev coeffs loss: 0.20818769931793213
2026-04-09 17:03:47,850 - INFO - Encoder smooth loss: 0.2288808524608612
2026-04-09 17:03:47,850 - INFO - Decoder smooth loss: 0.28082627058029175
2026-04-09 17:03:47,850 - INFO - Prev smooth loss: 0.16134147346019745
2026-04-09 17:03:47,851 - INFO - KL loss: 13.937581062316895
2026-04-09 17:03:47,851 - INFO - Total loss: 17.48707389831543
2026-04-09 17:03:47,907 - INFO - Reconstruction loss: 9.021635055541992
2026-04-09 17:03:47,907 - INFO - Encoder coeffs loss: 0.2987450659275055
2026-04-09 17:03:47,908 - INFO - Decoder coeffs loss: 0.3735472857952118
2026-04-09 17:03:47,908 - INFO - Prev coeffs loss: 0.20695099234580994
2026-04-09 17:03:47,908 - INFO - Encoder smooth loss: 0.22444532811641693
2026-04-09 17:03:47,908 - INFO - Decoder smooth loss: 0.2769753038883209
2026-04-09 17:03:47,909 - INFO - Prev smooth loss: 0.16091692447662354
2026-04-09 17:03:47,909 - INFO - KL loss: 12.767122268676758
2026-04-09 17:03:47,909 - INFO - Total loss: 16.175987243652344
2026-04-09 17:03:47,975 - INFO - Reconstruction loss: 10.330446243286133
2026-04-09 17:03:47,976 - INFO - Encoder coeffs loss: 0.3049887716770172
2026-04-09 17:03:47,976 - INFO - Decoder coeffs loss: 0.3829120099544525
2026-04-09 17:03:47,977 - INFO - Prev coeffs loss: 0.2070929855108261
2026-04-09 17:03:47,977 - INFO - Encoder smooth loss: 0.22869549691677094
2026-04-09 17:03:47,977 - INFO - Decoder smooth loss: 0.2831454873085022
2026-04-09 17:03:47,978 - INFO - Prev smooth loss: 0.16060803830623627
2026-04-09 17:03:47,978 - INFO - KL loss: 14.558269500732422
2026-04-09 17:03:47,978 - INFO - Total loss: 18.39330291748047
2026-04-09 17:03:48,042 - INFO - Reconstruction loss: 9.559364318847656
2026-04-09 17:03:48,043 - INFO - Encoder coeffs loss: 0.304240345954895
2026-04-09 17:03:48,043 - INFO - Decoder coeffs loss: 0.380020409822464
2026-04-09 17:03:48,043 - INFO - Prev coeffs loss: 0.2067660391330719
2026-04-09 17:03:48,044 - INFO - Encoder smooth loss: 0.22811877727508545
2026-04-09 17:03:48,044 - INFO - Decoder smooth loss: 0.2803857922554016
2026-04-09 17:03:48,044 - INFO - Prev smooth loss: 0.1600678265094757
2026-04-09 17:03:48,044 - INFO - KL loss: 13.881792068481445
2026-04-09 17:03:48,045 - INFO - Total loss: 17.280059814453125
2026-04-09 17:03:48,115 - INFO - Reconstruction loss: 10.034547805786133
2026-04-09 17:03:48,115 - INFO - Encoder coeffs loss: 0.30443277955055237
2026-04-09 17:03:48,116 - INFO - Decoder coeffs loss: 0.38216978311538696
2026-04-09 17:03:48,116 - INFO - Prev coeffs loss: 0.20630377531051636
2026-04-09 17:03:48,116 - INFO - Encoder smooth loss: 0.22845251858234406
2026-04-09 17:03:48,117 - INFO - Decoder smooth loss: 0.2819996476173401
2026-04-09 17:03:48,117 - INFO - Prev smooth loss: 0.1599770337343216
2026-04-09 17:03:48,117 - INFO - KL loss: 14.717008590698242
2026-04-09 17:03:48,118 - INFO - Total loss: 18.174720764160156
2026-04-09 17:03:48,185 - INFO - Reconstruction loss: 8.945528984069824
2026-04-09 17:03:48,186 - INFO - Encoder coeffs loss: 0.2977431118488312
2026-04-09 17:03:48,186 - INFO - Decoder coeffs loss: 0.3744353652000427
2026-04-09 17:03:48,186 - INFO - Prev coeffs loss: 0.2050940990447998
2026-04-09 17:03:48,186 - INFO - Encoder smooth loss: 0.22373796999454498
2026-04-09 17:03:48,187 - INFO - Decoder smooth loss: 0.27584588527679443
2026-04-09 17:03:48,187 - INFO - Prev smooth loss: 0.15917952358722687
2026-04-09 17:03:48,187 - INFO - KL loss: 12.570588111877441
2026-04-09 17:03:48,187 - INFO - Total loss: 15.99884033203125
2026-04-09 17:03:48,219 - INFO - Epoch 34/5000
2026-04-09 17:03:48,219 - INFO - Epoch training loss: 138.72100257873535
2026-04-09 17:03:48,219 - INFO - -------------------
2026-04-09 17:03:48,243 - INFO - Reconstruction loss: 10.84570598602295
2026-04-09 17:03:48,244 - INFO - Encoder coeffs loss: 0.3049437999725342
2026-04-09 17:03:48,244 - INFO - Decoder coeffs loss: 0.3857601583003998
2026-04-09 17:03:48,244 - INFO - Prev coeffs loss: 0.2054034173488617
2026-04-09 17:03:48,244 - INFO - Encoder smooth loss: 0.22861352562904358
2026-04-09 17:03:48,245 - INFO - Decoder smooth loss: 0.2839808762073517
2026-04-09 17:03:48,245 - INFO - Prev smooth loss: 0.1592896580696106
2026-04-09 17:03:48,245 - INFO - KL loss: 15.582056999206543
2026-04-09 17:03:48,245 - INFO - Total loss: 19.42072868347168
2026-04-09 17:03:48,271 - INFO - Reconstruction loss: 9.526164054870605
2026-04-09 17:03:48,272 - INFO - Encoder coeffs loss: 0.30056828260421753
2026-04-09 17:03:48,272 - INFO - Decoder coeffs loss: 0.37992310523986816
2026-04-09 17:03:48,273 - INFO - Prev coeffs loss: 0.20491045713424683
2026-04-09 17:03:48,273 - INFO - Encoder smooth loss: 0.22573745250701904
2026-04-09 17:03:48,274 - INFO - Decoder smooth loss: 0.2794303596019745
2026-04-09 17:03:48,274 - INFO - Prev smooth loss: 0.15906473994255066
2026-04-09 17:03:48,274 - INFO - KL loss: 13.260750770568848
2026-04-09 17:03:48,274 - INFO - Total loss: 16.93135643005371
2026-04-09 17:03:48,275 - INFO - Epoch val loss: 36.35208511352539
2026-04-09 17:03:48,275 - INFO - -------------------
2026-04-09 17:03:48,275 - INFO - Saving model at epoch 34
2026-04-09 17:03:48,275 - INFO - Saving model name: AERCA_nonlinear_ws_5_stride_1_lr_0.0001_epochs_5000_hidden_layer_size_50_num_hidden_layers_8.pt
2026-04-09 17:03:48,376 - INFO - Reconstruction loss: 9.930000305175781
2026-04-09 17:03:48,377 - INFO - Encoder coeffs loss: 0.3032661974430084
2026-04-09 17:03:48,377 - INFO - Decoder coeffs loss: 0.3828076720237732
2026-04-09 17:03:48,378 - INFO - Prev coeffs loss: 0.20504799485206604
2026-04-09 17:03:48,378 - INFO - Encoder smooth loss: 0.22754842042922974
2026-04-09 17:03:48,379 - INFO - Decoder smooth loss: 0.28176605701446533
2026-04-09 17:03:48,379 - INFO - Prev smooth loss: 0.15901432931423187
2026-04-09 17:03:48,379 - INFO - KL loss: 14.161111831665039
2026-04-09 17:03:48,380 - INFO - Total loss: 17.790283203125
2026-04-09 17:03:48,464 - INFO - Reconstruction loss: 9.426119804382324
2026-04-09 17:03:48,465 - INFO - Encoder coeffs loss: 0.300738662481308
2026-04-09 17:03:48,465 - INFO - Decoder coeffs loss: 0.37959712743759155
2026-04-09 17:03:48,466 - INFO - Prev coeffs loss: 0.20450356602668762
2026-04-09 17:03:48,466 - INFO - Encoder smooth loss: 0.2255222201347351
2026-04-09 17:03:48,467 - INFO - Decoder smooth loss: 0.2790444493293762
2026-04-09 17:03:48,467 - INFO - Prev smooth loss: 0.1585085541009903
2026-04-09 17:03:48,467 - INFO - KL loss: 13.542308807373047
2026-04-09 17:03:48,467 - INFO - Total loss: 16.971233367919922
2026-04-09 17:03:48,543 - INFO - Reconstruction loss: 9.639059066772461
2026-04-09 17:03:48,544 - INFO - Encoder coeffs loss: 0.30569225549697876
2026-04-09 17:03:48,544 - INFO - Decoder coeffs loss: 0.38077783584594727
2026-04-09 17:03:48,544 - INFO - Prev coeffs loss: 0.20539462566375732
2026-04-09 17:03:48,544 - INFO - Encoder smooth loss: 0.2289396971464157
2026-04-09 17:03:48,545 - INFO - Decoder smooth loss: 0.280082106590271
2026-04-09 17:03:48,545 - INFO - Prev smooth loss: 0.15852563083171844
2026-04-09 17:03:48,545 - INFO - KL loss: 13.66550350189209
2026-04-09 17:03:48,545 - INFO - Total loss: 17.251516342163086
2026-04-09 17:03:48,615 - INFO - Reconstruction loss: 8.952071189880371
2026-04-09 17:03:48,615 - INFO - Encoder coeffs loss: 0.2996680736541748
2026-04-09 17:03:48,616 - INFO - Decoder coeffs loss: 0.3752278983592987
2026-04-09 17:03:48,616 - INFO - Prev coeffs loss: 0.20417575538158417
2026-04-09 17:03:48,616 - INFO - Encoder smooth loss: 0.22442063689231873
2026-04-09 17:03:48,617 - INFO - Decoder smooth loss: 0.27611640095710754
2026-04-09 17:03:48,617 - INFO - Prev smooth loss: 0.1581263691186905
2026-04-09 17:03:48,617 - INFO - KL loss: 12.508235931396484
2026-04-09 17:03:48,618 - INFO - Total loss: 15.975055694580078
2026-04-09 17:03:48,689 - INFO - Reconstruction loss: 10.22846508026123
2026-04-09 17:03:48,689 - INFO - Encoder coeffs loss: 0.30595242977142334
2026-04-09 17:03:48,689 - INFO - Decoder coeffs loss: 0.3846391439437866
2026-04-09 17:03:48,691 - INFO - Prev coeffs loss: 0.20434041321277618
2026-04-09 17:03:48,691 - INFO - Encoder smooth loss: 0.22880791127681732
2026-04-09 17:03:48,691 - INFO - Decoder smooth loss: 0.28227537870407104
2026-04-09 17:03:48,691 - INFO - Prev smooth loss: 0.15784846246242523
2026-04-09 17:03:48,691 - INFO - KL loss: 14.265265464782715
2026-04-09 17:03:48,691 - INFO - Total loss: 18.143030166625977
2026-04-09 17:03:48,762 - INFO - Reconstruction loss: 9.475534439086914
2026-04-09 17:03:48,763 - INFO - Encoder coeffs loss: 0.3049604296684265
2026-04-09 17:03:48,763 - INFO - Decoder coeffs loss: 0.3816668391227722
2026-04-09 17:03:48,764 - INFO - Prev coeffs loss: 0.20400170981884003
2026-04-09 17:03:48,764 - INFO - Encoder smooth loss: 0.22805167734622955
2026-04-09 17:03:48,764 - INFO - Decoder smooth loss: 0.2794417142868042
2026-04-09 17:03:48,764 - INFO - Prev smooth loss: 0.15731538832187653
2026-04-09 17:03:48,764 - INFO - KL loss: 13.639543533325195
2026-04-09 17:03:48,765 - INFO - Total loss: 17.07302474975586
2026-04-09 17:03:48,828 - INFO - Reconstruction loss: 9.928706169128418
2026-04-09 17:03:48,829 - INFO - Encoder coeffs loss: 0.30526003241539
2026-04-09 17:03:48,829 - INFO - Decoder coeffs loss: 0.38378000259399414
2026-04-09 17:03:48,830 - INFO - Prev coeffs loss: 0.20360718667507172
2026-04-09 17:03:48,830 - INFO - Encoder smooth loss: 0.22849515080451965
2026-04-09 17:03:48,830 - INFO - Decoder smooth loss: 0.2809673845767975
2026-04-09 17:03:48,831 - INFO - Prev smooth loss: 0.15727925300598145
2026-04-09 17:03:48,831 - INFO - KL loss: 14.457244873046875
2026-04-09 17:03:48,831 - INFO - Total loss: 17.937023162841797
2026-04-09 17:03:48,909 - INFO - Reconstruction loss: 8.852347373962402
2026-04-09 17:03:48,909 - INFO - Encoder coeffs loss: 0.2984766960144043
2026-04-09 17:03:48,910 - INFO - Decoder coeffs loss: 0.37591788172721863
2026-04-09 17:03:48,911 - INFO - Prev coeffs loss: 0.20238883793354034
2026-04-09 17:03:48,911 - INFO - Encoder smooth loss: 0.22365204989910126
2026-04-09 17:03:48,911 - INFO - Decoder smooth loss: 0.2747645676136017
2026-04-09 17:03:48,912 - INFO - Prev smooth loss: 0.15645262598991394
2026-04-09 17:03:48,912 - INFO - KL loss: 12.33785629272461
2026-04-09 17:03:48,913 - INFO - Total loss: 15.787101745605469
2026-04-09 17:03:48,957 - INFO - Epoch 35/5000
2026-04-09 17:03:48,957 - INFO - Epoch training loss: 136.9282684326172
2026-04-09 17:03:48,958 - INFO - -------------------
2026-04-09 17:03:48,984 - INFO - Reconstruction loss: 10.765504837036133
2026-04-09 17:03:48,984 - INFO - Encoder coeffs loss: 0.3058059513568878
2026-04-09 17:03:48,984 - INFO - Decoder coeffs loss: 0.3872206211090088
2026-04-09 17:03:48,986 - INFO - Prev coeffs loss: 0.20273709297180176
2026-04-09 17:03:48,987 - INFO - Encoder smooth loss: 0.2286940962076187
2026-04-09 17:03:48,987 - INFO - Decoder smooth loss: 0.2828556001186371
2026-04-09 17:03:48,987 - INFO - Prev smooth loss: 0.1566401571035385
2026-04-09 17:03:48,988 - INFO - KL loss: 15.358247756958008
2026-04-09 17:03:48,988 - INFO - Total loss: 19.226604461669922
2026-04-09 17:03:49,014 - INFO - Reconstruction loss: 9.43637752532959
2026-04-09 17:03:49,014 - INFO - Encoder coeffs loss: 0.3014150857925415
2026-04-09 17:03:49,014 - INFO - Decoder coeffs loss: 0.38125482201576233
2026-04-09 17:03:49,014 - INFO - Prev coeffs loss: 0.20225240290164948
2026-04-09 17:03:49,015 - INFO - Encoder smooth loss: 0.2257707715034485
2026-04-09 17:03:49,015 - INFO - Decoder smooth loss: 0.2781940996646881
2026-04-09 17:03:49,015 - INFO - Prev smooth loss: 0.15638920664787292
2026-04-09 17:03:49,016 - INFO - KL loss: 13.016687393188477
2026-04-09 17:03:49,016 - INFO - Total loss: 16.71735954284668
2026-04-09 17:03:49,016 - INFO - Epoch val loss: 35.9439640045166
2026-04-09 17:03:49,016 - INFO - -------------------
2026-04-09 17:03:49,016 - INFO - Saving model at epoch 35
2026-04-09 17:03:49,016 - INFO - Saving model name: AERCA_nonlinear_ws_5_stride_1_lr_0.0001_epochs_5000_hidden_layer_size_50_num_hidden_layers_8.pt
2026-04-09 17:03:49,114 - INFO - Reconstruction loss: 9.831679344177246
2026-04-09 17:03:49,114 - INFO - Encoder coeffs loss: 0.30409738421440125
2026-04-09 17:03:49,115 - INFO - Decoder coeffs loss: 0.3841460049152374
2026-04-09 17:03:49,115 - INFO - Prev coeffs loss: 0.20236411690711975
2026-04-09 17:03:49,115 - INFO - Encoder smooth loss: 0.22758816182613373
2026-04-09 17:03:49,116 - INFO - Decoder smooth loss: 0.2805131673812866
2026-04-09 17:03:49,116 - INFO - Prev smooth loss: 0.15633030235767365
2026-04-09 17:03:49,116 - INFO - KL loss: 13.903505325317383
2026-04-09 17:03:49,117 - INFO - Total loss: 17.560951232910156
2026-04-09 17:03:49,190 - INFO - Reconstruction loss: 9.350625038146973
2026-04-09 17:03:49,191 - INFO - Encoder coeffs loss: 0.3015446066856384
2026-04-09 17:03:49,191 - INFO - Decoder coeffs loss: 0.38084936141967773
2026-04-09 17:03:49,192 - INFO - Prev coeffs loss: 0.2018260657787323
2026-04-09 17:03:49,192 - INFO - Encoder smooth loss: 0.2254999428987503
2026-04-09 17:03:49,192 - INFO - Decoder smooth loss: 0.27770039439201355
2026-04-09 17:03:49,193 - INFO - Prev smooth loss: 0.15582433342933655
2026-04-09 17:03:49,193 - INFO - KL loss: 13.316864013671875
2026-04-09 17:03:49,193 - INFO - Total loss: 16.78067970275879
2026-04-09 17:03:49,269 - INFO - Reconstruction loss: 9.548357009887695
2026-04-09 17:03:49,270 - INFO - Encoder coeffs loss: 0.30636391043663025
2026-04-09 17:03:49,270 - INFO - Decoder coeffs loss: 0.38192522525787354
2026-04-09 17:03:49,271 - INFO - Prev coeffs loss: 0.2027623951435089
2026-04-09 17:03:49,271 - INFO - Encoder smooth loss: 0.22887437045574188
2026-04-09 17:03:49,271 - INFO - Decoder smooth loss: 0.2786572277545929
2026-04-09 17:03:49,272 - INFO - Prev smooth loss: 0.15590569376945496
2026-04-09 17:03:49,272 - INFO - KL loss: 13.425604820251465
2026-04-09 17:03:49,272 - INFO - Total loss: 17.03840446472168
2026-04-09 17:03:49,344 - INFO - Reconstruction loss: 8.886503219604492
2026-04-09 17:03:49,345 - INFO - Encoder coeffs loss: 0.30038192868232727
2026-04-09 17:03:49,345 - INFO - Decoder coeffs loss: 0.37617096304893494
2026-04-09 17:03:49,346 - INFO - Prev coeffs loss: 0.2015356421470642
2026-04-09 17:03:49,346 - INFO - Encoder smooth loss: 0.2243129163980484
2026-04-09 17:03:49,346 - INFO - Decoder smooth loss: 0.2745831310749054
2026-04-09 17:03:49,347 - INFO - Prev smooth loss: 0.15550141036510468
2026-04-09 17:03:49,347 - INFO - KL loss: 12.273695945739746
2026-04-09 17:03:49,348 - INFO - Total loss: 15.789594650268555
2026-04-09 17:03:49,422 - INFO - Reconstruction loss: 10.129794120788574
2026-04-09 17:03:49,422 - INFO - Encoder coeffs loss: 0.3067198693752289
2026-04-09 17:03:49,423 - INFO - Decoder coeffs loss: 0.38561585545539856
2026-04-09 17:03:49,423 - INFO - Prev coeffs loss: 0.20175626873970032
2026-04-09 17:03:49,423 - INFO - Encoder smooth loss: 0.22882094979286194
2026-04-09 17:03:49,424 - INFO - Decoder smooth loss: 0.28071174025535583
2026-04-09 17:03:49,424 - INFO - Prev smooth loss: 0.15528886020183563
2026-04-09 17:03:49,424 - INFO - KL loss: 13.998528480529785
2026-04-09 17:03:49,425 - INFO - Total loss: 17.90851593017578
2026-04-09 17:03:49,497 - INFO - Reconstruction loss: 9.396842956542969
2026-04-09 17:03:49,497 - INFO - Encoder coeffs loss: 0.3055163025856018
2026-04-09 17:03:49,498 - INFO - Decoder coeffs loss: 0.3825671076774597
2026-04-09 17:03:49,498 - INFO - Prev coeffs loss: 0.20140427350997925
2026-04-09 17:03:49,498 - INFO - Encoder smooth loss: 0.22790305316448212
2026-04-09 17:03:49,499 - INFO - Decoder smooth loss: 0.2778324782848358
2026-04-09 17:03:49,499 - INFO - Prev smooth loss: 0.1547613888978958
2026-04-09 17:03:49,499 - INFO - KL loss: 13.421154022216797
2026-04-09 17:03:49,500 - INFO - Total loss: 16.88241195678711
2026-04-09 17:03:49,573 - INFO - Reconstruction loss: 9.827611923217773
2026-04-09 17:03:49,574 - INFO - Encoder coeffs loss: 0.3059517443180084
2026-04-09 17:03:49,574 - INFO - Decoder coeffs loss: 0.38460806012153625
2026-04-09 17:03:49,575 - INFO - Prev coeffs loss: 0.2010842263698578
2026-04-09 17:03:49,575 - INFO - Encoder smooth loss: 0.22846023738384247
2026-04-09 17:03:49,576 - INFO - Decoder smooth loss: 0.27926135063171387
2026-04-09 17:03:49,576 - INFO - Prev smooth loss: 0.15478631854057312
2026-04-09 17:03:49,576 - INFO - KL loss: 14.220965385437012
2026-04-09 17:03:49,577 - INFO - Total loss: 17.71516990661621
2026-04-09 17:03:49,649 - INFO - Reconstruction loss: 8.765447616577148
2026-04-09 17:03:49,650 - INFO - Encoder coeffs loss: 0.2991301417350769
2026-04-09 17:03:49,650 - INFO - Decoder coeffs loss: 0.37661027908325195
2026-04-09 17:03:49,651 - INFO - Prev coeffs loss: 0.19985032081604004
2026-04-09 17:03:49,651 - INFO - Encoder smooth loss: 0.22352109849452972
2026-04-09 17:03:49,651 - INFO - Decoder smooth loss: 0.2730608880519867
2026-04-09 17:03:49,651 - INFO - Prev smooth loss: 0.15391863882541656
2026-04-09 17:03:49,652 - INFO - KL loss: 12.118743896484375
2026-04-09 17:03:49,652 - INFO - Total loss: 15.58786392211914
2026-04-09 17:03:49,700 - INFO - Epoch 36/5000
2026-04-09 17:03:49,702 - INFO - Epoch training loss: 135.26359176635742
2026-04-09 17:03:49,702 - INFO - -------------------
2026-04-09 17:03:49,729 - INFO - Reconstruction loss: 10.684760093688965
2026-04-09 17:03:49,730 - INFO - Encoder coeffs loss: 0.3065691590309143
2026-04-09 17:03:49,730 - INFO - Decoder coeffs loss: 0.3878730535507202
2026-04-09 17:03:49,730 - INFO - Prev coeffs loss: 0.20028360188007355
2026-04-09 17:03:49,731 - INFO - Encoder smooth loss: 0.22870635986328125
2026-04-09 17:03:49,731 - INFO - Decoder smooth loss: 0.2810813784599304
2026-04-09 17:03:49,731 - INFO - Prev smooth loss: 0.15421389043331146
2026-04-09 17:03:49,731 - INFO - KL loss: 15.15502643585205
2026-04-09 17:03:49,732 - INFO - Total loss: 19.041637420654297
2026-04-09 17:03:49,759 - INFO - Reconstruction loss: 9.352099418640137
2026-04-09 17:03:49,759 - INFO - Encoder coeffs loss: 0.30216968059539795
2026-04-09 17:03:49,760 - INFO - Decoder coeffs loss: 0.3817921578884125
2026-04-09 17:03:49,760 - INFO - Prev coeffs loss: 0.19979356229305267
2026-04-09 17:03:49,761 - INFO - Encoder smooth loss: 0.22574687004089355
2026-04-09 17:03:49,761 - INFO - Decoder smooth loss: 0.27634260058403015
2026-04-09 17:03:49,761 - INFO - Prev smooth loss: 0.15392859280109406
2026-04-09 17:03:49,761 - INFO - KL loss: 12.794239044189453
2026-04-09 17:03:49,762 - INFO - Total loss: 16.51910400390625
2026-04-09 17:03:49,762 - INFO - Epoch val loss: 35.56074142456055
2026-04-09 17:03:49,762 - INFO - -------------------
2026-04-09 17:03:49,762 - INFO - Saving model at epoch 36
2026-04-09 17:03:49,762 - INFO - Saving model name: AERCA_nonlinear_ws_5_stride_1_lr_0.0001_epochs_5000_hidden_layer_size_50_num_hidden_layers_8.pt
2026-04-09 17:03:49,859 - INFO - Reconstruction loss: 9.739230155944824
2026-04-09 17:03:49,859 - INFO - Encoder coeffs loss: 0.30484625697135925
2026-04-09 17:03:49,860 - INFO - Decoder coeffs loss: 0.38467949628829956
2026-04-09 17:03:49,860 - INFO - Prev coeffs loss: 0.1998744010925293
2026-04-09 17:03:49,860 - INFO - Encoder smooth loss: 0.22756604850292206
2026-04-09 17:03:49,861 - INFO - Decoder smooth loss: 0.27863630652427673
2026-04-09 17:03:49,861 - INFO - Prev smooth loss: 0.15385928750038147
2026-04-09 17:03:49,862 - INFO - KL loss: 13.673856735229492
2026-04-09 17:03:49,862 - INFO - Total loss: 17.350889205932617
2026-04-09 17:03:49,940 - INFO - Reconstruction loss: 9.279280662536621
2026-04-09 17:03:49,940 - INFO - Encoder coeffs loss: 0.3022797107696533
2026-04-09 17:03:49,940 - INFO - Decoder coeffs loss: 0.381308376789093
2026-04-09 17:03:49,941 - INFO - Prev coeffs loss: 0.1993669867515564
2026-04-09 17:03:49,941 - INFO - Encoder smooth loss: 0.22543081641197205
2026-04-09 17:03:49,941 - INFO - Decoder smooth loss: 0.2757619023323059
2026-04-09 17:03:49,941 - INFO - Prev smooth loss: 0.1533617377281189
2026-04-09 17:03:49,942 - INFO - KL loss: 13.112659454345703
2026-04-09 17:03:49,942 - INFO - Total loss: 16.604366302490234
2026-04-09 17:03:50,014 - INFO - Reconstruction loss: 9.459771156311035
2026-04-09 17:03:50,015 - INFO - Encoder coeffs loss: 0.3069654405117035
2026-04-09 17:03:50,015 - INFO - Decoder coeffs loss: 0.3822892904281616
2026-04-09 17:03:50,015 - INFO - Prev coeffs loss: 0.20037008821964264
2026-04-09 17:03:50,015 - INFO - Encoder smooth loss: 0.2287430763244629
2026-04-09 17:03:50,017 - INFO - Decoder smooth loss: 0.2766551077365875
2026-04-09 17:03:50,017 - INFO - Prev smooth loss: 0.15353335440158844
2026-04-09 17:03:50,017 - INFO - KL loss: 13.2110595703125
2026-04-09 17:03:50,017 - INFO - Total loss: 16.83957862854004
2026-04-09 17:03:50,088 - INFO - Reconstruction loss: 8.823707580566406
2026-04-09 17:03:50,089 - INFO - Encoder coeffs loss: 0.3010497987270355
2026-04-09 17:03:50,089 - INFO - Decoder coeffs loss: 0.3763754367828369
2026-04-09 17:03:50,090 - INFO - Prev coeffs loss: 0.19911924004554749
2026-04-09 17:03:50,090 - INFO - Encoder smooth loss: 0.22417162358760834
2026-04-09 17:03:50,090 - INFO - Decoder smooth loss: 0.2725263237953186
2026-04-09 17:03:50,091 - INFO - Prev smooth loss: 0.1531030833721161
2026-04-09 17:03:50,091 - INFO - KL loss: 12.058040618896484
2026-04-09 17:03:50,091 - INFO - Total loss: 15.615900039672852
2026-04-09 17:03:50,166 - INFO - Reconstruction loss: 10.03442668914795
2026-04-09 17:03:50,166 - INFO - Encoder coeffs loss: 0.3074474632740021
2026-04-09 17:03:50,167 - INFO - Decoder coeffs loss: 0.38582634925842285
2026-04-09 17:03:50,167 - INFO - Prev coeffs loss: 0.19943395256996155
2026-04-09 17:03:50,167 - INFO - Encoder smooth loss: 0.2287663221359253
2026-04-09 17:03:50,167 - INFO - Decoder smooth loss: 0.27861008048057556
2026-04-09 17:03:50,168 - INFO - Prev smooth loss: 0.15299448370933533
2026-04-09 17:03:50,168 - INFO - KL loss: 13.75281810760498
2026-04-09 17:03:50,168 - INFO - Total loss: 17.687374114990234
2026-04-09 17:03:50,243 - INFO - Reconstruction loss: 9.322410583496094
2026-04-09 17:03:50,244 - INFO - Encoder coeffs loss: 0.30601444840431213
2026-04-09 17:03:50,244 - INFO - Decoder coeffs loss: 0.38273322582244873
2026-04-09 17:03:50,245 - INFO - Prev coeffs loss: 0.19907215237617493
2026-04-09 17:03:50,245 - INFO - Encoder smooth loss: 0.22767315804958344
2026-04-09 17:03:50,245 - INFO - Decoder smooth loss: 0.2757139205932617
2026-04-09 17:03:50,246 - INFO - Prev smooth loss: 0.1524650752544403
2026-04-09 17:03:50,246 - INFO - KL loss: 13.226924896240234
2026-04-09 17:03:50,246 - INFO - Total loss: 16.70771026611328
2026-04-09 17:03:50,321 - INFO - Reconstruction loss: 9.729854583740234
2026-04-09 17:03:50,322 - INFO - Encoder coeffs loss: 0.3065621256828308
2026-04-09 17:03:50,322 - INFO - Decoder coeffs loss: 0.38473838567733765
2026-04-09 17:03:50,322 - INFO - Prev coeffs loss: 0.19883669912815094
2026-04-09 17:03:50,323 - INFO - Encoder smooth loss: 0.22831736505031586
2026-04-09 17:03:50,323 - INFO - Decoder smooth loss: 0.2770634889602661
2026-04-09 17:03:50,323 - INFO - Prev smooth loss: 0.15256190299987793
2026-04-09 17:03:50,324 - INFO - KL loss: 14.003560066223145
2026-04-09 17:03:50,324 - INFO - Total loss: 17.505674362182617
2026-04-09 17:03:50,399 - INFO - Reconstruction loss: 8.681875228881836
2026-04-09 17:03:50,399 - INFO - Encoder coeffs loss: 0.2996901869773865
2026-04-09 17:03:50,400 - INFO - Decoder coeffs loss: 0.37668120861053467
2026-04-09 17:03:50,400 - INFO - Prev coeffs loss: 0.19759126007556915
2026-04-09 17:03:50,400 - INFO - Encoder smooth loss: 0.22329063713550568
2026-04-09 17:03:50,401 - INFO - Decoder smooth loss: 0.2709274888038635
2026-04-09 17:03:50,401 - INFO - Prev smooth loss: 0.15164488554000854
2026-04-09 17:03:50,401 - INFO - KL loss: 11.916473388671875
2026-04-09 17:03:50,402 - INFO - Total loss: 15.400025367736816
2026-04-09 17:03:50,446 - INFO - Epoch 37/5000
2026-04-09 17:03:50,446 - INFO - Epoch training loss: 133.7115182876587
2026-04-09 17:03:50,446 - INFO - -------------------
2026-04-09 17:03:50,472 - INFO - Reconstruction loss: 10.6046781539917
2026-04-09 17:03:50,473 - INFO - Encoder coeffs loss: 0.3072005808353424
2026-04-09 17:03:50,473 - INFO - Decoder coeffs loss: 0.38790154457092285
2026-04-09 17:03:50,474 - INFO - Prev coeffs loss: 0.1981116235256195
2026-04-09 17:03:50,474 - INFO - Encoder smooth loss: 0.22858577966690063
2026-04-09 17:03:50,474 - INFO - Decoder smooth loss: 0.27886655926704407
2026-04-09 17:03:50,474 - INFO - Prev smooth loss: 0.15206316113471985
2026-04-09 17:03:50,474 - INFO - KL loss: 14.968209266662598
2026-04-09 17:03:50,475 - INFO - Total loss: 18.865148544311523
2026-04-09 17:03:50,501 - INFO - Reconstruction loss: 9.272013664245605
2026-04-09 17:03:50,501 - INFO - Encoder coeffs loss: 0.302804559469223
2026-04-09 17:03:50,501 - INFO - Decoder coeffs loss: 0.38172292709350586
2026-04-09 17:03:50,502 - INFO - Prev coeffs loss: 0.1976211816072464
2026-04-09 17:03:50,502 - INFO - Encoder smooth loss: 0.22560127079486847
2026-04-09 17:03:50,502 - INFO - Decoder smooth loss: 0.27406829595565796
2026-04-09 17:03:50,503 - INFO - Prev smooth loss: 0.1517450213432312
2026-04-09 17:03:50,503 - INFO - KL loss: 12.590959548950195
2026-04-09 17:03:50,503 - INFO - Total loss: 16.334274291992188
2026-04-09 17:03:50,503 - INFO - Epoch val loss: 35.19942283630371
2026-04-09 17:03:50,503 - INFO - -------------------
2026-04-09 17:03:50,503 - INFO - Saving model at epoch 37
2026-04-09 17:03:50,503 - INFO - Saving model name: AERCA_nonlinear_ws_5_stride_1_lr_0.0001_epochs_5000_hidden_layer_size_50_num_hidden_layers_8.pt
2026-04-09 17:03:50,606 - INFO - Reconstruction loss: 9.651664733886719
2026-04-09 17:03:50,607 - INFO - Encoder coeffs loss: 0.3054686486721039
2026-04-09 17:03:50,607 - INFO - Decoder coeffs loss: 0.38461169600486755
2026-04-09 17:03:50,607 - INFO - Prev coeffs loss: 0.19767019152641296
2026-04-09 17:03:50,608 - INFO - Encoder smooth loss: 0.22741951048374176
2026-04-09 17:03:50,608 - INFO - Decoder smooth loss: 0.27634406089782715
2026-04-09 17:03:50,608 - INFO - Prev smooth loss: 0.15165556967258453
2026-04-09 17:03:50,608 - INFO - KL loss: 13.468145370483398
2026-04-09 17:03:50,609 - INFO - Total loss: 17.15732192993164
2026-04-09 17:03:50,683 - INFO - Reconstruction loss: 9.211091995239258
2026-04-09 17:03:50,683 - INFO - Encoder coeffs loss: 0.30286532640457153
2026-04-09 17:03:50,685 - INFO - Decoder coeffs loss: 0.3811878561973572
2026-04-09 17:03:50,685 - INFO - Prev coeffs loss: 0.19718751311302185
2026-04-09 17:03:50,686 - INFO - Encoder smooth loss: 0.2252294421195984
2026-04-09 17:03:50,686 - INFO - Decoder smooth loss: 0.27342820167541504
2026-04-09 17:03:50,686 - INFO - Prev smooth loss: 0.1511637419462204
2026-04-09 17:03:50,686 - INFO - KL loss: 12.9263277053833
2026-04-09 17:03:50,687 - INFO - Total loss: 16.439786911010742
2026-04-09 17:03:50,760 - INFO - Reconstruction loss: 9.372584342956543
2026-04-09 17:03:50,761 - INFO - Encoder coeffs loss: 0.3073853552341461
2026-04-09 17:03:50,761 - INFO - Decoder coeffs loss: 0.3821375370025635
2026-04-09 17:03:50,762 - INFO - Prev coeffs loss: 0.19825519621372223
2026-04-09 17:03:50,762 - INFO - Encoder smooth loss: 0.22846081852912903
2026-04-09 17:03:50,762 - INFO - Decoder smooth loss: 0.2742873728275299
2026-04-09 17:03:50,763 - INFO - Prev smooth loss: 0.15142540633678436
2026-04-09 17:03:50,763 - INFO - KL loss: 13.014456748962402
2026-04-09 17:03:50,763 - INFO - Total loss: 16.650787353515625
2026-04-09 17:03:50,835 - INFO - Reconstruction loss: 8.76494312286377
2026-04-09 17:03:50,836 - INFO - Encoder coeffs loss: 0.3015297055244446
2026-04-09 17:03:50,836 - INFO - Decoder coeffs loss: 0.3761495351791382
2026-04-09 17:03:50,836 - INFO - Prev coeffs loss: 0.19694513082504272
2026-04-09 17:03:50,837 - INFO - Encoder smooth loss: 0.22389818727970123
2026-04-09 17:03:50,837 - INFO - Decoder smooth loss: 0.2701522409915924
2026-04-09 17:03:50,837 - INFO - Prev smooth loss: 0.15094342827796936
2026-04-09 17:03:50,837 - INFO - KL loss: 11.863529205322266
2026-04-09 17:03:50,838 - INFO - Total loss: 15.45651626586914
2026-04-09 17:03:50,913 - INFO - Reconstruction loss: 9.942376136779785
2026-04-09 17:03:50,914 - INFO - Encoder coeffs loss: 0.3079466223716736
2026-04-09 17:03:50,914 - INFO - Decoder coeffs loss: 0.38562288880348206
2026-04-09 17:03:50,915 - INFO - Prev coeffs loss: 0.19737285375595093
2026-04-09 17:03:50,915 - INFO - Encoder smooth loss: 0.22855156660079956
2026-04-09 17:03:50,915 - INFO - Decoder smooth loss: 0.27617958188056946
2026-04-09 17:03:50,915 - INFO - Prev smooth loss: 0.15095849335193634
2026-04-09 17:03:50,916 - INFO - KL loss: 13.531938552856445
2026-04-09 17:03:50,916 - INFO - Total loss: 17.48166275024414
2026-04-09 17:03:50,991 - INFO - Reconstruction loss: 9.248453140258789
2026-04-09 17:03:50,992 - INFO - Encoder coeffs loss: 0.30628931522369385
2026-04-09 17:03:50,992 - INFO - Decoder coeffs loss: 0.38249343633651733
2026-04-09 17:03:50,992 - INFO - Prev coeffs loss: 0.1969725787639618
2026-04-09 17:03:50,993 - INFO - Encoder smooth loss: 0.22729343175888062
2026-04-09 17:03:50,993 - INFO - Decoder smooth loss: 0.27325692772865295
2026-04-09 17:03:50,994 - INFO - Prev smooth loss: 0.150398850440979
2026-04-09 17:03:50,994 - INFO - KL loss: 13.050575256347656
2026-04-09 17:03:50,994 - INFO - Total loss: 16.54209327697754
2026-04-09 17:03:51,050 - INFO - Reconstruction loss: 9.635714530944824
2026-04-09 17:03:51,051 - INFO - Encoder coeffs loss: 0.30694928765296936
2026-04-09 17:03:51,051 - INFO - Decoder coeffs loss: 0.3844822645187378
2026-04-09 17:03:51,051 - INFO - Prev coeffs loss: 0.1968189924955368
2026-04-09 17:03:51,051 - INFO - Encoder smooth loss: 0.22802409529685974
2026-04-09 17:03:51,052 - INFO - Decoder smooth loss: 0.2745189070701599
2026-04-09 17:03:51,053 - INFO - Prev smooth loss: 0.15057472884655
2026-04-09 17:03:51,053 - INFO - KL loss: 13.799678802490234
2026-04-09 17:03:51,053 - INFO - Total loss: 17.306238174438477
2026-04-09 17:03:51,102 - INFO - Reconstruction loss: 8.602299690246582
2026-04-09 17:03:51,103 - INFO - Encoder coeffs loss: 0.30006143450737
2026-04-09 17:03:51,103 - INFO - Decoder coeffs loss: 0.37644240260124207
2026-04-09 17:03:51,104 - INFO - Prev coeffs loss: 0.19554871320724487
2026-04-09 17:03:51,104 - INFO - Encoder smooth loss: 0.2229355424642563
2026-04-09 17:03:51,104 - INFO - Decoder smooth loss: 0.26844945549964905
2026-04-09 17:03:51,105 - INFO - Prev smooth loss: 0.1495988816022873
2026-04-09 17:03:51,105 - INFO - KL loss: 11.728872299194336
2026-04-09 17:03:51,105 - INFO - Total loss: 15.223254203796387
2026-04-09 17:03:51,133 - INFO - Epoch 38/5000
2026-04-09 17:03:51,133 - INFO - Epoch training loss: 132.2576608657837
2026-04-09 17:03:51,133 - INFO - -------------------
2026-04-09 17:03:51,149 - INFO - Reconstruction loss: 10.524274826049805
2026-04-09 17:03:51,150 - INFO - Encoder coeffs loss: 0.3076385259628296
2026-04-09 17:03:51,150 - INFO - Decoder coeffs loss: 0.3876221477985382
2026-04-09 17:03:51,150 - INFO - Prev coeffs loss: 0.19614650309085846
2026-04-09 17:03:51,151 - INFO - Encoder smooth loss: 0.22833052277565002
2026-04-09 17:03:51,151 - INFO - Decoder smooth loss: 0.2762845754623413
2026-04-09 17:03:51,151 - INFO - Prev smooth loss: 0.1501406729221344
2026-04-09 17:03:51,151 - INFO - KL loss: 14.794264793395996
2026-04-09 17:03:51,151 - INFO - Total loss: 18.694488525390625
2026-04-09 17:03:51,168 - INFO - Reconstruction loss: 9.196507453918457
2026-04-09 17:03:51,169 - INFO - Encoder coeffs loss: 0.3032652735710144
2026-04-09 17:03:51,169 - INFO - Decoder coeffs loss: 0.38137561082839966
2026-04-09 17:03:51,169 - INFO - Prev coeffs loss: 0.19566434621810913
2026-04-09 17:03:51,170 - INFO - Encoder smooth loss: 0.2253342568874359
2026-04-09 17:03:51,170 - INFO - Decoder smooth loss: 0.2714497745037079
2026-04-09 17:03:51,170 - INFO - Prev smooth loss: 0.14980101585388184
2026-04-09 17:03:51,170 - INFO - KL loss: 12.406336784362793
2026-04-09 17:03:51,170 - INFO - Total loss: 16.16312026977539
2026-04-09 17:03:51,171 - INFO - Epoch val loss: 34.857608795166016
2026-04-09 17:03:51,171 - INFO - -------------------
2026-04-09 17:03:51,171 - INFO - Saving model at epoch 38
2026-04-09 17:03:51,171 - INFO - Saving model name: AERCA_nonlinear_ws_5_stride_1_lr_0.0001_epochs_5000_hidden_layer_size_50_num_hidden_layers_8.pt
2026-04-09 17:03:51,255 - INFO - Reconstruction loss: 9.569812774658203
2026-04-09 17:03:51,255 - INFO - Encoder coeffs loss: 0.30589503049850464
2026-04-09 17:03:51,255 - INFO - Decoder coeffs loss: 0.38425689935684204
2026-04-09 17:03:51,256 - INFO - Prev coeffs loss: 0.1956857293844223
2026-04-09 17:03:51,257 - INFO - Encoder smooth loss: 0.2271416038274765
2026-04-09 17:03:51,257 - INFO - Decoder smooth loss: 0.27369633316993713
2026-04-09 17:03:51,257 - INFO - Prev smooth loss: 0.14967812597751617
2026-04-09 17:03:51,257 - INFO - KL loss: 13.280402183532715
2026-04-09 17:03:51,257 - INFO - Total loss: 16.978191375732422
2026-04-09 17:03:51,304 - INFO - Reconstruction loss: 9.146678924560547
2026-04-09 17:03:51,304 - INFO - Encoder coeffs loss: 0.3032863736152649
2026-04-09 17:03:51,305 - INFO - Decoder coeffs loss: 0.3808025121688843
2026-04-09 17:03:51,305 - INFO - Prev coeffs loss: 0.19521118700504303
2026-04-09 17:03:51,307 - INFO - Encoder smooth loss: 0.22492177784442902
2026-04-09 17:03:51,307 - INFO - Decoder smooth loss: 0.27073678374290466
2026-04-09 17:03:51,307 - INFO - Prev smooth loss: 0.14918720722198486
2026-04-09 17:03:51,307 - INFO - KL loss: 12.754066467285156
2026-04-09 17:03:51,307 - INFO - Total loss: 16.285785675048828
2026-04-09 17:03:51,356 - INFO - Reconstruction loss: 9.289179801940918
2026-04-09 17:03:51,356 - INFO - Encoder coeffs loss: 0.307656466960907
2026-04-09 17:03:51,356 - INFO - Decoder coeffs loss: 0.38174667954444885
2026-04-09 17:03:51,357 - INFO - Prev coeffs loss: 0.1963118016719818
2026-04-09 17:03:51,358 - INFO - Encoder smooth loss: 0.2280779927968979
2026-04-09 17:03:51,358 - INFO - Decoder smooth loss: 0.2715718448162079
2026-04-09 17:03:51,358 - INFO - Prev smooth loss: 0.14952051639556885
2026-04-09 17:03:51,358 - INFO - KL loss: 12.833067893981934
2026-04-09 17:03:51,358 - INFO - Total loss: 16.47315788269043
2026-04-09 17:03:51,411 - INFO - Reconstruction loss: 8.709035873413086
2026-04-09 17:03:51,411 - INFO - Encoder coeffs loss: 0.30189236998558044
2026-04-09 17:03:51,411 - INFO - Decoder coeffs loss: 0.37573403120040894
2026-04-09 17:03:51,412 - INFO - Prev coeffs loss: 0.19492977857589722
2026-04-09 17:03:51,412 - INFO - Encoder smooth loss: 0.2235455960035324
2026-04-09 17:03:51,412 - INFO - Decoder smooth loss: 0.26745980978012085
2026-04-09 17:03:51,412 - INFO - Prev smooth loss: 0.14896412193775177
2026-04-09 17:03:51,412 - INFO - KL loss: 11.687304496765137
2026-04-09 17:03:51,413 - INFO - Total loss: 15.308950424194336
2026-04-09 17:03:51,458 - INFO - Reconstruction loss: 9.853636741638184
2026-04-09 17:03:51,458 - INFO - Encoder coeffs loss: 0.3083367347717285
2026-04-09 17:03:51,459 - INFO - Decoder coeffs loss: 0.3851972222328186
2026-04-09 17:03:51,459 - INFO - Prev coeffs loss: 0.19547927379608154
2026-04-09 17:03:51,459 - INFO - Encoder smooth loss: 0.22825831174850464
2026-04-09 17:03:51,460 - INFO - Decoder smooth loss: 0.2734012305736542
2026-04-09 17:03:51,460 - INFO - Prev smooth loss: 0.1491234451532364
2026-04-09 17:03:51,460 - INFO - KL loss: 13.32709789276123
2026-04-09 17:03:51,460 - INFO - Total loss: 17.287084579467773
2026-04-09 17:03:51,509 - INFO - Reconstruction loss: 9.17847728729248
2026-04-09 17:03:51,509 - INFO - Encoder coeffs loss: 0.3064945936203003
2026-04-09 17:03:51,510 - INFO - Decoder coeffs loss: 0.3820123076438904
2026-04-09 17:03:51,510 - INFO - Prev coeffs loss: 0.1950206607580185
2026-04-09 17:03:51,510 - INFO - Encoder smooth loss: 0.2268591672182083
2026-04-09 17:03:51,511 - INFO - Decoder smooth loss: 0.2704590857028961
2026-04-09 17:03:51,511 - INFO - Prev smooth loss: 0.14851060509681702
2026-04-09 17:03:51,511 - INFO - KL loss: 12.888774871826172
2026-04-09 17:03:51,512 - INFO - Total loss: 16.387542724609375
2026-04-09 17:03:51,558 - INFO - Reconstruction loss: 9.547450065612793
2026-04-09 17:03:51,558 - INFO - Encoder coeffs loss: 0.3072609007358551
2026-04-09 17:03:51,559 - INFO - Decoder coeffs loss: 0.3839872479438782
2026-04-09 17:03:51,559 - INFO - Prev coeffs loss: 0.19497151672840118
2026-04-09 17:03:51,560 - INFO - Encoder smooth loss: 0.22767387330532074
2026-04-09 17:03:51,560 - INFO - Decoder smooth loss: 0.27165111899375916
2026-04-09 17:03:51,560 - INFO - Prev smooth loss: 0.1487887054681778
2026-04-09 17:03:51,560 - INFO - KL loss: 13.607487678527832
2026-04-09 17:03:51,561 - INFO - Total loss: 17.11836051940918
2026-04-09 17:03:51,607 - INFO - Reconstruction loss: 8.526381492614746
2026-04-09 17:03:51,607 - INFO - Encoder coeffs loss: 0.3003859519958496
2026-04-09 17:03:51,608 - INFO - Decoder coeffs loss: 0.37596213817596436
2026-04-09 17:03:51,608 - INFO - Prev coeffs loss: 0.1936887502670288
2026-04-09 17:03:51,608 - INFO - Encoder smooth loss: 0.2225450873374939
2026-04-09 17:03:51,608 - INFO - Decoder smooth loss: 0.26566174626350403
2026-04-09 17:03:51,609 - INFO - Prev smooth loss: 0.1477566808462143
2026-04-09 17:03:51,609 - INFO - KL loss: 11.554367065429688
2026-04-09 17:03:51,609 - INFO - Total loss: 15.056565284729004
2026-04-09 17:03:51,679 - INFO - Epoch 39/5000
2026-04-09 17:03:51,679 - INFO - Epoch training loss: 130.89563846588135
2026-04-09 17:03:51,679 - INFO - -------------------
2026-04-09 17:03:51,745 - INFO - Reconstruction loss: 10.447333335876465
2026-04-09 17:03:51,746 - INFO - Encoder coeffs loss: 0.30802902579307556
2026-04-09 17:03:51,747 - INFO - Decoder coeffs loss: 0.3870750069618225
2026-04-09 17:03:51,747 - INFO - Prev coeffs loss: 0.19438216090202332
2026-04-09 17:03:51,748 - INFO - Encoder smooth loss: 0.2280428260564804
2026-04-09 17:03:51,749 - INFO - Decoder smooth loss: 0.27339276671409607
2026-04-09 17:03:51,749 - INFO - Prev smooth loss: 0.14842437207698822
2026-04-09 17:03:51,750 - INFO - KL loss: 14.63153076171875
2026-04-09 17:03:51,751 - INFO - Total loss: 18.532772064208984
2026-04-09 17:03:51,824 - INFO - Reconstruction loss: 9.126260757446289
2026-04-09 17:03:51,825 - INFO - Encoder coeffs loss: 0.3036864399909973
2026-04-09 17:03:51,826 - INFO - Decoder coeffs loss: 0.3807777762413025
2026-04-09 17:03:51,826 - INFO - Prev coeffs loss: 0.19392088055610657
2026-04-09 17:03:51,827 - INFO - Encoder smooth loss: 0.22503890097141266
2026-04-09 17:03:51,827 - INFO - Decoder smooth loss: 0.26853543519973755
2026-04-09 17:03:51,827 - INFO - Prev smooth loss: 0.14807379245758057
2026-04-09 17:03:51,827 - INFO - KL loss: 12.237154006958008
2026-04-09 17:03:51,828 - INFO - Total loss: 16.004854202270508
2026-04-09 17:03:51,828 - INFO - Epoch val loss: 34.53762626647949
2026-04-09 17:03:51,828 - INFO - -------------------
2026-04-09 17:03:51,828 - INFO - Saving model at epoch 39
2026-04-09 17:03:51,829 - INFO - Saving model name: AERCA_nonlinear_ws_5_stride_1_lr_0.0001_epochs_5000_hidden_layer_size_50_num_hidden_layers_8.pt
2026-04-09 17:03:52,135 - INFO - Reconstruction loss: 9.494080543518066
2026-04-09 17:03:52,136 - INFO - Encoder coeffs loss: 0.3062736392021179
2026-04-09 17:03:52,136 - INFO - Decoder coeffs loss: 0.3836376667022705
2026-04-09 17:03:52,136 - INFO - Prev coeffs loss: 0.19389623403549194
2026-04-09 17:03:52,137 - INFO - Encoder smooth loss: 0.22683055698871613
2026-04-09 17:03:52,137 - INFO - Decoder smooth loss: 0.270737886428833
2026-04-09 17:03:52,137 - INFO - Prev smooth loss: 0.14790676534175873
2026-04-09 17:03:52,137 - INFO - KL loss: 13.106327056884766
2026-04-09 17:03:52,138 - INFO - Total loss: 16.811885833740234
2026-04-09 17:03:52,207 - INFO - Reconstruction loss: 9.0847806930542
2026-04-09 17:03:52,207 - INFO - Encoder coeffs loss: 0.3036644458770752
2026-04-09 17:03:52,208 - INFO - Decoder coeffs loss: 0.38015511631965637
2026-04-09 17:03:52,208 - INFO - Prev coeffs loss: 0.19344070553779602
2026-04-09 17:03:52,209 - INFO - Encoder smooth loss: 0.224589005112648
2026-04-09 17:03:52,209 - INFO - Decoder smooth loss: 0.26775744557380676
2026-04-09 17:03:52,209 - INFO - Prev smooth loss: 0.14741750061511993
2026-04-09 17:03:52,210 - INFO - KL loss: 12.592208862304688
2026-04-09 17:03:52,210 - INFO - Total loss: 16.13939666748047
2026-04-09 17:03:52,277 - INFO - Reconstruction loss: 9.209522247314453
2026-04-09 17:03:52,278 - INFO - Encoder coeffs loss: 0.30789291858673096
2026-04-09 17:03:52,278 - INFO - Decoder coeffs loss: 0.38107722997665405
2026-04-09 17:03:52,278 - INFO - Prev coeffs loss: 0.19457578659057617
2026-04-09 17:03:52,279 - INFO - Encoder smooth loss: 0.22768445312976837
2026-04-09 17:03:52,279 - INFO - Decoder smooth loss: 0.26859593391418457
2026-04-09 17:03:52,279 - INFO - Prev smooth loss: 0.14781032502651215
2026-04-09 17:03:52,279 - INFO - KL loss: 12.665044784545898
2026-04-09 17:03:52,280 - INFO - Total loss: 16.305862426757812
2026-04-09 17:03:52,326 - INFO - Reconstruction loss: 8.65552806854248
2026-04-09 17:03:52,326 - INFO - Encoder coeffs loss: 0.3022259771823883
2026-04-09 17:03:52,326 - INFO - Decoder coeffs loss: 0.3750585615634918
2026-04-09 17:03:52,327 - INFO - Prev coeffs loss: 0.19313916563987732
2026-04-09 17:03:52,327 - INFO - Encoder smooth loss: 0.22318719327449799
2026-04-09 17:03:52,327 - INFO - Decoder smooth loss: 0.26452648639678955
2026-04-09 17:03:52,327 - INFO - Prev smooth loss: 0.14717237651348114
2026-04-09 17:03:52,327 - INFO - KL loss: 11.527341842651367
2026-04-09 17:03:52,328 - INFO - Total loss: 15.171853065490723
2026-04-09 17:03:52,370 - INFO - Reconstruction loss: 9.770145416259766
2026-04-09 17:03:52,371 - INFO - Encoder coeffs loss: 0.30867359042167664
2026-04-09 17:03:52,371 - INFO - Decoder coeffs loss: 0.3844601511955261
2026-04-09 17:03:52,371 - INFO - Prev coeffs loss: 0.19383978843688965
2026-04-09 17:03:52,371 - INFO - Encoder smooth loss: 0.22795191407203674
2026-04-09 17:03:52,372 - INFO - Decoder smooth loss: 0.27035582065582275
2026-04-09 17:03:52,372 - INFO - Prev smooth loss: 0.1475069522857666
2026-04-09 17:03:52,372 - INFO - KL loss: 13.135566711425781
2026-04-09 17:03:52,372 - INFO - Total loss: 17.10432243347168
2026-04-09 17:03:52,418 - INFO - Reconstruction loss: 9.112809181213379
2026-04-09 17:03:52,419 - INFO - Encoder coeffs loss: 0.30666038393974304
2026-04-09 17:03:52,419 - INFO - Decoder coeffs loss: 0.3812393546104431
2026-04-09 17:03:52,419 - INFO - Prev coeffs loss: 0.19330519437789917
2026-04-09 17:03:52,420 - INFO - Encoder smooth loss: 0.2264205664396286
2026-04-09 17:03:52,420 - INFO - Decoder smooth loss: 0.26741158962249756
2026-04-09 17:03:52,420 - INFO - Prev smooth loss: 0.14681988954544067
2026-04-09 17:03:52,420 - INFO - KL loss: 12.738677024841309
2026-04-09 17:03:52,420 - INFO - Total loss: 16.24307632446289
2026-04-09 17:03:52,465 - INFO - Reconstruction loss: 9.464967727661133
2026-04-09 17:03:52,466 - INFO - Encoder coeffs loss: 0.3075137436389923
2026-04-09 17:03:52,466 - INFO - Decoder coeffs loss: 0.38319531083106995
2026-04-09 17:03:52,466 - INFO - Prev coeffs loss: 0.19337570667266846
2026-04-09 17:03:52,466 - INFO - Encoder smooth loss: 0.22730374336242676
2026-04-09 17:03:52,467 - INFO - Decoder smooth loss: 0.2685421109199524
2026-04-09 17:03:52,467 - INFO - Prev smooth loss: 0.1472146064043045
2026-04-09 17:03:52,467 - INFO - KL loss: 13.427138328552246
2026-04-09 17:03:52,467 - INFO - Total loss: 16.942110061645508
2026-04-09 17:03:52,532 - INFO - Reconstruction loss: 8.455497741699219
2026-04-09 17:03:52,532 - INFO - Encoder coeffs loss: 0.30064263939857483
2026-04-09 17:03:52,532 - INFO - Decoder coeffs loss: 0.3752056658267975
2026-04-09 17:03:52,533 - INFO - Prev coeffs loss: 0.19208574295043945
2026-04-09 17:03:52,533 - INFO - Encoder smooth loss: 0.22213736176490784
2026-04-09 17:03:52,533 - INFO - Decoder smooth loss: 0.2626449167728424
2026-04-09 17:03:52,535 - INFO - Prev smooth loss: 0.14613281190395355
2026-04-09 17:03:52,535 - INFO - KL loss: 11.392313957214355
2026-04-09 17:03:52,535 - INFO - Total loss: 14.901079177856445
2026-04-09 17:03:52,563 - INFO - Epoch 40/5000
2026-04-09 17:03:52,563 - INFO - Epoch training loss: 129.61958599090576
2026-04-09 17:03:52,564 - INFO - -------------------
2026-04-09 17:03:52,580 - INFO - Reconstruction loss: 10.375003814697266
2026-04-09 17:03:52,580 - INFO - Encoder coeffs loss: 0.308321475982666
2026-04-09 17:03:52,581 - INFO - Decoder coeffs loss: 0.38622814416885376
2026-04-09 17:03:52,581 - INFO - Prev coeffs loss: 0.19287797808647156
2026-04-09 17:03:52,581 - INFO - Encoder smooth loss: 0.22772204875946045
2026-04-09 17:03:52,581 - INFO - Decoder smooth loss: 0.27025532722473145
2026-04-09 17:03:52,582 - INFO - Prev smooth loss: 0.1469298154115677
2026-04-09 17:03:52,582 - INFO - KL loss: 14.480224609375
2026-04-09 17:03:52,582 - INFO - Total loss: 18.381282806396484
2026-04-09 17:03:52,598 - INFO - Reconstruction loss: 9.059947967529297
2026-04-09 17:03:52,599 - INFO - Encoder coeffs loss: 0.3040052056312561
2026-04-09 17:03:52,599 - INFO - Decoder coeffs loss: 0.3799053430557251
2026-04-09 17:03:52,599 - INFO - Prev coeffs loss: 0.19244080781936646
2026-04-09 17:03:52,599 - INFO - Encoder smooth loss: 0.22470711171627045
2026-04-09 17:03:52,600 - INFO - Decoder smooth loss: 0.26539844274520874
2026-04-09 17:03:52,600 - INFO - Prev smooth loss: 0.14657752215862274
2026-04-09 17:03:52,600 - INFO - KL loss: 12.082500457763672
2026-04-09 17:03:52,600 - INFO - Total loss: 15.857714653015137
2026-04-09 17:03:52,601 - INFO - Epoch val loss: 34.23899745941162
2026-04-09 17:03:52,601 - INFO - -------------------
2026-04-09 17:03:52,601 - INFO - Saving model at epoch 40
2026-04-09 17:03:52,601 - INFO - Saving model name: AERCA_nonlinear_ws_5_stride_1_lr_0.0001_epochs_5000_hidden_layer_size_50_num_hidden_layers_8.pt
2026-04-09 17:03:52,683 - INFO - Reconstruction loss: 9.424439430236816
2026-04-09 17:03:52,683 - INFO - Encoder coeffs loss: 0.3065623342990875
2026-04-09 17:03:52,684 - INFO - Decoder coeffs loss: 0.3827372193336487
2026-04-09 17:03:52,684 - INFO - Prev coeffs loss: 0.19236013293266296
2026-04-09 17:03:52,684 - INFO - Encoder smooth loss: 0.22648561000823975
2026-04-09 17:03:52,684 - INFO - Decoder smooth loss: 0.2675424814224243
2026-04-09 17:03:52,685 - INFO - Prev smooth loss: 0.14636006951332092
2026-04-09 17:03:52,685 - INFO - KL loss: 12.945829391479492
2026-04-09 17:03:52,685 - INFO - Total loss: 16.65837860107422
2026-04-09 17:03:52,726 - INFO - Reconstruction loss: 9.026049613952637
2026-04-09 17:03:52,727 - INFO - Encoder coeffs loss: 0.30393797159194946
2026-04-09 17:03:52,727 - INFO - Decoder coeffs loss: 0.37921208143234253
2026-04-09 17:03:52,727 - INFO - Prev coeffs loss: 0.19192317128181458
2026-04-09 17:03:52,728 - INFO - Encoder smooth loss: 0.22421985864639282
2026-04-09 17:03:52,728 - INFO - Decoder smooth loss: 0.26454535126686096
2026-04-09 17:03:52,728 - INFO - Prev smooth loss: 0.1458667814731598
2026-04-09 17:03:52,728 - INFO - KL loss: 12.438695907592773
2026-04-09 17:03:52,729 - INFO - Total loss: 16.0002498626709
2026-04-09 17:03:52,773 - INFO - Reconstruction loss: 9.13256549835205
2026-04-09 17:03:52,773 - INFO - Encoder coeffs loss: 0.3080283999443054
2026-04-09 17:03:52,773 - INFO - Decoder coeffs loss: 0.3801080286502838
2026-04-09 17:03:52,773 - INFO - Prev coeffs loss: 0.1930721253156662
2026-04-09 17:03:52,774 - INFO - Encoder smooth loss: 0.22724926471710205
2026-04-09 17:03:52,774 - INFO - Decoder smooth loss: 0.2653825879096985
2026-04-09 17:03:52,774 - INFO - Prev smooth loss: 0.1463039070367813
2026-04-09 17:03:52,774 - INFO - KL loss: 12.507828712463379
2026-04-09 17:03:52,775 - INFO - Total loss: 16.14655113220215
2026-04-09 17:03:52,819 - INFO - Reconstruction loss: 8.603943824768066
2026-04-09 17:03:52,820 - INFO - Encoder coeffs loss: 0.3024505376815796
2026-04-09 17:03:52,820 - INFO - Decoder coeffs loss: 0.3740789294242859
2026-04-09 17:03:52,821 - INFO - Prev coeffs loss: 0.19156140089035034
2026-04-09 17:03:52,821 - INFO - Encoder smooth loss: 0.2227863371372223
2026-04-09 17:03:52,821 - INFO - Decoder smooth loss: 0.26135024428367615
2026-04-09 17:03:52,822 - INFO - Prev smooth loss: 0.1455666571855545
2026-04-09 17:03:52,822 - INFO - KL loss: 11.37997817993164
2026-04-09 17:03:52,822 - INFO - Total loss: 15.042829513549805
2026-04-09 17:03:52,887 - INFO - Reconstruction loss: 9.690631866455078
2026-04-09 17:03:52,887 - INFO - Encoder coeffs loss: 0.30888569355010986
2026-04-09 17:03:52,888 - INFO - Decoder coeffs loss: 0.38337618112564087
2026-04-09 17:03:52,888 - INFO - Prev coeffs loss: 0.19242233037948608
2026-04-09 17:03:52,888 - INFO - Encoder smooth loss: 0.22757555544376373
2026-04-09 17:03:52,888 - INFO - Decoder smooth loss: 0.26702508330345154
2026-04-09 17:03:52,889 - INFO - Prev smooth loss: 0.1460845023393631
2026-04-09 17:03:52,889 - INFO - KL loss: 12.957727432250977
2026-04-09 17:03:52,889 - INFO - Total loss: 16.932178497314453
2026-04-09 17:03:52,931 - INFO - Reconstruction loss: 9.05000114440918
2026-04-09 17:03:52,931 - INFO - Encoder coeffs loss: 0.30671247839927673
2026-04-09 17:03:52,931 - INFO - Decoder coeffs loss: 0.3801233172416687
2026-04-09 17:03:52,932 - INFO - Prev coeffs loss: 0.19177353382110596
2026-04-09 17:03:52,932 - INFO - Encoder smooth loss: 0.22590935230255127
2026-04-09 17:03:52,932 - INFO - Decoder smooth loss: 0.2640756666660309
2026-04-09 17:03:52,932 - INFO - Prev smooth loss: 0.14529243111610413
2026-04-09 17:03:52,932 - INFO - KL loss: 12.598573684692383
2026-04-09 17:03:52,933 - INFO - Total loss: 16.106231689453125
2026-04-09 17:03:52,974 - INFO - Reconstruction loss: 9.38744068145752
2026-04-09 17:03:52,974 - INFO - Encoder coeffs loss: 0.3076334297657013
2026-04-09 17:03:52,975 - INFO - Decoder coeffs loss: 0.3820587992668152
2026-04-09 17:03:52,975 - INFO - Prev coeffs loss: 0.1919586956501007
2026-04-09 17:03:52,975 - INFO - Encoder smooth loss: 0.22683803737163544
2026-04-09 17:03:52,975 - INFO - Decoder smooth loss: 0.2651449739933014
2026-04-09 17:03:52,976 - INFO - Prev smooth loss: 0.14580416679382324
2026-04-09 17:03:52,976 - INFO - KL loss: 13.26156234741211
2026-04-09 17:03:52,976 - INFO - Total loss: 16.77794075012207
2026-04-09 17:03:53,019 - INFO - Reconstruction loss: 8.387921333312988
2026-04-09 17:03:53,019 - INFO - Encoder coeffs loss: 0.3007577955722809
2026-04-09 17:03:53,019 - INFO - Decoder coeffs loss: 0.37409472465515137
2026-04-09 17:03:53,020 - INFO - Prev coeffs loss: 0.1906651109457016
2026-04-09 17:03:53,020 - INFO - Encoder smooth loss: 0.2216353416442871
2026-04-09 17:03:53,020 - INFO - Decoder smooth loss: 0.2593300938606262
2026-04-09 17:03:53,020 - INFO - Prev smooth loss: 0.14466844499111176
2026-04-09 17:03:53,020 - INFO - KL loss: 11.240900039672852
2026-04-09 17:03:53,021 - INFO - Total loss: 14.753948211669922
2026-04-09 17:03:53,048 - INFO - Epoch 41/5000
2026-04-09 17:03:53,048 - INFO - Epoch training loss: 128.41830825805664
2026-04-09 17:03:53,049 - INFO - -------------------
2026-04-09 17:03:53,064 - INFO - Reconstruction loss: 10.305291175842285
2026-04-09 17:03:53,064 - INFO - Encoder coeffs loss: 0.308449923992157
2026-04-09 17:03:53,065 - INFO - Decoder coeffs loss: 0.3850158452987671
2026-04-09 17:03:53,065 - INFO - Prev coeffs loss: 0.19153547286987305
2026-04-09 17:03:53,065 - INFO - Encoder smooth loss: 0.2272750586271286
2026-04-09 17:03:53,065 - INFO - Decoder smooth loss: 0.2667895257472992
2026-04-09 17:03:53,066 - INFO - Prev smooth loss: 0.14558343589305878
2026-04-09 17:03:53,066 - INFO - KL loss: 14.337556838989258
2026-04-09 17:03:53,066 - INFO - Total loss: 18.23639488220215
2026-04-09 17:03:53,082 - INFO - Reconstruction loss: 8.99718189239502
2026-04-09 17:03:53,082 - INFO - Encoder coeffs loss: 0.3041670024394989
2026-04-09 17:03:53,082 - INFO - Decoder coeffs loss: 0.3787029981613159
2026-04-09 17:03:53,083 - INFO - Prev coeffs loss: 0.19112637639045715
2026-04-09 17:03:53,083 - INFO - Encoder smooth loss: 0.2242528349161148
2026-04-09 17:03:53,083 - INFO - Decoder smooth loss: 0.26196470856666565
2026-04-09 17:03:53,083 - INFO - Prev smooth loss: 0.14523597061634064
2026-04-09 17:03:53,084 - INFO - KL loss: 11.942310333251953
2026-04-09 17:03:53,084 - INFO - Total loss: 15.721061706542969
2026-04-09 17:03:53,084 - INFO - Epoch val loss: 33.95745658874512
2026-04-09 17:03:53,084 - INFO - -------------------
2026-04-09 17:03:53,084 - INFO - Saving model at epoch 41
2026-04-09 17:03:53,084 - INFO - Saving model name: AERCA_nonlinear_ws_5_stride_1_lr_0.0001_epochs_5000_hidden_layer_size_50_num_hidden_layers_8.pt
2026-04-09 17:03:53,157 - INFO - Reconstruction loss: 9.358936309814453
2026-04-09 17:03:53,157 - INFO - Encoder coeffs loss: 0.3066895008087158
2026-04-09 17:03:53,157 - INFO - Decoder coeffs loss: 0.3814958333969116
2026-04-09 17:03:53,158 - INFO - Prev coeffs loss: 0.19098490476608276
2026-04-09 17:03:53,158 - INFO - Encoder smooth loss: 0.22601541876792908
2026-04-09 17:03:53,158 - INFO - Decoder smooth loss: 0.2640344798564911
2026-04-09 17:03:53,158 - INFO - Prev smooth loss: 0.1449667513370514
2026-04-09 17:03:53,159 - INFO - KL loss: 12.798025131225586
2026-04-09 17:03:53,159 - INFO - Total loss: 16.51504135131836
2026-04-09 17:03:53,203 - INFO - Reconstruction loss: 8.96992301940918
2026-04-09 17:03:53,204 - INFO - Encoder coeffs loss: 0.3040641248226166
2026-04-09 17:03:53,204 - INFO - Decoder coeffs loss: 0.37792330980300903
2026-04-09 17:03:53,204 - INFO - Prev coeffs loss: 0.19057299196720123
2026-04-09 17:03:53,205 - INFO - Encoder smooth loss: 0.22373266518115997
2026-04-09 17:03:53,205 - INFO - Decoder smooth loss: 0.26101699471473694
2026-04-09 17:03:53,205 - INFO - Prev smooth loss: 0.1444614976644516
2026-04-09 17:03:53,205 - INFO - KL loss: 12.292994499206543
2026-04-09 17:03:53,206 - INFO - Total loss: 15.867305755615234
2026-04-09 17:03:53,250 - INFO - Reconstruction loss: 9.058455467224121
2026-04-09 17:03:53,250 - INFO - Encoder coeffs loss: 0.3080226182937622
2026-04-09 17:03:53,250 - INFO - Decoder coeffs loss: 0.3787901997566223
2026-04-09 17:03:53,251 - INFO - Prev coeffs loss: 0.19171324372291565
2026-04-09 17:03:53,251 - INFO - Encoder smooth loss: 0.22668489813804626
2026-04-09 17:03:53,251 - INFO - Decoder smooth loss: 0.2618488371372223
2026-04-09 17:03:53,251 - INFO - Prev smooth loss: 0.1449251025915146
2026-04-09 17:03:53,252 - INFO - KL loss: 12.3613920211792
2026-04-09 17:03:53,252 - INFO - Total loss: 15.99514389038086
2026-04-09 17:03:53,295 - INFO - Reconstruction loss: 8.554288864135742
2026-04-09 17:03:53,295 - INFO - Encoder coeffs loss: 0.3025311529636383
2026-04-09 17:03:53,296 - INFO - Decoder coeffs loss: 0.3727816939353943
2026-04-09 17:03:53,296 - INFO - Prev coeffs loss: 0.1901487559080124
2026-04-09 17:03:53,296 - INFO - Encoder smooth loss: 0.22226634621620178
2026-04-09 17:03:53,296 - INFO - Decoder smooth loss: 0.2578815519809723
2026-04-09 17:03:53,297 - INFO - Prev smooth loss: 0.14409364759922028
2026-04-09 17:03:53,297 - INFO - KL loss: 11.244890213012695
2026-04-09 17:03:53,297 - INFO - Total loss: 14.921586036682129
2026-04-09 17:03:53,338 - INFO - Reconstruction loss: 9.614846229553223
2026-04-09 17:03:53,338 - INFO - Encoder coeffs loss: 0.3089444935321808
2026-04-09 17:03:53,338 - INFO - Decoder coeffs loss: 0.381939560174942
2026-04-09 17:03:53,339 - INFO - Prev coeffs loss: 0.19114945828914642
2026-04-09 17:03:53,339 - INFO - Encoder smooth loss: 0.2270602583885193
2026-04-09 17:03:53,339 - INFO - Decoder smooth loss: 0.26337140798568726
2026-04-09 17:03:53,339 - INFO - Prev smooth loss: 0.1447911411523819
2026-04-09 17:03:53,339 - INFO - KL loss: 12.79204273223877
2026-04-09 17:03:53,340 - INFO - Total loss: 16.76949691772461
2026-04-09 17:03:53,380 - INFO - Reconstruction loss: 8.989639282226562
2026-04-09 17:03:53,380 - INFO - Encoder coeffs loss: 0.3066349923610687
2026-04-09 17:03:53,380 - INFO - Decoder coeffs loss: 0.37868624925613403
2026-04-09 17:03:53,380 - INFO - Prev coeffs loss: 0.19037789106369019
2026-04-09 17:03:53,381 - INFO - Encoder smooth loss: 0.2252756953239441
2026-04-09 17:03:53,381 - INFO - Decoder smooth loss: 0.260435551404953
2026-04-09 17:03:53,381 - INFO - Prev smooth loss: 0.14387354254722595
2026-04-09 17:03:53,381 - INFO - KL loss: 12.468173027038574
2026-04-09 17:03:53,381 - INFO - Total loss: 15.97636604309082
2026-04-09 17:03:53,423 - INFO - Reconstruction loss: 9.314472198486328
2026-04-09 17:03:53,424 - INFO - Encoder coeffs loss: 0.30760884284973145
2026-04-09 17:03:53,424 - INFO - Decoder coeffs loss: 0.3806344270706177
2026-04-09 17:03:53,424 - INFO - Prev coeffs loss: 0.19066640734672546
2026-04-09 17:03:53,424 - INFO - Encoder smooth loss: 0.22623544931411743
2026-04-09 17:03:53,425 - INFO - Decoder smooth loss: 0.2614629864692688
2026-04-09 17:03:53,425 - INFO - Prev smooth loss: 0.1444973647594452
2026-04-09 17:03:53,425 - INFO - KL loss: 13.107224464416504
2026-04-09 17:03:53,425 - INFO - Total loss: 16.623638153076172
2026-04-09 17:03:53,467 - INFO - Reconstruction loss: 8.32396125793457
2026-04-09 17:03:53,467 - INFO - Encoder coeffs loss: 0.3007442355155945
2026-04-09 17:03:53,467 - INFO - Decoder coeffs loss: 0.3727130889892578
2026-04-09 17:03:53,468 - INFO - Prev coeffs loss: 0.1893874704837799
2026-04-09 17:03:53,468 - INFO - Encoder smooth loss: 0.22100819647312164
2026-04-09 17:03:53,468 - INFO - Decoder smooth loss: 0.25575271248817444
2026-04-09 17:03:53,468 - INFO - Prev smooth loss: 0.1433131843805313
2026-04-09 17:03:53,469 - INFO - KL loss: 11.098983764648438
2026-04-09 17:03:53,469 - INFO - Total loss: 14.614912986755371
2026-04-09 17:03:53,494 - INFO - Epoch 42/5000
2026-04-09 17:03:53,494 - INFO - Epoch training loss: 127.28349113464355
2026-04-09 17:03:53,494 - INFO - -------------------
2026-04-09 17:03:53,510 - INFO - Reconstruction loss: 10.238536834716797
2026-04-09 17:03:53,510 - INFO - Encoder coeffs loss: 0.3084366023540497
2026-04-09 17:03:53,510 - INFO - Decoder coeffs loss: 0.3835320770740509
2026-04-09 17:03:53,511 - INFO - Prev coeffs loss: 0.19031918048858643
2026-04-09 17:03:53,511 - INFO - Encoder smooth loss: 0.22668227553367615
2026-04-09 17:03:53,511 - INFO - Decoder smooth loss: 0.2630571126937866
2026-04-09 17:03:53,511 - INFO - Prev smooth loss: 0.14433987438678741
2026-04-09 17:03:53,511 - INFO - KL loss: 14.201604843139648
2026-04-09 17:03:53,512 - INFO - Total loss: 18.097522735595703
2026-04-09 17:03:53,525 - INFO - Reconstruction loss: 8.937918663024902
2026-04-09 17:03:53,526 - INFO - Encoder coeffs loss: 0.30419182777404785
2026-04-09 17:03:53,526 - INFO - Decoder coeffs loss: 0.3772524893283844
2026-04-09 17:03:53,526 - INFO - Prev coeffs loss: 0.1899471879005432
2026-04-09 17:03:53,527 - INFO - Encoder smooth loss: 0.22365635633468628
2026-04-09 17:03:53,527 - INFO - Decoder smooth loss: 0.25828373432159424
2026-04-09 17:03:53,527 - INFO - Prev smooth loss: 0.14400137960910797
2026-04-09 17:03:53,527 - INFO - KL loss: 11.811266899108887
2026-04-09 17:03:53,527 - INFO - Total loss: 15.592218399047852
2026-04-09 17:03:53,527 - INFO - Epoch val loss: 33.689741134643555
2026-04-09 17:03:53,527 - INFO - -------------------
2026-04-09 17:03:53,528 - INFO - Saving model at epoch 42
2026-04-09 17:03:53,528 - INFO - Saving model name: AERCA_nonlinear_ws_5_stride_1_lr_0.0001_epochs_5000_hidden_layer_size_50_num_hidden_layers_8.pt
2026-04-09 17:03:53,601 - INFO - Reconstruction loss: 9.297220230102539
2026-04-09 17:03:53,601 - INFO - Encoder coeffs loss: 0.3066680431365967
2026-04-09 17:03:53,601 - INFO - Decoder coeffs loss: 0.37999963760375977
2026-04-09 17:03:53,602 - INFO - Prev coeffs loss: 0.18975166976451874
2026-04-09 17:03:53,602 - INFO - Encoder smooth loss: 0.22540374100208282
2026-04-09 17:03:53,602 - INFO - Decoder smooth loss: 0.26027366518974304
2026-04-09 17:03:53,602 - INFO - Prev smooth loss: 0.1436804234981537
2026-04-09 17:03:53,602 - INFO - KL loss: 12.658637046813965
2026-04-09 17:03:53,603 - INFO - Total loss: 16.379426956176758
2026-04-09 17:03:53,648 - INFO - Reconstruction loss: 8.916295051574707
2026-04-09 17:03:53,649 - INFO - Encoder coeffs loss: 0.30405038595199585
2026-04-09 17:03:53,649 - INFO - Decoder coeffs loss: 0.3764078915119171
2026-04-09 17:03:53,649 - INFO - Prev coeffs loss: 0.18934980034828186
2026-04-09 17:03:53,650 - INFO - Encoder smooth loss: 0.22310279309749603
2026-04-09 17:03:53,650 - INFO - Decoder smooth loss: 0.2572591304779053
2026-04-09 17:03:53,650 - INFO - Prev smooth loss: 0.1431606262922287
2026-04-09 17:03:53,650 - INFO - KL loss: 12.154705047607422
2026-04-09 17:03:53,650 - INFO - Total loss: 15.740312576293945
2026-04-09 17:03:53,695 - INFO - Reconstruction loss: 8.98892593383789
2026-04-09 17:03:53,696 - INFO - Encoder coeffs loss: 0.30789053440093994
2026-04-09 17:03:53,696 - INFO - Decoder coeffs loss: 0.3772633373737335
2026-04-09 17:03:53,696 - INFO - Prev coeffs loss: 0.1904599517583847
2026-04-09 17:03:53,696 - INFO - Encoder smooth loss: 0.22598381340503693
2026-04-09 17:03:53,697 - INFO - Decoder smooth loss: 0.2581058144569397
2026-04-09 17:03:53,697 - INFO - Prev smooth loss: 0.14363156259059906
2026-04-09 17:03:53,697 - INFO - KL loss: 12.224845886230469
2026-04-09 17:03:53,697 - INFO - Total loss: 15.85301685333252
2026-04-09 17:03:53,739 - INFO - Reconstruction loss: 8.50686264038086
2026-04-09 17:03:53,740 - INFO - Encoder coeffs loss: 0.3025047481060028
2026-04-09 17:03:53,740 - INFO - Decoder coeffs loss: 0.3713189959526062
2026-04-09 17:03:53,740 - INFO - Prev coeffs loss: 0.1888647973537445
2026-04-09 17:03:53,740 - INFO - Encoder smooth loss: 0.2216242402791977
2026-04-09 17:03:53,741 - INFO - Decoder smooth loss: 0.2542341351509094
2026-04-09 17:03:53,741 - INFO - Prev smooth loss: 0.14272184669971466
2026-04-09 17:03:53,741 - INFO - KL loss: 11.122091293334961
2026-04-09 17:03:53,741 - INFO - Total loss: 14.80854320526123
2026-04-09 17:03:53,784 - INFO - Reconstruction loss: 9.542320251464844
2026-04-09 17:03:53,784 - INFO - Encoder coeffs loss: 0.308893620967865
2026-04-09 17:03:53,785 - INFO - Decoder coeffs loss: 0.3803245425224304
2026-04-09 17:03:53,785 - INFO - Prev coeffs loss: 0.18997153639793396
2026-04-09 17:03:53,785 - INFO - Encoder smooth loss: 0.22641797363758087
2026-04-09 17:03:53,785 - INFO - Decoder smooth loss: 0.2595280110836029
2026-04-09 17:03:53,785 - INFO - Prev smooth loss: 0.14358292520046234
2026-04-09 17:03:53,786 - INFO - KL loss: 12.637676239013672
2026-04-09 17:03:53,786 - INFO - Total loss: 16.615516662597656
2026-04-09 17:03:53,827 - INFO - Reconstruction loss: 8.930815696716309
2026-04-09 17:03:53,827 - INFO - Encoder coeffs loss: 0.30648165941238403
2026-04-09 17:03:53,827 - INFO - Decoder coeffs loss: 0.37709787487983704
2026-04-09 17:03:53,828 - INFO - Prev coeffs loss: 0.18907082080841064
2026-04-09 17:03:53,828 - INFO - Encoder smooth loss: 0.22454141080379486
2026-04-09 17:03:53,828 - INFO - Decoder smooth loss: 0.2566193640232086
2026-04-09 17:03:53,828 - INFO - Prev smooth loss: 0.14253109693527222
2026-04-09 17:03:53,829 - INFO - KL loss: 12.346761703491211
2026-04-09 17:03:53,829 - INFO - Total loss: 15.852367401123047
2026-04-09 17:03:53,870 - INFO - Reconstruction loss: 9.245485305786133
2026-04-09 17:03:53,870 - INFO - Encoder coeffs loss: 0.30751094222068787
2026-04-09 17:03:53,870 - INFO - Decoder coeffs loss: 0.3790682256221771
2026-04-09 17:03:53,871 - INFO - Prev coeffs loss: 0.18946576118469238
2026-04-09 17:03:53,871 - INFO - Encoder smooth loss: 0.2255411297082901
2026-04-09 17:03:53,871 - INFO - Decoder smooth loss: 0.2576158046722412
2026-04-09 17:03:53,871 - INFO - Prev smooth loss: 0.1432679146528244
2026-04-09 17:03:53,871 - INFO - KL loss: 12.960845947265625
2026-04-09 17:03:53,871 - INFO - Total loss: 16.477144241333008
2026-04-09 17:03:53,912 - INFO - Reconstruction loss: 8.26298999786377
2026-04-09 17:03:53,912 - INFO - Encoder coeffs loss: 0.30068451166152954
2026-04-09 17:03:53,912 - INFO - Decoder coeffs loss: 0.37122082710266113
2026-04-09 17:03:53,912 - INFO - Prev coeffs loss: 0.18819762766361237
2026-04-09 17:03:53,913 - INFO - Encoder smooth loss: 0.22031286358833313
2026-04-09 17:03:53,913 - INFO - Decoder smooth loss: 0.25203418731689453
2026-04-09 17:03:53,913 - INFO - Prev smooth loss: 0.14204348623752594
2026-04-09 17:03:53,913 - INFO - KL loss: 10.965145111083984
2026-04-09 17:03:53,913 - INFO - Total loss: 14.482808113098145
2026-04-09 17:03:53,938 - INFO - Epoch 43/5000
2026-04-09 17:03:53,938 - INFO - Epoch training loss: 126.20913600921631
2026-04-09 17:03:53,939 - INFO - -------------------
2026-04-09 17:03:53,952 - INFO - Reconstruction loss: 10.174039840698242
2026-04-09 17:03:53,953 - INFO - Encoder coeffs loss: 0.3083833158016205
2026-04-09 17:03:53,953 - INFO - Decoder coeffs loss: 0.3819476068019867
2026-04-09 17:03:53,953 - INFO - Prev coeffs loss: 0.18917685747146606
2026-04-09 17:03:53,954 - INFO - Encoder smooth loss: 0.22602373361587524
2026-04-09 17:03:53,954 - INFO - Decoder smooth loss: 0.25918224453926086
2026-04-09 17:03:53,954 - INFO - Prev smooth loss: 0.14316511154174805
2026-04-09 17:03:53,954 - INFO - KL loss: 14.074851989746094
2026-04-09 17:03:53,954 - INFO - Total loss: 17.96540641784668
2026-04-09 17:03:53,969 - INFO - Reconstruction loss: 8.881625175476074
2026-04-09 17:03:53,969 - INFO - Encoder coeffs loss: 0.3041743338108063
2026-04-09 17:03:53,969 - INFO - Decoder coeffs loss: 0.37570714950561523
2026-04-09 17:03:53,970 - INFO - Prev coeffs loss: 0.18884031474590302
2026-04-09 17:03:53,970 - INFO - Encoder smooth loss: 0.22299572825431824
2026-04-09 17:03:53,970 - INFO - Decoder smooth loss: 0.2544732987880707
2026-04-09 17:03:53,970 - INFO - Prev smooth loss: 0.14283765852451324
2026-04-09 17:03:53,970 - INFO - KL loss: 11.688444137573242
2026-04-09 17:03:53,971 - INFO - Total loss: 15.47036075592041
2026-04-09 17:03:53,971 - INFO - Epoch val loss: 33.43576717376709
2026-04-09 17:03:53,971 - INFO - -------------------
2026-04-09 17:03:53,971 - INFO - Saving model at epoch 43
2026-04-09 17:03:53,971 - INFO - Saving model name: AERCA_nonlinear_ws_5_stride_1_lr_0.0001_epochs_5000_hidden_layer_size_50_num_hidden_layers_8.pt
2026-04-09 17:03:54,057 - INFO - Reconstruction loss: 9.238433837890625
2026-04-09 17:03:54,057 - INFO - Encoder coeffs loss: 0.30659419298171997
2026-04-09 17:03:54,058 - INFO - Decoder coeffs loss: 0.3784060776233673
2026-04-09 17:03:54,058 - INFO - Prev coeffs loss: 0.1885913908481598
2026-04-09 17:03:54,058 - INFO - Encoder smooth loss: 0.22472713887691498
2026-04-09 17:03:54,058 - INFO - Decoder smooth loss: 0.2563800513744354
2026-04-09 17:03:54,059 - INFO - Prev smooth loss: 0.14246279001235962
2026-04-09 17:03:54,059 - INFO - KL loss: 12.528449058532715
2026-04-09 17:03:54,059 - INFO - Total loss: 16.251239776611328
2026-04-09 17:03:54,107 - INFO - Reconstruction loss: 8.86416244506836
2026-04-09 17:03:54,107 - INFO - Encoder coeffs loss: 0.30399757623672485
2026-04-09 17:03:54,107 - INFO - Decoder coeffs loss: 0.37482309341430664
2026-04-09 17:03:54,108 - INFO - Prev coeffs loss: 0.18819910287857056
2026-04-09 17:03:54,108 - INFO - Encoder smooth loss: 0.22241684794425964
2026-04-09 17:03:54,108 - INFO - Decoder smooth loss: 0.253385454416275
2026-04-09 17:03:54,108 - INFO - Prev smooth loss: 0.14193478226661682
2026-04-09 17:03:54,108 - INFO - KL loss: 12.025148391723633
2026-04-09 17:03:54,109 - INFO - Total loss: 15.619114875793457
2026-04-09 17:03:54,158 - INFO - Reconstruction loss: 8.921682357788086
2026-04-09 17:03:54,159 - INFO - Encoder coeffs loss: 0.3077237606048584
2026-04-09 17:03:54,159 - INFO - Decoder coeffs loss: 0.3757096529006958
2026-04-09 17:03:54,159 - INFO - Prev coeffs loss: 0.18927893042564392
2026-04-09 17:03:54,159 - INFO - Encoder smooth loss: 0.225232794880867
2026-04-09 17:03:54,160 - INFO - Decoder smooth loss: 0.2542678117752075
2026-04-09 17:03:54,160 - INFO - Prev smooth loss: 0.14239747822284698
2026-04-09 17:03:54,160 - INFO - KL loss: 12.095320701599121
2026-04-09 17:03:54,161 - INFO - Total loss: 15.71664810180664
2026-04-09 17:03:54,223 - INFO - Reconstruction loss: 8.46070384979248
2026-04-09 17:03:54,224 - INFO - Encoder coeffs loss: 0.3024313449859619
2026-04-09 17:03:54,224 - INFO - Decoder coeffs loss: 0.36987364292144775
2026-04-09 17:03:54,224 - INFO - Prev coeffs loss: 0.18766608834266663
2026-04-09 17:03:54,224 - INFO - Encoder smooth loss: 0.2209250032901764
2026-04-09 17:03:54,225 - INFO - Decoder smooth loss: 0.25050875544548035
2026-04-09 17:03:54,225 - INFO - Prev smooth loss: 0.1414254903793335
2026-04-09 17:03:54,225 - INFO - KL loss: 11.009969711303711
2026-04-09 17:03:54,225 - INFO - Total loss: 14.702102661132812
2026-04-09 17:03:54,277 - INFO - Reconstruction loss: 9.471814155578613
2026-04-09 17:03:54,278 - INFO - Encoder coeffs loss: 0.3087799847126007
2026-04-09 17:03:54,278 - INFO - Decoder coeffs loss: 0.3787144422531128
2026-04-09 17:03:54,278 - INFO - Prev coeffs loss: 0.18884548544883728
2026-04-09 17:03:54,278 - INFO - Encoder smooth loss: 0.2257026582956314
2026-04-09 17:03:54,279 - INFO - Decoder smooth loss: 0.25560322403907776
2026-04-09 17:03:54,279 - INFO - Prev smooth loss: 0.1424156129360199
2026-04-09 17:03:54,279 - INFO - KL loss: 12.49264144897461
2026-04-09 17:03:54,279 - INFO - Total loss: 16.46816635131836
2026-04-09 17:03:54,335 - INFO - Reconstruction loss: 8.874406814575195
2026-04-09 17:03:54,335 - INFO - Encoder coeffs loss: 0.30626600980758667
2026-04-09 17:03:54,335 - INFO - Decoder coeffs loss: 0.3755272626876831
2026-04-09 17:03:54,336 - INFO - Prev coeffs loss: 0.1878228634595871
2026-04-09 17:03:54,336 - INFO - Encoder smooth loss: 0.22373554110527039
2026-04-09 17:03:54,336 - INFO - Decoder smooth loss: 0.2527349889278412
2026-04-09 17:03:54,337 - INFO - Prev smooth loss: 0.1412302404642105
2026-04-09 17:03:54,337 - INFO - KL loss: 12.23177719116211
2026-04-09 17:03:54,337 - INFO - Total loss: 15.733954429626465
2026-04-09 17:03:54,389 - INFO - Reconstruction loss: 9.180806159973145
2026-04-09 17:03:54,389 - INFO - Encoder coeffs loss: 0.30731701850891113
2026-04-09 17:03:54,389 - INFO - Decoder coeffs loss: 0.3775463104248047
2026-04-09 17:03:54,390 - INFO - Prev coeffs loss: 0.18831616640090942
2026-04-09 17:03:54,390 - INFO - Encoder smooth loss: 0.22475063800811768
2026-04-09 17:03:54,390 - INFO - Decoder smooth loss: 0.2537134885787964
2026-04-09 17:03:54,390 - INFO - Prev smooth loss: 0.14207614958286285
2026-04-09 17:03:54,391 - INFO - KL loss: 12.825017929077148
2026-04-09 17:03:54,391 - INFO - Total loss: 16.34017562866211
2026-04-09 17:03:54,435 - INFO - Reconstruction loss: 8.203807830810547
2026-04-09 17:03:54,436 - INFO - Encoder coeffs loss: 0.3005208671092987
2026-04-09 17:03:54,436 - INFO - Decoder coeffs loss: 0.36978113651275635
2026-04-09 17:03:54,436 - INFO - Prev coeffs loss: 0.1870591938495636
2026-04-09 17:03:54,436 - INFO - Encoder smooth loss: 0.2195216566324234
2026-04-09 17:03:54,437 - INFO - Decoder smooth loss: 0.2482774555683136
2026-04-09 17:03:54,437 - INFO - Prev smooth loss: 0.14081700146198273
2026-04-09 17:03:54,437 - INFO - KL loss: 10.837830543518066
2026-04-09 17:03:54,437 - INFO - Total loss: 14.355712890625
2026-04-09 17:03:54,465 - INFO - Epoch 44/5000
2026-04-09 17:03:54,465 - INFO - Epoch training loss: 125.18711471557617
2026-04-09 17:03:54,465 - INFO - -------------------
2026-04-09 17:03:54,488 - INFO - Reconstruction loss: 10.110896110534668
2026-04-09 17:03:54,488 - INFO - Encoder coeffs loss: 0.30820679664611816
2026-04-09 17:03:54,488 - INFO - Decoder coeffs loss: 0.38043493032455444
2026-04-09 17:03:54,488 - INFO - Prev coeffs loss: 0.18808358907699585
2026-04-09 17:03:54,488 - INFO - Encoder smooth loss: 0.2252478152513504
2026-04-09 17:03:54,488 - INFO - Decoder smooth loss: 0.2552625238895416
2026-04-09 17:03:54,490 - INFO - Prev smooth loss: 0.1420249044895172
2026-04-09 17:03:54,490 - INFO - KL loss: 13.956130027770996
2026-04-09 17:03:54,490 - INFO - Total loss: 17.838590621948242
2026-04-09 17:03:54,505 - INFO - Reconstruction loss: 8.826751708984375
2026-04-09 17:03:54,506 - INFO - Encoder coeffs loss: 0.3040313124656677
2026-04-09 17:03:54,506 - INFO - Decoder coeffs loss: 0.37423861026763916
2026-04-09 17:03:54,506 - INFO - Prev coeffs loss: 0.1877756118774414
2026-04-09 17:03:54,506 - INFO - Encoder smooth loss: 0.2222224622964859
2026-04-09 17:03:54,506 - INFO - Decoder smooth loss: 0.2506338953971863
2026-04-09 17:03:54,507 - INFO - Prev smooth loss: 0.14170533418655396
2026-04-09 17:03:54,507 - INFO - KL loss: 11.573643684387207
2026-04-09 17:03:54,507 - INFO - Total loss: 15.353878021240234
2026-04-09 17:03:54,507 - INFO - Epoch val loss: 33.19246864318848
2026-04-09 17:03:54,507 - INFO - -------------------
2026-04-09 17:03:54,507 - INFO - Saving model at epoch 44
2026-04-09 17:03:54,507 - INFO - Saving model name: AERCA_nonlinear_ws_5_stride_1_lr_0.0001_epochs_5000_hidden_layer_size_50_num_hidden_layers_8.pt
2026-04-09 17:03:54,590 - INFO - Reconstruction loss: 9.182379722595215
2026-04-09 17:03:54,590 - INFO - Encoder coeffs loss: 0.3063899576663971
2026-04-09 17:03:54,591 - INFO - Decoder coeffs loss: 0.37687361240386963
2026-04-09 17:03:54,591 - INFO - Prev coeffs loss: 0.18747609853744507
2026-04-09 17:03:54,591 - INFO - Encoder smooth loss: 0.2239358127117157
2026-04-09 17:03:54,591 - INFO - Decoder smooth loss: 0.2524537146091461
2026-04-09 17:03:54,592 - INFO - Prev smooth loss: 0.14128196239471436
2026-04-09 17:03:54,592 - INFO - KL loss: 12.406641960144043
2026-04-09 17:03:54,592 - INFO - Total loss: 16.129907608032227
2026-04-09 17:03:54,645 - INFO - Reconstruction loss: 8.8143949508667
2026-04-09 17:03:54,645 - INFO - Encoder coeffs loss: 0.3038109540939331
2026-04-09 17:03:54,645 - INFO - Decoder coeffs loss: 0.3733120560646057
2026-04-09 17:03:54,646 - INFO - Prev coeffs loss: 0.1870962232351303
2026-04-09 17:03:54,646 - INFO - Encoder smooth loss: 0.22161740064620972
2026-04-09 17:03:54,646 - INFO - Decoder smooth loss: 0.2494906336069107
2026-04-09 17:03:54,647 - INFO - Prev smooth loss: 0.14074590802192688
2026-04-09 17:03:54,647 - INFO - KL loss: 11.903139114379883
2026-04-09 17:03:54,647 - INFO - Total loss: 15.503999710083008
2026-04-09 17:03:54,691 - INFO - Reconstruction loss: 8.856746673583984
2026-04-09 17:03:54,691 - INFO - Encoder coeffs loss: 0.3074420690536499
2026-04-09 17:03:54,691 - INFO - Decoder coeffs loss: 0.37422600388526917
2026-04-09 17:03:54,692 - INFO - Prev coeffs loss: 0.18814775347709656
2026-04-09 17:03:54,692 - INFO - Encoder smooth loss: 0.22437503933906555
2026-04-09 17:03:54,692 - INFO - Decoder smooth loss: 0.2504010796546936
2026-04-09 17:03:54,692 - INFO - Prev smooth loss: 0.14120188355445862
2026-04-09 17:03:54,692 - INFO - KL loss: 11.972450256347656
2026-04-09 17:03:54,693 - INFO - Total loss: 15.585868835449219
2026-04-09 17:03:54,735 - INFO - Reconstruction loss: 8.415250778198242
2026-04-09 17:03:54,735 - INFO - Encoder coeffs loss: 0.3022547662258148
2026-04-09 17:03:54,736 - INFO - Decoder coeffs loss: 0.36851418018341064
2026-04-09 17:03:54,736 - INFO - Prev coeffs loss: 0.18653032183647156
2026-04-09 17:03:54,736 - INFO - Encoder smooth loss: 0.2201298177242279
2026-04-09 17:03:54,736 - INFO - Decoder smooth loss: 0.2467658817768097
2026-04-09 17:03:54,737 - INFO - Prev smooth loss: 0.1401737779378891
2026-04-09 17:03:54,737 - INFO - KL loss: 10.905841827392578
2026-04-09 17:03:54,737 - INFO - Total loss: 14.600356101989746
2026-04-09 17:03:54,778 - INFO - Reconstruction loss: 9.403374671936035
2026-04-09 17:03:54,778 - INFO - Encoder coeffs loss: 0.30856090784072876
2026-04-09 17:03:54,778 - INFO - Decoder coeffs loss: 0.37719666957855225
2026-04-09 17:03:54,779 - INFO - Prev coeffs loss: 0.18778611719608307
2026-04-09 17:03:54,779 - INFO - Encoder smooth loss: 0.22488419711589813
2026-04-09 17:03:54,779 - INFO - Decoder smooth loss: 0.25166940689086914
2026-04-09 17:03:54,779 - INFO - Prev smooth loss: 0.1412884145975113
2026-04-09 17:03:54,779 - INFO - KL loss: 12.357721328735352
2026-04-09 17:03:54,780 - INFO - Total loss: 16.32792854309082
2026-04-09 17:03:54,822 - INFO - Reconstruction loss: 8.82160472869873
2026-04-09 17:03:54,822 - INFO - Encoder coeffs loss: 0.3059702217578888
2026-04-09 17:03:54,822 - INFO - Decoder coeffs loss: 0.37404245138168335
2026-04-09 17:03:54,822 - INFO - Prev coeffs loss: 0.18665024638175964
2026-04-09 17:03:54,823 - INFO - Encoder smooth loss: 0.22285400331020355
2026-04-09 17:03:54,823 - INFO - Decoder smooth loss: 0.24884404242038727
2026-04-09 17:03:54,823 - INFO - Prev smooth loss: 0.13998089730739594
2026-04-09 17:03:54,823 - INFO - KL loss: 12.124439239501953
2026-04-09 17:03:54,824 - INFO - Total loss: 15.622995376586914
2026-04-09 17:03:54,863 - INFO - Reconstruction loss: 9.119513511657715
2026-04-09 17:03:54,864 - INFO - Encoder coeffs loss: 0.30704811215400696
2026-04-09 17:03:54,864 - INFO - Decoder coeffs loss: 0.37612655758857727
2026-04-09 17:03:54,864 - INFO - Prev coeffs loss: 0.1872311234474182
2026-04-09 17:03:54,864 - INFO - Encoder smooth loss: 0.22388410568237305
2026-04-09 17:03:54,865 - INFO - Decoder smooth loss: 0.2498188614845276
2026-04-09 17:03:54,865 - INFO - Prev smooth loss: 0.1409263014793396
2026-04-09 17:03:54,865 - INFO - KL loss: 12.699631690979004
2026-04-09 17:03:54,865 - INFO - Total loss: 16.21184730529785
2026-04-09 17:03:54,909 - INFO - Reconstruction loss: 8.146204948425293
2026-04-09 17:03:54,910 - INFO - Encoder coeffs loss: 0.30030572414398193
2026-04-09 17:03:54,910 - INFO - Decoder coeffs loss: 0.3684312701225281
2026-04-09 17:03:54,910 - INFO - Prev coeffs loss: 0.18599656224250793
2026-04-09 17:03:54,911 - INFO - Encoder smooth loss: 0.2186744213104248
2026-04-09 17:03:54,911 - INFO - Decoder smooth loss: 0.2445341944694519
2026-04-09 17:03:54,911 - INFO - Prev smooth loss: 0.1396385133266449
2026-04-09 17:03:54,911 - INFO - KL loss: 10.718377113342285
2026-04-09 17:03:54,911 - INFO - Total loss: 14.234184265136719
2026-04-09 17:03:54,936 - INFO - Epoch 45/5000
2026-04-09 17:03:54,936 - INFO - Epoch training loss: 124.2170877456665
2026-04-09 17:03:54,936 - INFO - -------------------
2026-04-09 17:03:54,952 - INFO - Reconstruction loss: 10.0519437789917
2026-04-09 17:03:54,953 - INFO - Encoder coeffs loss: 0.30798545479774475
2026-04-09 17:03:54,953 - INFO - Decoder coeffs loss: 0.3790108859539032
2026-04-09 17:03:54,953 - INFO - Prev coeffs loss: 0.18706059455871582
2026-04-09 17:03:54,954 - INFO - Encoder smooth loss: 0.2244120091199875
2026-04-09 17:03:54,954 - INFO - Decoder smooth loss: 0.2513696849346161
2026-04-09 17:03:54,954 - INFO - Prev smooth loss: 0.1409219354391098
2026-04-09 17:03:54,954 - INFO - KL loss: 13.844023704528809
2026-04-09 17:03:54,955 - INFO - Total loss: 17.719335556030273
2026-04-09 17:03:54,970 - INFO - Reconstruction loss: 8.773355484008789
2026-04-09 17:03:54,971 - INFO - Encoder coeffs loss: 0.30384328961372375
2026-04-09 17:03:54,971 - INFO - Decoder coeffs loss: 0.3728538155555725
2026-04-09 17:03:54,971 - INFO - Prev coeffs loss: 0.18678244948387146
2026-04-09 17:03:54,971 - INFO - Encoder smooth loss: 0.22139449417591095
2026-04-09 17:03:54,971 - INFO - Decoder smooth loss: 0.24680492281913757
2026-04-09 17:03:54,971 - INFO - Prev smooth loss: 0.14060895144939423
2026-04-09 17:03:54,972 - INFO - KL loss: 11.466178894042969
2026-04-09 17:03:54,972 - INFO - Total loss: 15.24258804321289
2026-04-09 17:03:54,972 - INFO - Epoch val loss: 32.961923599243164
2026-04-09 17:03:54,972 - INFO - -------------------
2026-04-09 17:03:54,972 - INFO - Saving model at epoch 45
2026-04-09 17:03:54,972 - INFO - Saving model name: AERCA_nonlinear_ws_5_stride_1_lr_0.0001_epochs_5000_hidden_layer_size_50_num_hidden_layers_8.pt
2026-04-09 17:03:55,045 - INFO - Reconstruction loss: 9.129339218139648
2026-04-09 17:03:55,045 - INFO - Encoder coeffs loss: 0.30614447593688965
2026-04-09 17:03:55,045 - INFO - Decoder coeffs loss: 0.37544840574264526
2026-04-09 17:03:55,045 - INFO - Prev coeffs loss: 0.1864318996667862
2026-04-09 17:03:55,046 - INFO - Encoder smooth loss: 0.22308632731437683
2026-04-09 17:03:55,046 - INFO - Decoder smooth loss: 0.24855376780033112
2026-04-09 17:03:55,046 - INFO - Prev smooth loss: 0.14014391601085663
2026-04-09 17:03:55,046 - INFO - KL loss: 12.291285514831543
2026-04-09 17:03:55,047 - INFO - Total loss: 16.0148868560791
2026-04-09 17:03:55,088 - INFO - Reconstruction loss: 8.767132759094238
2026-04-09 17:03:55,089 - INFO - Encoder coeffs loss: 0.30359819531440735
2026-04-09 17:03:55,089 - INFO - Decoder coeffs loss: 0.3718961477279663
2026-04-09 17:03:55,089 - INFO - Prev coeffs loss: 0.1860663741827011
2026-04-09 17:03:55,090 - INFO - Encoder smooth loss: 0.22077623009681702
2026-04-09 17:03:55,090 - INFO - Decoder smooth loss: 0.24562808871269226
2026-04-09 17:03:55,090 - INFO - Prev smooth loss: 0.13960088789463043
2026-04-09 17:03:55,090 - INFO - KL loss: 11.787723541259766
2026-04-09 17:03:55,091 - INFO - Total loss: 15.394777297973633
2026-04-09 17:03:55,132 - INFO - Reconstruction loss: 8.793877601623535
2026-04-09 17:03:55,132 - INFO - Encoder coeffs loss: 0.3071650564670563
2026-04-09 17:03:55,133 - INFO - Decoder coeffs loss: 0.37285274267196655
2026-04-09 17:03:55,133 - INFO - Prev coeffs loss: 0.1870974600315094
2026-04-09 17:03:55,133 - INFO - Encoder smooth loss: 0.2234903872013092
2026-04-09 17:03:55,133 - INFO - Decoder smooth loss: 0.246578186750412
2026-04-09 17:03:55,134 - INFO - Prev smooth loss: 0.1400538682937622
2026-04-09 17:03:55,134 - INFO - KL loss: 11.858916282653809
2026-04-09 17:03:55,134 - INFO - Total loss: 15.461954116821289
2026-04-09 17:03:55,177 - INFO - Reconstruction loss: 8.372096061706543
2026-04-09 17:03:55,178 - INFO - Encoder coeffs loss: 0.302091121673584
2026-04-09 17:03:55,178 - INFO - Decoder coeffs loss: 0.3672427833080292
2026-04-09 17:03:55,178 - INFO - Prev coeffs loss: 0.18546649813652039
2026-04-09 17:03:55,178 - INFO - Encoder smooth loss: 0.2193099856376648
2026-04-09 17:03:55,179 - INFO - Decoder smooth loss: 0.2430526316165924
2026-04-09 17:03:55,179 - INFO - Prev smooth loss: 0.13897515833377838
2026-04-09 17:03:55,179 - INFO - KL loss: 10.80874252319336
2026-04-09 17:03:55,179 - INFO - Total loss: 14.504537582397461
2026-04-09 17:03:55,224 - INFO - Reconstruction loss: 9.337395668029785
2026-04-09 17:03:55,224 - INFO - Encoder coeffs loss: 0.3083680272102356
2026-04-09 17:03:55,224 - INFO - Decoder coeffs loss: 0.37576353549957275
2026-04-09 17:03:55,225 - INFO - Prev coeffs loss: 0.18677368760108948
2026-04-09 17:03:55,225 - INFO - Encoder smooth loss: 0.22403904795646667
2026-04-09 17:03:55,225 - INFO - Decoder smooth loss: 0.24776558578014374
2026-04-09 17:03:55,225 - INFO - Prev smooth loss: 0.14018629491329193
2026-04-09 17:03:55,225 - INFO - KL loss: 12.228472709655762
2026-04-09 17:03:55,226 - INFO - Total loss: 16.19308090209961
2026-04-09 17:03:55,269 - INFO - Reconstruction loss: 8.770393371582031
2026-04-09 17:03:55,270 - INFO - Encoder coeffs loss: 0.3057246804237366
2026-04-09 17:03:55,270 - INFO - Decoder coeffs loss: 0.3726464509963989
2026-04-09 17:03:55,270 - INFO - Prev coeffs loss: 0.18552079796791077
2026-04-09 17:03:55,270 - INFO - Encoder smooth loss: 0.2219509482383728
2026-04-09 17:03:55,270 - INFO - Decoder smooth loss: 0.24499039351940155
2026-04-09 17:03:55,271 - INFO - Prev smooth loss: 0.1387631595134735
2026-04-09 17:03:55,271 - INFO - KL loss: 12.023750305175781
2026-04-09 17:03:55,271 - INFO - Total loss: 15.51706600189209
2026-04-09 17:03:55,316 - INFO - Reconstruction loss: 9.060005187988281
2026-04-09 17:03:55,316 - INFO - Encoder coeffs loss: 0.3068511188030243
2026-04-09 17:03:55,317 - INFO - Decoder coeffs loss: 0.3747987151145935
2026-04-09 17:03:55,317 - INFO - Prev coeffs loss: 0.1861458122730255
2026-04-09 17:03:55,317 - INFO - Encoder smooth loss: 0.2229994684457779
2026-04-09 17:03:55,317 - INFO - Decoder smooth loss: 0.24595731496810913
2026-04-09 17:03:55,318 - INFO - Prev smooth loss: 0.13977566361427307
2026-04-09 17:03:55,318 - INFO - KL loss: 12.581242561340332
2026-04-09 17:03:55,318 - INFO - Total loss: 16.088890075683594
2026-04-09 17:03:55,360 - INFO - Reconstruction loss: 8.091760635375977
2026-04-09 17:03:55,360 - INFO - Encoder coeffs loss: 0.3001709282398224
2026-04-09 17:03:55,360 - INFO - Decoder coeffs loss: 0.3671655058860779
2026-04-09 17:03:55,361 - INFO - Prev coeffs loss: 0.18492645025253296
2026-04-09 17:03:55,361 - INFO - Encoder smooth loss: 0.2178102433681488
2026-04-09 17:03:55,361 - INFO - Decoder smooth loss: 0.24081677198410034
2026-04-09 17:03:55,361 - INFO - Prev smooth loss: 0.13846033811569214
2026-04-09 17:03:55,361 - INFO - KL loss: 10.606351852416992
2026-04-09 17:03:55,363 - INFO - Total loss: 14.119610786437988
2026-04-09 17:03:55,390 - INFO - Epoch 46/5000
2026-04-09 17:03:55,390 - INFO - Epoch training loss: 123.29480361938477
2026-04-09 17:03:55,390 - INFO - -------------------
2026-04-09 17:03:55,406 - INFO - Reconstruction loss: 9.99608325958252
2026-04-09 17:03:55,406 - INFO - Encoder coeffs loss: 0.3078458905220032
2026-04-09 17:03:55,406 - INFO - Decoder coeffs loss: 0.37768086791038513
2026-04-09 17:03:55,407 - INFO - Prev coeffs loss: 0.18599370121955872
2026-04-09 17:03:55,407 - INFO - Encoder smooth loss: 0.2235582023859024
2026-04-09 17:03:55,407 - INFO - Decoder smooth loss: 0.24752435088157654
2026-04-09 17:03:55,407 - INFO - Prev smooth loss: 0.13978911936283112
2026-04-09 17:03:55,407 - INFO - KL loss: 13.741157531738281
2026-04-09 17:03:55,407 - INFO - Total loss: 17.607858657836914
2026-04-09 17:03:55,422 - INFO - Reconstruction loss: 8.72175121307373
2026-04-09 17:03:55,422 - INFO - Encoder coeffs loss: 0.30374330282211304
2026-04-09 17:03:55,423 - INFO - Decoder coeffs loss: 0.3715490698814392
2026-04-09 17:03:55,423 - INFO - Prev coeffs loss: 0.1857393980026245
2026-04-09 17:03:55,423 - INFO - Encoder smooth loss: 0.220549076795578
2026-04-09 17:03:55,423 - INFO - Decoder smooth loss: 0.24300074577331543
2026-04-09 17:03:55,423 - INFO - Prev smooth loss: 0.1394822895526886
2026-04-09 17:03:55,424 - INFO - KL loss: 11.365015029907227
2026-04-09 17:03:55,424 - INFO - Total loss: 15.136290550231934
2026-04-09 17:03:55,424 - INFO - Epoch val loss: 32.74414920806885
2026-04-09 17:03:55,424 - INFO - -------------------
2026-04-09 17:03:55,424 - INFO - Saving model at epoch 46
2026-04-09 17:03:55,424 - INFO - Saving model name: AERCA_nonlinear_ws_5_stride_1_lr_0.0001_epochs_5000_hidden_layer_size_50_num_hidden_layers_8.pt
2026-04-09 17:03:55,495 - INFO - Reconstruction loss: 9.079117774963379
2026-04-09 17:03:55,495 - INFO - Encoder coeffs loss: 0.305989533662796
2026-04-09 17:03:55,495 - INFO - Decoder coeffs loss: 0.37412184476852417
2026-04-09 17:03:55,495 - INFO - Prev coeffs loss: 0.18534451723098755
2026-04-09 17:03:55,496 - INFO - Encoder smooth loss: 0.22221660614013672
2026-04-09 17:03:55,496 - INFO - Decoder smooth loss: 0.24469174444675446
2026-04-09 17:03:55,496 - INFO - Prev smooth loss: 0.13897936046123505
2026-04-09 17:03:55,496 - INFO - KL loss: 12.18272876739502
2026-04-09 17:03:55,497 - INFO - Total loss: 15.90615463256836
2026-04-09 17:03:55,538 - INFO - Reconstruction loss: 8.720343589782715
2026-04-09 17:03:55,538 - INFO - Encoder coeffs loss: 0.3034730553627014
2026-04-09 17:03:55,539 - INFO - Decoder coeffs loss: 0.3705466389656067
2026-04-09 17:03:55,539 - INFO - Prev coeffs loss: 0.18498694896697998
2026-04-09 17:03:55,539 - INFO - Encoder smooth loss: 0.21991018950939178
2026-04-09 17:03:55,539 - INFO - Decoder smooth loss: 0.24178819358348846
2026-04-09 17:03:55,540 - INFO - Prev smooth loss: 0.13842831552028656
2026-04-09 17:03:55,540 - INFO - KL loss: 11.677906036376953
2026-04-09 17:03:55,540 - INFO - Total loss: 15.288863182067871
2026-04-09 17:03:55,583 - INFO - Reconstruction loss: 8.732769966125488
2026-04-09 17:03:55,583 - INFO - Encoder coeffs loss: 0.30697178840637207
2026-04-09 17:03:55,583 - INFO - Decoder coeffs loss: 0.3715365529060364
2026-04-09 17:03:55,584 - INFO - Prev coeffs loss: 0.1859864890575409
2026-04-09 17:03:55,584 - INFO - Encoder smooth loss: 0.22257208824157715
2026-04-09 17:03:55,584 - INFO - Decoder smooth loss: 0.2427733838558197
2026-04-09 17:03:55,584 - INFO - Prev smooth loss: 0.13887394964694977
2026-04-09 17:03:55,584 - INFO - KL loss: 11.750321388244629
2026-04-09 17:03:55,585 - INFO - Total loss: 15.342288970947266
2026-04-09 17:03:55,627 - INFO - Reconstruction loss: 8.330469131469727
2026-04-09 17:03:55,628 - INFO - Encoder coeffs loss: 0.3019906282424927
2026-04-09 17:03:55,628 - INFO - Decoder coeffs loss: 0.3660193681716919
2026-04-09 17:03:55,628 - INFO - Prev coeffs loss: 0.1843602955341339
2026-04-09 17:03:55,628 - INFO - Encoder smooth loss: 0.21844631433486938
2026-04-09 17:03:55,629 - INFO - Decoder smooth loss: 0.23934899270534515
2026-04-09 17:03:55,629 - INFO - Prev smooth loss: 0.13776905834674835
2026-04-09 17:03:55,629 - INFO - KL loss: 10.716148376464844
2026-04-09 17:03:55,629 - INFO - Total loss: 14.41250991821289
2026-04-09 17:03:55,675 - INFO - Reconstruction loss: 9.272897720336914
2026-04-09 17:03:55,676 - INFO - Encoder coeffs loss: 0.30821457505226135
2026-04-09 17:03:55,676 - INFO - Decoder coeffs loss: 0.3744058907032013
2026-04-09 17:03:55,676 - INFO - Prev coeffs loss: 0.1856924295425415
2026-04-09 17:03:55,677 - INFO - Encoder smooth loss: 0.22313489019870758
2026-04-09 17:03:55,677 - INFO - Decoder smooth loss: 0.24390003085136414
2026-04-09 17:03:55,677 - INFO - Prev smooth loss: 0.13903973996639252
2026-04-09 17:03:55,677 - INFO - KL loss: 12.1072416305542
2026-04-09 17:03:55,677 - INFO - Total loss: 16.06371307373047
2026-04-09 17:03:55,725 - INFO - Reconstruction loss: 8.721405029296875
2026-04-09 17:03:55,726 - INFO - Encoder coeffs loss: 0.3054869771003723
2026-04-09 17:03:55,726 - INFO - Decoder coeffs loss: 0.37131592631340027
2026-04-09 17:03:55,726 - INFO - Prev coeffs loss: 0.18433064222335815
2026-04-09 17:03:55,726 - INFO - Encoder smooth loss: 0.22097381949424744
2026-04-09 17:03:55,727 - INFO - Decoder smooth loss: 0.24116620421409607
2026-04-09 17:03:55,727 - INFO - Prev smooth loss: 0.13751175999641418
2026-04-09 17:03:55,727 - INFO - KL loss: 11.927367210388184
2026-04-09 17:03:55,727 - INFO - Total loss: 15.415481567382812
2026-04-09 17:03:55,769 - INFO - Reconstruction loss: 9.003983497619629
2026-04-09 17:03:55,770 - INFO - Encoder coeffs loss: 0.30662673711776733
2026-04-09 17:03:55,770 - INFO - Decoder coeffs loss: 0.3735526204109192
2026-04-09 17:03:55,770 - INFO - Prev coeffs loss: 0.18501675128936768
2026-04-09 17:03:55,770 - INFO - Encoder smooth loss: 0.22203615307807922
2026-04-09 17:03:55,771 - INFO - Decoder smooth loss: 0.24213828146457672
2026-04-09 17:03:55,771 - INFO - Prev smooth loss: 0.13859055936336517
2026-04-09 17:03:55,771 - INFO - KL loss: 12.467742919921875
2026-04-09 17:03:55,771 - INFO - Total loss: 15.97183609008789
2026-04-09 17:03:55,815 - INFO - Reconstruction loss: 8.04010009765625
2026-04-09 17:03:55,816 - INFO - Encoder coeffs loss: 0.29999321699142456
2026-04-09 17:03:55,816 - INFO - Decoder coeffs loss: 0.36598145961761475
2026-04-09 17:03:55,816 - INFO - Prev coeffs loss: 0.18384665250778198
2026-04-09 17:03:55,817 - INFO - Encoder smooth loss: 0.21686725318431854
2026-04-09 17:03:55,817 - INFO - Decoder smooth loss: 0.23713581264019012
2026-04-09 17:03:55,817 - INFO - Prev smooth loss: 0.13726569712162018
2026-04-09 17:03:55,817 - INFO - KL loss: 10.49974536895752
2026-04-09 17:03:55,817 - INFO - Total loss: 14.010517120361328
2026-04-09 17:03:55,842 - INFO - Epoch 47/5000
2026-04-09 17:03:55,842 - INFO - Epoch training loss: 122.41136455535889
2026-04-09 17:03:55,842 - INFO - -------------------
2026-04-09 17:03:55,859 - INFO - Reconstruction loss: 9.942919731140137
2026-04-09 17:03:55,859 - INFO - Encoder coeffs loss: 0.3076074719429016
2026-04-09 17:03:55,859 - INFO - Decoder coeffs loss: 0.3764561116695404
2026-04-09 17:03:55,859 - INFO - Prev coeffs loss: 0.18492570519447327
2026-04-09 17:03:55,860 - INFO - Encoder smooth loss: 0.22259703278541565
2026-04-09 17:03:55,860 - INFO - Decoder smooth loss: 0.2437496781349182
2026-04-09 17:03:55,860 - INFO - Prev smooth loss: 0.13864056766033173
2026-04-09 17:03:55,860 - INFO - KL loss: 13.643329620361328
2026-04-09 17:03:55,860 - INFO - Total loss: 17.50157356262207
2026-04-09 17:03:55,876 - INFO - Reconstruction loss: 8.673376083374023
2026-04-09 17:03:55,876 - INFO - Encoder coeffs loss: 0.303556352853775
2026-04-09 17:03:55,877 - INFO - Decoder coeffs loss: 0.3703359365463257
2026-04-09 17:03:55,877 - INFO - Prev coeffs loss: 0.18469232320785522
2026-04-09 17:03:55,877 - INFO - Encoder smooth loss: 0.21960397064685822
2026-04-09 17:03:55,877 - INFO - Decoder smooth loss: 0.23924840986728668
2026-04-09 17:03:55,878 - INFO - Prev smooth loss: 0.13834059238433838
2026-04-09 17:03:55,878 - INFO - KL loss: 11.267843246459961
2026-04-09 17:03:55,878 - INFO - Total loss: 15.035186767578125
2026-04-09 17:03:55,879 - INFO - Epoch val loss: 32.536760330200195
2026-04-09 17:03:55,879 - INFO - -------------------
2026-04-09 17:03:55,879 - INFO - Saving model at epoch 47
2026-04-09 17:03:55,879 - INFO - Saving model name: AERCA_nonlinear_ws_5_stride_1_lr_0.0001_epochs_5000_hidden_layer_size_50_num_hidden_layers_8.pt
2026-04-09 17:03:55,950 - INFO - Reconstruction loss: 9.031061172485352
2026-04-09 17:03:55,950 - INFO - Encoder coeffs loss: 0.3057296872138977
2026-04-09 17:03:55,951 - INFO - Decoder coeffs loss: 0.3728945255279541
2026-04-09 17:03:55,951 - INFO - Prev coeffs loss: 0.1842566430568695
2026-04-09 17:03:55,951 - INFO - Encoder smooth loss: 0.2212337851524353
2026-04-09 17:03:55,951 - INFO - Decoder smooth loss: 0.24090194702148438
2026-04-09 17:03:55,952 - INFO - Prev smooth loss: 0.1378016620874405
2026-04-09 17:03:55,952 - INFO - KL loss: 12.079689979553223
2026-04-09 17:03:55,952 - INFO - Total loss: 15.802314758300781
2026-04-09 17:03:55,992 - INFO - Reconstruction loss: 8.674803733825684
2026-04-09 17:03:55,992 - INFO - Encoder coeffs loss: 0.30323120951652527
2026-04-09 17:03:55,993 - INFO - Decoder coeffs loss: 0.36929160356521606
2026-04-09 17:03:55,993 - INFO - Prev coeffs loss: 0.1839250773191452
2026-04-09 17:03:55,993 - INFO - Encoder smooth loss: 0.21892724931240082
2026-04-09 17:03:55,993 - INFO - Decoder smooth loss: 0.23801018297672272
2026-04-09 17:03:55,994 - INFO - Prev smooth loss: 0.1372542828321457
2026-04-09 17:03:55,994 - INFO - KL loss: 11.572164535522461
2026-04-09 17:03:55,994 - INFO - Total loss: 15.186205863952637
2026-04-09 17:03:56,034 - INFO - Reconstruction loss: 8.674023628234863
2026-04-09 17:03:56,035 - INFO - Encoder coeffs loss: 0.30661630630493164
2026-04-09 17:03:56,035 - INFO - Decoder coeffs loss: 0.3703089952468872
2026-04-09 17:03:56,035 - INFO - Prev coeffs loss: 0.18490758538246155
2026-04-09 17:03:56,036 - INFO - Encoder smooth loss: 0.2215159684419632
2026-04-09 17:03:56,036 - INFO - Decoder smooth loss: 0.23903948068618774
2026-04-09 17:03:56,036 - INFO - Prev smooth loss: 0.1376999020576477
2026-04-09 17:03:56,036 - INFO - KL loss: 11.645305633544922
2026-04-09 17:03:56,037 - INFO - Total loss: 15.226719856262207
2026-04-09 17:03:56,080 - INFO - Reconstruction loss: 8.29061222076416
2026-04-09 17:03:56,081 - INFO - Encoder coeffs loss: 0.3017619252204895
2026-04-09 17:03:56,081 - INFO - Decoder coeffs loss: 0.3648780584335327
2026-04-09 17:03:56,081 - INFO - Prev coeffs loss: 0.18332096934318542
2026-04-09 17:03:56,081 - INFO - Encoder smooth loss: 0.2174699902534485
2026-04-09 17:03:56,082 - INFO - Decoder smooth loss: 0.23572470247745514
2026-04-09 17:03:56,082 - INFO - Prev smooth loss: 0.13659648597240448
2026-04-09 17:03:56,082 - INFO - KL loss: 10.628820419311523
2026-04-09 17:03:56,082 - INFO - Total loss: 14.324898719787598
2026-04-09 17:03:56,130 - INFO - Reconstruction loss: 9.208898544311523
2026-04-09 17:03:56,130 - INFO - Encoder coeffs loss: 0.30793681740760803
2026-04-09 17:03:56,131 - INFO - Decoder coeffs loss: 0.3731388449668884
2026-04-09 17:03:56,131 - INFO - Prev coeffs loss: 0.1846725046634674
2026-04-09 17:03:56,131 - INFO - Encoder smooth loss: 0.22211888432502747
2026-04-09 17:03:56,131 - INFO - Decoder smooth loss: 0.24013766646385193
2026-04-09 17:03:56,132 - INFO - Prev smooth loss: 0.13791367411613464
2026-04-09 17:03:56,132 - INFO - KL loss: 11.991680145263672
2026-04-09 17:03:56,132 - INFO - Total loss: 15.937698364257812
2026-04-09 17:03:56,176 - INFO - Reconstruction loss: 8.674230575561523
2026-04-09 17:03:56,177 - INFO - Encoder coeffs loss: 0.30513715744018555
2026-04-09 17:03:56,177 - INFO - Decoder coeffs loss: 0.37009817361831665
2026-04-09 17:03:56,177 - INFO - Prev coeffs loss: 0.18322372436523438
2026-04-09 17:03:56,178 - INFO - Encoder smooth loss: 0.21990272402763367
2026-04-09 17:03:56,178 - INFO - Decoder smooth loss: 0.2374638468027115
2026-04-09 17:03:56,178 - INFO - Prev smooth loss: 0.13630180060863495
2026-04-09 17:03:56,178 - INFO - KL loss: 11.838279724121094
2026-04-09 17:03:56,178 - INFO - Total loss: 15.31943416595459
2026-04-09 17:03:56,219 - INFO - Reconstruction loss: 8.95065975189209
2026-04-09 17:03:56,220 - INFO - Encoder coeffs loss: 0.3063006103038788
2026-04-09 17:03:56,220 - INFO - Decoder coeffs loss: 0.3723827004432678
2026-04-09 17:03:56,220 - INFO - Prev coeffs loss: 0.1839616298675537
2026-04-09 17:03:56,220 - INFO - Encoder smooth loss: 0.22099389135837555
2026-04-09 17:03:56,221 - INFO - Decoder smooth loss: 0.2384413778781891
2026-04-09 17:03:56,221 - INFO - Prev smooth loss: 0.13743875920772552
2026-04-09 17:03:56,221 - INFO - KL loss: 12.360554695129395
2026-04-09 17:03:56,221 - INFO - Total loss: 15.860696792602539
2026-04-09 17:03:56,263 - INFO - Reconstruction loss: 7.990747451782227
2026-04-09 17:03:56,263 - INFO - Encoder coeffs loss: 0.29975223541259766
2026-04-09 17:03:56,263 - INFO - Decoder coeffs loss: 0.36487555503845215
2026-04-09 17:03:56,264 - INFO - Prev coeffs loss: 0.18282881379127502
2026-04-09 17:03:56,264 - INFO - Encoder smooth loss: 0.21588359773159027
2026-04-09 17:03:56,264 - INFO - Decoder smooth loss: 0.23356866836547852
2026-04-09 17:03:56,264 - INFO - Prev smooth loss: 0.13611017167568207
2026-04-09 17:03:56,265 - INFO - KL loss: 10.398468017578125
2026-04-09 17:03:56,265 - INFO - Total loss: 13.906490325927734
2026-04-09 17:03:56,290 - INFO - Epoch 48/5000
2026-04-09 17:03:56,290 - INFO - Epoch training loss: 121.5644588470459
2026-04-09 17:03:56,292 - INFO - -------------------
2026-04-09 17:03:56,306 - INFO - Reconstruction loss: 9.890543937683105
2026-04-09 17:03:56,306 - INFO - Encoder coeffs loss: 0.30732619762420654
2026-04-09 17:03:56,307 - INFO - Decoder coeffs loss: 0.3752937614917755
2026-04-09 17:03:56,307 - INFO - Prev coeffs loss: 0.1839139759540558
2026-04-09 17:03:56,307 - INFO - Encoder smooth loss: 0.22161167860031128
2026-04-09 17:03:56,307 - INFO - Decoder smooth loss: 0.24008579552173615
2026-04-09 17:03:56,308 - INFO - Prev smooth loss: 0.13752208650112152
2026-04-09 17:03:56,308 - INFO - KL loss: 13.547524452209473
2026-04-09 17:03:56,308 - INFO - Total loss: 17.39718246459961
2026-04-09 17:03:56,323 - INFO - Reconstruction loss: 8.627055168151855
2026-04-09 17:03:56,324 - INFO - Encoder coeffs loss: 0.30333220958709717
2026-04-09 17:03:56,324 - INFO - Decoder coeffs loss: 0.3692038655281067
2026-04-09 17:03:56,324 - INFO - Prev coeffs loss: 0.18368706107139587
2026-04-09 17:03:56,324 - INFO - Encoder smooth loss: 0.21864193677902222
2026-04-09 17:03:56,325 - INFO - Decoder smooth loss: 0.23561826348304749
2026-04-09 17:03:56,325 - INFO - Prev smooth loss: 0.13722147047519684
2026-04-09 17:03:56,325 - INFO - KL loss: 11.178596496582031
2026-04-09 17:03:56,325 - INFO - Total loss: 14.940204620361328
2026-04-09 17:03:56,325 - INFO - Epoch val loss: 32.33738708496094
2026-04-09 17:03:56,325 - INFO - -------------------
2026-04-09 17:03:56,325 - INFO - Saving model at epoch 48
2026-04-09 17:03:56,325 - INFO - Saving model name: AERCA_nonlinear_ws_5_stride_1_lr_0.0001_epochs_5000_hidden_layer_size_50_num_hidden_layers_8.pt
2026-04-09 17:03:56,394 - INFO - Reconstruction loss: 8.985015869140625
2026-04-09 17:03:56,394 - INFO - Encoder coeffs loss: 0.30542993545532227
2026-04-09 17:03:56,394 - INFO - Decoder coeffs loss: 0.3717680871486664
2026-04-09 17:03:56,395 - INFO - Prev coeffs loss: 0.1832285374403
2026-04-09 17:03:56,395 - INFO - Encoder smooth loss: 0.2202293574810028
2026-04-09 17:03:56,395 - INFO - Decoder smooth loss: 0.23723936080932617
2026-04-09 17:03:56,395 - INFO - Prev smooth loss: 0.13665461540222168
2026-04-09 17:03:56,396 - INFO - KL loss: 11.982050895690918
2026-04-09 17:03:56,396 - INFO - Total loss: 15.703315734863281
2026-04-09 17:03:56,437 - INFO - Reconstruction loss: 8.629453659057617
2026-04-09 17:03:56,437 - INFO - Encoder coeffs loss: 0.3029751777648926
2026-04-09 17:03:56,437 - INFO - Decoder coeffs loss: 0.36813443899154663
2026-04-09 17:03:56,438 - INFO - Prev coeffs loss: 0.18290838599205017
2026-04-09 17:03:56,438 - INFO - Encoder smooth loss: 0.21794909238815308
2026-04-09 17:03:56,438 - INFO - Decoder smooth loss: 0.23435573279857635
2026-04-09 17:03:56,438 - INFO - Prev smooth loss: 0.13610729575157166
2026-04-09 17:03:56,438 - INFO - KL loss: 11.470121383666992
2026-04-09 17:03:56,439 - INFO - Total loss: 15.085728645324707
2026-04-09 17:03:56,482 - INFO - Reconstruction loss: 8.617892265319824
2026-04-09 17:03:56,482 - INFO - Encoder coeffs loss: 0.30627772212028503
2026-04-09 17:03:56,482 - INFO - Decoder coeffs loss: 0.36916473507881165
2026-04-09 17:03:56,483 - INFO - Prev coeffs loss: 0.1838553249835968
2026-04-09 17:03:56,483 - INFO - Encoder smooth loss: 0.22048476338386536
2026-04-09 17:03:56,483 - INFO - Decoder smooth loss: 0.23542101681232452
2026-04-09 17:03:56,483 - INFO - Prev smooth loss: 0.13654740154743195
2026-04-09 17:03:56,483 - INFO - KL loss: 11.544824600219727
2026-04-09 17:03:56,483 - INFO - Total loss: 15.116181373596191
2026-04-09 17:03:56,526 - INFO - Reconstruction loss: 8.250618934631348
2026-04-09 17:03:56,526 - INFO - Encoder coeffs loss: 0.3015829920768738
2026-04-09 17:03:56,527 - INFO - Decoder coeffs loss: 0.3638099431991577
2026-04-09 17:03:56,527 - INFO - Prev coeffs loss: 0.18231171369552612
2026-04-09 17:03:56,527 - INFO - Encoder smooth loss: 0.21654453873634338
2026-04-09 17:03:56,527 - INFO - Decoder smooth loss: 0.23219406604766846
2026-04-09 17:03:56,527 - INFO - Prev smooth loss: 0.13545311987400055
2026-04-09 17:03:56,527 - INFO - KL loss: 10.545022964477539
2026-04-09 17:03:56,528 - INFO - Total loss: 14.239078521728516
2026-04-09 17:03:56,570 - INFO - Reconstruction loss: 9.146540641784668
2026-04-09 17:03:56,571 - INFO - Encoder coeffs loss: 0.30774927139282227
2026-04-09 17:03:56,571 - INFO - Decoder coeffs loss: 0.37198328971862793
2026-04-09 17:03:56,571 - INFO - Prev coeffs loss: 0.18364998698234558
2026-04-09 17:03:56,572 - INFO - Encoder smooth loss: 0.22118079662322998
2026-04-09 17:03:56,572 - INFO - Decoder smooth loss: 0.23648720979690552
2026-04-09 17:03:56,572 - INFO - Prev smooth loss: 0.13678455352783203
2026-04-09 17:03:56,572 - INFO - KL loss: 11.881586074829102
2026-04-09 17:03:56,573 - INFO - Total loss: 15.816250801086426
2026-04-09 17:03:56,616 - INFO - Reconstruction loss: 8.629054069519043
2026-04-09 17:03:56,616 - INFO - Encoder coeffs loss: 0.304912805557251
2026-04-09 17:03:56,616 - INFO - Decoder coeffs loss: 0.3690227270126343
2026-04-09 17:03:56,617 - INFO - Prev coeffs loss: 0.18211093544960022
2026-04-09 17:03:56,617 - INFO - Encoder smooth loss: 0.21893607079982758
2026-04-09 17:03:56,617 - INFO - Decoder smooth loss: 0.23386257886886597
2026-04-09 17:03:56,617 - INFO - Prev smooth loss: 0.1350986212491989
2026-04-09 17:03:56,617 - INFO - KL loss: 11.754368782043457
2026-04-09 17:03:56,618 - INFO - Total loss: 15.22821044921875
2026-04-09 17:03:56,658 - INFO - Reconstruction loss: 8.900279998779297
2026-04-09 17:03:56,658 - INFO - Encoder coeffs loss: 0.30613231658935547
2026-04-09 17:03:56,658 - INFO - Decoder coeffs loss: 0.3713929057121277
2026-04-09 17:03:56,659 - INFO - Prev coeffs loss: 0.1828981637954712
2026-04-09 17:03:56,659 - INFO - Encoder smooth loss: 0.22008253633975983
2026-04-09 17:03:56,659 - INFO - Decoder smooth loss: 0.2348603457212448
2026-04-09 17:03:56,659 - INFO - Prev smooth loss: 0.13628853857517242
2026-04-09 17:03:56,659 - INFO - KL loss: 12.25896167755127
2026-04-09 17:03:56,660 - INFO - Total loss: 15.75558853149414
2026-04-09 17:03:56,706 - INFO - Reconstruction loss: 7.943264961242676
2026-04-09 17:03:56,706 - INFO - Encoder coeffs loss: 0.2996795177459717
2026-04-09 17:03:56,706 - INFO - Decoder coeffs loss: 0.3639987111091614
2026-04-09 17:03:56,707 - INFO - Prev coeffs loss: 0.18181774020195007
2026-04-09 17:03:56,707 - INFO - Encoder smooth loss: 0.21503350138664246
2026-04-09 17:03:56,707 - INFO - Decoder smooth loss: 0.23012027144432068
2026-04-09 17:03:56,707 - INFO - Prev smooth loss: 0.13496899604797363
2026-04-09 17:03:56,707 - INFO - KL loss: 10.30138111114502
2026-04-09 17:03:56,708 - INFO - Total loss: 13.806764602661133
2026-04-09 17:03:56,732 - INFO - Epoch 49/5000
2026-04-09 17:03:56,732 - INFO - Epoch training loss: 120.75111865997314
2026-04-09 17:03:56,732 - INFO - -------------------
2026-04-09 17:03:56,749 - INFO - Reconstruction loss: 9.841278076171875
2026-04-09 17:03:56,749 - INFO - Encoder coeffs loss: 0.3072368800640106
2026-04-09 17:03:56,749 - INFO - Decoder coeffs loss: 0.3744327425956726
2026-04-09 17:03:56,750 - INFO - Prev coeffs loss: 0.18290844559669495
2026-04-09 17:03:56,750 - INFO - Encoder smooth loss: 0.22077617049217224
2026-04-09 17:03:56,750 - INFO - Decoder smooth loss: 0.23658542335033417
2026-04-09 17:03:56,750 - INFO - Prev smooth loss: 0.13641247153282166
2026-04-09 17:03:56,750 - INFO - KL loss: 13.45564079284668
2026-04-09 17:03:56,751 - INFO - Total loss: 17.298274993896484
2026-04-09 17:03:56,765 - INFO - Reconstruction loss: 8.583812713623047
2026-04-09 17:03:56,765 - INFO - Encoder coeffs loss: 0.3032969832420349
2026-04-09 17:03:56,765 - INFO - Decoder coeffs loss: 0.36836695671081543
2026-04-09 17:03:56,766 - INFO - Prev coeffs loss: 0.1827043890953064
2026-04-09 17:03:56,766 - INFO - Encoder smooth loss: 0.21782352030277252
2026-04-09 17:03:56,766 - INFO - Decoder smooth loss: 0.23214352130889893
2026-04-09 17:03:56,766 - INFO - Prev smooth loss: 0.13612017035484314
2026-04-09 17:03:56,766 - INFO - KL loss: 11.092544555664062
2026-04-09 17:03:56,767 - INFO - Total loss: 14.850312232971191
2026-04-09 17:03:56,767 - INFO - Epoch val loss: 32.148587226867676
2026-04-09 17:03:56,767 - INFO - -------------------
2026-04-09 17:03:56,767 - INFO - Saving model at epoch 49
2026-04-09 17:03:56,767 - INFO - Saving model name: AERCA_nonlinear_ws_5_stride_1_lr_0.0001_epochs_5000_hidden_layer_size_50_num_hidden_layers_8.pt
2026-04-09 17:03:56,833 - INFO - Reconstruction loss: 8.941149711608887
2026-04-09 17:03:56,834 - INFO - Encoder coeffs loss: 0.30532318353652954
2026-04-09 17:03:56,834 - INFO - Decoder coeffs loss: 0.3709156811237335
2026-04-09 17:03:56,834 - INFO - Prev coeffs loss: 0.18221527338027954
2026-04-09 17:03:56,834 - INFO - Encoder smooth loss: 0.2193731963634491
2026-04-09 17:03:56,835 - INFO - Decoder smooth loss: 0.233735591173172
2026-04-09 17:03:56,835 - INFO - Prev smooth loss: 0.13552170991897583
2026-04-09 17:03:56,835 - INFO - KL loss: 11.886802673339844
2026-04-09 17:03:56,835 - INFO - Total loss: 15.60809326171875
2026-04-09 17:03:56,879 - INFO - Reconstruction loss: 8.586819648742676
2026-04-09 17:03:56,879 - INFO - Encoder coeffs loss: 0.30290985107421875
2026-04-09 17:03:56,880 - INFO - Decoder coeffs loss: 0.3673170804977417
2026-04-09 17:03:56,881 - INFO - Prev coeffs loss: 0.1819283366203308
2026-04-09 17:03:56,881 - INFO - Encoder smooth loss: 0.2171115130186081
2026-04-09 17:03:56,881 - INFO - Decoder smooth loss: 0.23088409006595612
2026-04-09 17:03:56,881 - INFO - Prev smooth loss: 0.13499091565608978
2026-04-09 17:03:56,882 - INFO - KL loss: 11.374054908752441
2026-04-09 17:03:56,882 - INFO - Total loss: 14.991418838500977
2026-04-09 17:03:56,929 - INFO - Reconstruction loss: 8.565262794494629
2026-04-09 17:03:56,929 - INFO - Encoder coeffs loss: 0.3061612844467163
2026-04-09 17:03:56,930 - INFO - Decoder coeffs loss: 0.3683713674545288
2026-04-09 17:03:56,930 - INFO - Prev coeffs loss: 0.18284326791763306
2026-04-09 17:03:56,930 - INFO - Encoder smooth loss: 0.21961888670921326
2026-04-09 17:03:56,930 - INFO - Decoder smooth loss: 0.23199407756328583
2026-04-09 17:03:56,930 - INFO - Prev smooth loss: 0.13542385399341583
2026-04-09 17:03:56,931 - INFO - KL loss: 11.448827743530273
2026-04-09 17:03:56,931 - INFO - Total loss: 15.011883735656738
2026-04-09 17:03:56,974 - INFO - Reconstruction loss: 8.213103294372559
2026-04-09 17:03:56,975 - INFO - Encoder coeffs loss: 0.3015848994255066
2026-04-09 17:03:56,975 - INFO - Decoder coeffs loss: 0.36309653520584106
2026-04-09 17:03:56,975 - INFO - Prev coeffs loss: 0.18135322630405426
2026-04-09 17:03:56,975 - INFO - Encoder smooth loss: 0.21575452387332916
2026-04-09 17:03:56,976 - INFO - Decoder smooth loss: 0.2288513332605362
2026-04-09 17:03:56,976 - INFO - Prev smooth loss: 0.13435359299182892
2026-04-09 17:03:56,976 - INFO - KL loss: 10.464451789855957
2026-04-09 17:03:56,976 - INFO - Total loss: 14.157825469970703
2026-04-09 17:03:57,018 - INFO - Reconstruction loss: 9.08856201171875
2026-04-09 17:03:57,018 - INFO - Encoder coeffs loss: 0.3077318072319031
2026-04-09 17:03:57,018 - INFO - Decoder coeffs loss: 0.371209979057312
2026-04-09 17:03:57,019 - INFO - Prev coeffs loss: 0.1826525330543518
2026-04-09 17:03:57,019 - INFO - Encoder smooth loss: 0.22037599980831146
2026-04-09 17:03:57,019 - INFO - Decoder smooth loss: 0.23306705057621002
2026-04-09 17:03:57,019 - INFO - Prev smooth loss: 0.13567547500133514
2026-04-09 17:03:57,019 - INFO - KL loss: 11.775395393371582
2026-04-09 17:03:57,020 - INFO - Total loss: 15.701614379882812
2026-04-09 17:03:57,063 - INFO - Reconstruction loss: 8.587312698364258
2026-04-09 17:03:57,064 - INFO - Encoder coeffs loss: 0.3048487603664398
2026-04-09 17:03:57,064 - INFO - Decoder coeffs loss: 0.36825981736183167
2026-04-09 17:03:57,064 - INFO - Prev coeffs loss: 0.18104052543640137
2026-04-09 17:03:57,064 - INFO - Encoder smooth loss: 0.21809713542461395
2026-04-09 17:03:57,065 - INFO - Decoder smooth loss: 0.2304983139038086
2026-04-09 17:03:57,065 - INFO - Prev smooth loss: 0.13392923772335052
2026-04-09 17:03:57,065 - INFO - KL loss: 11.672292709350586
2026-04-09 17:03:57,065 - INFO - Total loss: 15.141797065734863
2026-04-09 17:03:57,110 - INFO - Reconstruction loss: 8.852944374084473
2026-04-09 17:03:57,111 - INFO - Encoder coeffs loss: 0.3060888350009918
2026-04-09 17:03:57,111 - INFO - Decoder coeffs loss: 0.37066948413848877
2026-04-09 17:03:57,111 - INFO - Prev coeffs loss: 0.18188443779945374
2026-04-09 17:03:57,111 - INFO - Encoder smooth loss: 0.21928061544895172
2026-04-09 17:03:57,112 - INFO - Decoder smooth loss: 0.2315153032541275
2026-04-09 17:03:57,112 - INFO - Prev smooth loss: 0.13517199456691742
2026-04-09 17:03:57,112 - INFO - KL loss: 12.159975051879883
2026-04-09 17:03:57,112 - INFO - Total loss: 15.655237197875977
2026-04-09 17:03:57,154 - INFO - Reconstruction loss: 7.898322582244873
2026-04-09 17:03:57,155 - INFO - Encoder coeffs loss: 0.29969915747642517
2026-04-09 17:03:57,155 - INFO - Decoder coeffs loss: 0.3633325695991516
2026-04-09 17:03:57,155 - INFO - Prev coeffs loss: 0.18085229396820068
2026-04-09 17:03:57,155 - INFO - Encoder smooth loss: 0.21426919102668762
2026-04-09 17:03:57,156 - INFO - Decoder smooth loss: 0.2269027978181839
2026-04-09 17:03:57,156 - INFO - Prev smooth loss: 0.13386081159114838
2026-04-09 17:03:57,156 - INFO - KL loss: 10.207174301147461
2026-04-09 17:03:57,156 - INFO - Total loss: 13.711368560791016
2026-04-09 17:03:57,180 - INFO - Epoch 50/5000
2026-04-09 17:03:57,180 - INFO - Epoch training loss: 119.97923851013184
2026-04-09 17:03:57,180 - INFO - -------------------
2026-04-09 17:03:57,196 - INFO - Reconstruction loss: 9.796005249023438
2026-04-09 17:03:57,196 - INFO - Encoder coeffs loss: 0.30721378326416016
2026-04-09 17:03:57,197 - INFO - Decoder coeffs loss: 0.3737497329711914
2026-04-09 17:03:57,197 - INFO - Prev coeffs loss: 0.1819494366645813
2026-04-09 17:03:57,197 - INFO - Encoder smooth loss: 0.22001294791698456
2026-04-09 17:03:57,198 - INFO - Decoder smooth loss: 0.233327716588974
2026-04-09 17:03:57,198 - INFO - Prev smooth loss: 0.13532839715480804
2026-04-09 17:03:57,198 - INFO - KL loss: 13.37064266204834
2026-04-09 17:03:57,198 - INFO - Total loss: 17.207117080688477
2026-04-09 17:03:57,213 - INFO - Reconstruction loss: 8.544523239135742
2026-04-09 17:03:57,213 - INFO - Encoder coeffs loss: 0.3033180832862854
2026-04-09 17:03:57,214 - INFO - Decoder coeffs loss: 0.3676833510398865
2026-04-09 17:03:57,214 - INFO - Prev coeffs loss: 0.18176323175430298
2026-04-09 17:03:57,214 - INFO - Encoder smooth loss: 0.217075377702713
2026-04-09 17:03:57,214 - INFO - Decoder smooth loss: 0.22889742255210876
2026-04-09 17:03:57,215 - INFO - Prev smooth loss: 0.13504326343536377
2026-04-09 17:03:57,215 - INFO - KL loss: 11.008769989013672
2026-04-09 17:03:57,215 - INFO - Total loss: 14.765798568725586
2026-04-09 17:03:57,215 - INFO - Epoch val loss: 31.972915649414062
2026-04-09 17:03:57,215 - INFO - -------------------
2026-04-09 17:03:57,215 - INFO - Saving model at epoch 50
2026-04-09 17:03:57,215 - INFO - Saving model name: AERCA_nonlinear_ws_5_stride_1_lr_0.0001_epochs_5000_hidden_layer_size_50_num_hidden_layers_8.pt
2026-04-09 17:03:57,286 - INFO - Reconstruction loss: 8.898012161254883
2026-04-09 17:03:57,287 - INFO - Encoder coeffs loss: 0.30527496337890625
2026-04-09 17:03:57,287 - INFO - Decoder coeffs loss: 0.37020525336265564
2026-04-09 17:03:57,287 - INFO - Prev coeffs loss: 0.18124544620513916
2026-04-09 17:03:57,287 - INFO - Encoder smooth loss: 0.21858704090118408
2026-04-09 17:03:57,288 - INFO - Decoder smooth loss: 0.23045895993709564
2026-04-09 17:03:57,288 - INFO - Prev smooth loss: 0.13441641628742218
2026-04-09 17:03:57,288 - INFO - KL loss: 11.794365882873535
2026-04-09 17:03:57,288 - INFO - Total loss: 15.515289306640625
2026-04-09 17:03:57,334 - INFO - Reconstruction loss: 8.545757293701172
2026-04-09 17:03:57,334 - INFO - Encoder coeffs loss: 0.30288922786712646
2026-04-09 17:03:57,335 - INFO - Decoder coeffs loss: 0.36660826206207275
2026-04-09 17:03:57,335 - INFO - Prev coeffs loss: 0.18098688125610352
2026-04-09 17:03:57,335 - INFO - Encoder smooth loss: 0.21633286774158478
2026-04-09 17:03:57,335 - INFO - Decoder smooth loss: 0.22762781381607056
2026-04-09 17:03:57,336 - INFO - Prev smooth loss: 0.13390406966209412
2026-04-09 17:03:57,336 - INFO - KL loss: 11.282920837402344
2026-04-09 17:03:57,336 - INFO - Total loss: 14.901392936706543
2026-04-09 17:03:57,378 - INFO - Reconstruction loss: 8.51628303527832
2026-04-09 17:03:57,378 - INFO - Encoder coeffs loss: 0.30606019496917725
2026-04-09 17:03:57,379 - INFO - Decoder coeffs loss: 0.36764827370643616
2026-04-09 17:03:57,379 - INFO - Prev coeffs loss: 0.1818838268518448
2026-04-09 17:03:57,379 - INFO - Encoder smooth loss: 0.21880272030830383
2026-04-09 17:03:57,379 - INFO - Decoder smooth loss: 0.22876107692718506
2026-04-09 17:03:57,380 - INFO - Prev smooth loss: 0.1343386322259903
2026-04-09 17:03:57,380 - INFO - KL loss: 11.358733177185059
2026-04-09 17:03:57,380 - INFO - Total loss: 14.914398193359375
2026-04-09 17:03:57,422 - INFO - Reconstruction loss: 8.178585052490234
2026-04-09 17:03:57,422 - INFO - Encoder coeffs loss: 0.3015728294849396
2026-04-09 17:03:57,422 - INFO - Decoder coeffs loss: 0.3624022305011749
2026-04-09 17:03:57,423 - INFO - Prev coeffs loss: 0.180459126830101
2026-04-09 17:03:57,423 - INFO - Encoder smooth loss: 0.21499714255332947
2026-04-09 17:03:57,423 - INFO - Decoder smooth loss: 0.22567106783390045
2026-04-09 17:03:57,423 - INFO - Prev smooth loss: 0.13330188393592834
2026-04-09 17:03:57,424 - INFO - KL loss: 10.384908676147461
2026-04-09 17:03:57,424 - INFO - Total loss: 14.080241203308105
2026-04-09 17:03:57,464 - INFO - Reconstruction loss: 9.033350944519043
2026-04-09 17:03:57,465 - INFO - Encoder coeffs loss: 0.3076710104942322
2026-04-09 17:03:57,465 - INFO - Decoder coeffs loss: 0.37044137716293335
2026-04-09 17:03:57,465 - INFO - Prev coeffs loss: 0.18173493444919586
2026-04-09 17:03:57,465 - INFO - Encoder smooth loss: 0.21958957612514496
2026-04-09 17:03:57,466 - INFO - Decoder smooth loss: 0.2298187017440796
2026-04-09 17:03:57,466 - INFO - Prev smooth loss: 0.13462360203266144
2026-04-09 17:03:57,466 - INFO - KL loss: 11.676583290100098
2026-04-09 17:03:57,466 - INFO - Total loss: 15.593582153320312
2026-04-09 17:03:57,507 - INFO - Reconstruction loss: 8.548279762268066
2026-04-09 17:03:57,508 - INFO - Encoder coeffs loss: 0.30475014448165894
2026-04-09 17:03:57,508 - INFO - Decoder coeffs loss: 0.3674668073654175
2026-04-09 17:03:57,508 - INFO - Prev coeffs loss: 0.18006178736686707
2026-04-09 17:03:57,509 - INFO - Encoder smooth loss: 0.21728496253490448
2026-04-09 17:03:57,509 - INFO - Decoder smooth loss: 0.22728289663791656
2026-04-09 17:03:57,509 - INFO - Prev smooth loss: 0.13283047080039978
2026-04-09 17:03:57,509 - INFO - KL loss: 11.592397689819336
2026-04-09 17:03:57,509 - INFO - Total loss: 15.059317588806152
2026-04-09 17:03:57,550 - INFO - Reconstruction loss: 8.808483123779297
2026-04-09 17:03:57,550 - INFO - Encoder coeffs loss: 0.3060024380683899
2026-04-09 17:03:57,550 - INFO - Decoder coeffs loss: 0.36990612745285034
2026-04-09 17:03:57,550 - INFO - Prev coeffs loss: 0.18097978830337524
2026-04-09 17:03:57,551 - INFO - Encoder smooth loss: 0.21850000321865082
2026-04-09 17:03:57,551 - INFO - Decoder smooth loss: 0.22829791903495789
2026-04-09 17:03:57,552 - INFO - Prev smooth loss: 0.13413318991661072
2026-04-09 17:03:57,552 - INFO - KL loss: 12.064065933227539
2026-04-09 17:03:57,552 - INFO - Total loss: 15.559425354003906
2026-04-09 17:03:57,594 - INFO - Reconstruction loss: 7.855043888092041
2026-04-09 17:03:57,595 - INFO - Encoder coeffs loss: 0.2996652126312256
2026-04-09 17:03:57,595 - INFO - Decoder coeffs loss: 0.3626415729522705
2026-04-09 17:03:57,595 - INFO - Prev coeffs loss: 0.18001681566238403
2026-04-09 17:03:57,595 - INFO - Encoder smooth loss: 0.2135152518749237
2026-04-09 17:03:57,596 - INFO - Decoder smooth loss: 0.22381465137004852
2026-04-09 17:03:57,596 - INFO - Prev smooth loss: 0.13284966349601746
2026-04-09 17:03:57,596 - INFO - KL loss: 10.117721557617188
2026-04-09 17:03:57,596 - INFO - Total loss: 13.620155334472656
2026-04-09 17:03:57,622 - INFO - Epoch 51/5000
2026-04-09 17:03:57,622 - INFO - Epoch training loss: 119.24380207061768
2026-04-09 17:03:57,622 - INFO - -------------------
2026-04-09 17:03:57,637 - INFO - Reconstruction loss: 9.754023551940918
2026-04-09 17:03:57,637 - INFO - Encoder coeffs loss: 0.3071308732032776
2026-04-09 17:03:57,638 - INFO - Decoder coeffs loss: 0.3730061948299408
2026-04-09 17:03:57,638 - INFO - Prev coeffs loss: 0.1811426281929016
2026-04-09 17:03:57,638 - INFO - Encoder smooth loss: 0.2192566692829132
2026-04-09 17:03:57,638 - INFO - Decoder smooth loss: 0.23020337522029877
2026-04-09 17:03:57,638 - INFO - Prev smooth loss: 0.134346604347229
2026-04-09 17:03:57,639 - INFO - KL loss: 13.288591384887695
2026-04-09 17:03:57,639 - INFO - Total loss: 17.12086296081543
2026-04-09 17:03:57,653 - INFO - Reconstruction loss: 8.507279396057129
2026-04-09 17:03:57,654 - INFO - Encoder coeffs loss: 0.30327486991882324
2026-04-09 17:03:57,654 - INFO - Decoder coeffs loss: 0.36697089672088623
2026-04-09 17:03:57,654 - INFO - Prev coeffs loss: 0.18097065389156342
2026-04-09 17:03:57,654 - INFO - Encoder smooth loss: 0.21633248031139374
2026-04-09 17:03:57,654 - INFO - Decoder smooth loss: 0.22578991949558258
2026-04-09 17:03:57,655 - INFO - Prev smooth loss: 0.13406617939472198
2026-04-09 17:03:57,655 - INFO - KL loss: 10.92988395690918
2026-04-09 17:03:57,655 - INFO - Total loss: 14.68592357635498
2026-04-09 17:03:57,655 - INFO - Epoch val loss: 31.80678653717041
2026-04-09 17:03:57,655 - INFO - -------------------
2026-04-09 17:03:57,655 - INFO - Saving model at epoch 51
2026-04-09 17:03:57,655 - INFO - Saving model name: AERCA_nonlinear_ws_5_stride_1_lr_0.0001_epochs_5000_hidden_layer_size_50_num_hidden_layers_8.pt
2026-04-09 17:03:57,728 - INFO - Reconstruction loss: 8.857452392578125
2026-04-09 17:03:57,728 - INFO - Encoder coeffs loss: 0.30516916513442993
2026-04-09 17:03:57,728 - INFO - Decoder coeffs loss: 0.369465172290802
2026-04-09 17:03:57,729 - INFO - Prev coeffs loss: 0.1804257333278656
2026-04-09 17:03:57,729 - INFO - Encoder smooth loss: 0.2178112119436264
2026-04-09 17:03:57,729 - INFO - Decoder smooth loss: 0.22731925547122955
2026-04-09 17:03:57,729 - INFO - Prev smooth loss: 0.13341514766216278
2026-04-09 17:03:57,729 - INFO - KL loss: 11.707113265991211
2026-04-09 17:03:57,730 - INFO - Total loss: 15.427812576293945
2026-04-09 17:03:57,773 - INFO - Reconstruction loss: 8.506608963012695
2026-04-09 17:03:57,773 - INFO - Encoder coeffs loss: 0.3028198778629303
2026-04-09 17:03:57,774 - INFO - Decoder coeffs loss: 0.3658563792705536
2026-04-09 17:03:57,774 - INFO - Prev coeffs loss: 0.18020717799663544
2026-04-09 17:03:57,774 - INFO - Encoder smooth loss: 0.21556565165519714
2026-04-09 17:03:57,774 - INFO - Decoder smooth loss: 0.2245204895734787
2026-04-09 17:03:57,774 - INFO - Prev smooth loss: 0.13292843103408813
2026-04-09 17:03:57,775 - INFO - KL loss: 11.19649887084961
2026-04-09 17:03:57,775 - INFO - Total loss: 14.815807342529297
2026-04-09 17:03:57,814 - INFO - Reconstruction loss: 8.470422744750977
2026-04-09 17:03:57,815 - INFO - Encoder coeffs loss: 0.3059297800064087
2026-04-09 17:03:57,815 - INFO - Decoder coeffs loss: 0.3668864369392395
2026-04-09 17:03:57,815 - INFO - Prev coeffs loss: 0.18110351264476776
2026-04-09 17:03:57,816 - INFO - Encoder smooth loss: 0.21800707280635834
2026-04-09 17:03:57,816 - INFO - Decoder smooth loss: 0.22567841410636902
2026-04-09 17:03:57,816 - INFO - Prev smooth loss: 0.13337399065494537
2026-04-09 17:03:57,816 - INFO - KL loss: 11.274818420410156
2026-04-09 17:03:57,816 - INFO - Total loss: 14.823321342468262
2026-04-09 17:03:57,858 - INFO - Reconstruction loss: 8.144835472106934
2026-04-09 17:03:57,858 - INFO - Encoder coeffs loss: 0.3015427887439728
2026-04-09 17:03:57,858 - INFO - Decoder coeffs loss: 0.36165904998779297
2026-04-09 17:03:57,858 - INFO - Prev coeffs loss: 0.17973196506500244
2026-04-09 17:03:57,859 - INFO - Encoder smooth loss: 0.2142581343650818
2026-04-09 17:03:57,859 - INFO - Decoder smooth loss: 0.22262760996818542
2026-04-09 17:03:57,859 - INFO - Prev smooth loss: 0.1323661357164383
2026-04-09 17:03:57,859 - INFO - KL loss: 10.30826187133789
2026-04-09 17:03:57,860 - INFO - Total loss: 14.005059242248535
2026-04-09 17:03:57,900 - INFO - Reconstruction loss: 8.980402946472168
2026-04-09 17:03:57,901 - INFO - Encoder coeffs loss: 0.30762869119644165
2026-04-09 17:03:57,901 - INFO - Decoder coeffs loss: 0.3696267902851105
2026-04-09 17:03:57,901 - INFO - Prev coeffs loss: 0.18098703026771545
2026-04-09 17:03:57,901 - INFO - Encoder smooth loss: 0.21884800493717194
2026-04-09 17:03:57,902 - INFO - Decoder smooth loss: 0.2267187237739563
2026-04-09 17:03:57,902 - INFO - Prev smooth loss: 0.13367199897766113
2026-04-09 17:03:57,902 - INFO - KL loss: 11.581426620483398
2026-04-09 17:03:57,902 - INFO - Total loss: 15.489856719970703
2026-04-09 17:03:57,943 - INFO - Reconstruction loss: 8.510605812072754
2026-04-09 17:03:57,943 - INFO - Encoder coeffs loss: 0.30470073223114014
2026-04-09 17:03:57,944 - INFO - Decoder coeffs loss: 0.3666319251060486
2026-04-09 17:03:57,944 - INFO - Prev coeffs loss: 0.17922702431678772
2026-04-09 17:03:57,944 - INFO - Encoder smooth loss: 0.2165347784757614
2026-04-09 17:03:57,945 - INFO - Decoder smooth loss: 0.22421573102474213
2026-04-09 17:03:57,945 - INFO - Prev smooth loss: 0.13181862235069275
2026-04-09 17:03:57,945 - INFO - KL loss: 11.515286445617676
2026-04-09 17:03:57,945 - INFO - Total loss: 14.979814529418945
2026-04-09 17:03:57,987 - INFO - Reconstruction loss: 8.76632308959961
2026-04-09 17:03:57,987 - INFO - Encoder coeffs loss: 0.3059859275817871
2026-04-09 17:03:57,987 - INFO - Decoder coeffs loss: 0.369102418422699
2026-04-09 17:03:57,988 - INFO - Prev coeffs loss: 0.18018507957458496
2026-04-09 17:03:57,988 - INFO - Encoder smooth loss: 0.21779118478298187
2026-04-09 17:03:57,988 - INFO - Decoder smooth loss: 0.22522477805614471
2026-04-09 17:03:57,988 - INFO - Prev smooth loss: 0.1331523060798645
2026-04-09 17:03:57,988 - INFO - KL loss: 11.970010757446289
2026-04-09 17:03:57,989 - INFO - Total loss: 15.467049598693848
2026-04-09 17:03:58,032 - INFO - Reconstruction loss: 7.813309192657471
2026-04-09 17:03:58,032 - INFO - Encoder coeffs loss: 0.2997182011604309
2026-04-09 17:03:58,033 - INFO - Decoder coeffs loss: 0.36195796728134155
2026-04-09 17:03:58,033 - INFO - Prev coeffs loss: 0.17923083901405334
2026-04-09 17:03:58,033 - INFO - Encoder smooth loss: 0.21283401548862457
2026-04-09 17:03:58,033 - INFO - Decoder smooth loss: 0.22088299691677094
2026-04-09 17:03:58,034 - INFO - Prev smooth loss: 0.13186366856098175
2026-04-09 17:03:58,034 - INFO - KL loss: 10.032669067382812
2026-04-09 17:03:58,034 - INFO - Total loss: 13.53288745880127
2026-04-09 17:03:58,059 - INFO - Epoch 52/5000
2026-04-09 17:03:58,060 - INFO - Epoch training loss: 118.5416088104248
2026-04-09 17:03:58,060 - INFO - -------------------
2026-04-09 17:03:58,075 - INFO - Reconstruction loss: 9.71309757232666
2026-04-09 17:03:58,075 - INFO - Encoder coeffs loss: 0.3071610927581787
2026-04-09 17:03:58,075 - INFO - Decoder coeffs loss: 0.37224286794662476
2026-04-09 17:03:58,075 - INFO - Prev coeffs loss: 0.18034856021404266
2026-04-09 17:03:58,076 - INFO - Encoder smooth loss: 0.21859218180179596
2026-04-09 17:03:58,076 - INFO - Decoder smooth loss: 0.2272142618894577
2026-04-09 17:03:58,076 - INFO - Prev smooth loss: 0.13336117565631866
2026-04-09 17:03:58,076 - INFO - KL loss: 13.209330558776855
2026-04-09 17:03:58,076 - INFO - Total loss: 17.037221908569336
2026-04-09 17:03:58,092 - INFO - Reconstruction loss: 8.471043586730957
2026-04-09 17:03:58,092 - INFO - Encoder coeffs loss: 0.30334609746932983
2026-04-09 17:03:58,092 - INFO - Decoder coeffs loss: 0.3662557899951935
2026-04-09 17:03:58,092 - INFO - Prev coeffs loss: 0.18018501996994019
2026-04-09 17:03:58,093 - INFO - Encoder smooth loss: 0.2156747579574585
2026-04-09 17:03:58,093 - INFO - Decoder smooth loss: 0.22282686829566956
2026-04-09 17:03:58,093 - INFO - Prev smooth loss: 0.1330837905406952
2026-04-09 17:03:58,093 - INFO - KL loss: 10.85472297668457
2026-04-09 17:03:58,093 - INFO - Total loss: 14.609091758728027
2026-04-09 17:03:58,094 - INFO - Epoch val loss: 31.646313667297363
2026-04-09 17:03:58,094 - INFO - -------------------
2026-04-09 17:03:58,094 - INFO - Saving model at epoch 52
2026-04-09 17:03:58,094 - INFO - Saving model name: AERCA_nonlinear_ws_5_stride_1_lr_0.0001_epochs_5000_hidden_layer_size_50_num_hidden_layers_8.pt
2026-04-09 17:03:58,169 - INFO - Reconstruction loss: 8.819080352783203
2026-04-09 17:03:58,170 - INFO - Encoder coeffs loss: 0.3051855266094208
2026-04-09 17:03:58,170 - INFO - Decoder coeffs loss: 0.3687340021133423
2026-04-09 17:03:58,170 - INFO - Prev coeffs loss: 0.17961665987968445
2026-04-09 17:03:58,170 - INFO - Encoder smooth loss: 0.21712958812713623
2026-04-09 17:03:58,171 - INFO - Decoder smooth loss: 0.22432701289653778
2026-04-09 17:03:58,171 - INFO - Prev smooth loss: 0.13240915536880493
2026-04-09 17:03:58,171 - INFO - KL loss: 11.625018119812012
2026-04-09 17:03:58,171 - INFO - Total loss: 15.345291137695312
2026-04-09 17:03:58,212 - INFO - Reconstruction loss: 8.468202590942383
2026-04-09 17:03:58,213 - INFO - Encoder coeffs loss: 0.3028755486011505
2026-04-09 17:03:58,213 - INFO - Decoder coeffs loss: 0.3651058077812195
2026-04-09 17:03:58,213 - INFO - Prev coeffs loss: 0.17939899861812592
2026-04-09 17:03:58,214 - INFO - Encoder smooth loss: 0.2148800790309906
2026-04-09 17:03:58,214 - INFO - Decoder smooth loss: 0.22155562043190002
2026-04-09 17:03:58,214 - INFO - Prev smooth loss: 0.13192369043827057
2026-04-09 17:03:58,214 - INFO - KL loss: 11.113136291503906
2026-04-09 17:03:58,214 - INFO - Total loss: 14.732640266418457
2026-04-09 17:03:58,254 - INFO - Reconstruction loss: 8.426301956176758
2026-04-09 17:03:58,255 - INFO - Encoder coeffs loss: 0.3059440851211548
2026-04-09 17:03:58,255 - INFO - Decoder coeffs loss: 0.36612218618392944
2026-04-09 17:03:58,255 - INFO - Prev coeffs loss: 0.18025732040405273
2026-04-09 17:03:58,255 - INFO - Encoder smooth loss: 0.2172991931438446
2026-04-09 17:03:58,256 - INFO - Decoder smooth loss: 0.22272734344005585
2026-04-09 17:03:58,256 - INFO - Prev smooth loss: 0.13234710693359375
2026-04-09 17:03:58,256 - INFO - KL loss: 11.194232940673828
2026-04-09 17:03:58,256 - INFO - Total loss: 14.735766410827637
2026-04-09 17:03:58,301 - INFO - Reconstruction loss: 8.112817764282227
2026-04-09 17:03:58,301 - INFO - Encoder coeffs loss: 0.3016349673271179
2026-04-09 17:03:58,301 - INFO - Decoder coeffs loss: 0.36092713475227356
2026-04-09 17:03:58,303 - INFO - Prev coeffs loss: 0.1789253205060959
2026-04-09 17:03:58,303 - INFO - Encoder smooth loss: 0.21358159184455872
2026-04-09 17:03:58,303 - INFO - Decoder smooth loss: 0.21972393989562988
2026-04-09 17:03:58,303 - INFO - Prev smooth loss: 0.131377711892128
2026-04-09 17:03:58,303 - INFO - KL loss: 10.234817504882812
2026-04-09 17:03:58,304 - INFO - Total loss: 13.933311462402344
2026-04-09 17:03:58,347 - INFO - Reconstruction loss: 8.930024147033691
2026-04-09 17:03:58,347 - INFO - Encoder coeffs loss: 0.3076964020729065
2026-04-09 17:03:58,347 - INFO - Decoder coeffs loss: 0.36883795261383057
2026-04-09 17:03:58,348 - INFO - Prev coeffs loss: 0.1801149696111679
2026-04-09 17:03:58,348 - INFO - Encoder smooth loss: 0.21816065907478333
2026-04-09 17:03:58,348 - INFO - Decoder smooth loss: 0.2237645983695984
2026-04-09 17:03:58,348 - INFO - Prev smooth loss: 0.1326308250427246
2026-04-09 17:03:58,348 - INFO - KL loss: 11.48891830444336
2026-04-09 17:03:58,349 - INFO - Total loss: 15.39008617401123
2026-04-09 17:03:58,394 - INFO - Reconstruction loss: 8.475196838378906
2026-04-09 17:03:58,394 - INFO - Encoder coeffs loss: 0.3047434389591217
2026-04-09 17:03:58,395 - INFO - Decoder coeffs loss: 0.3658452033996582
2026-04-09 17:03:58,395 - INFO - Prev coeffs loss: 0.17823904752731323
2026-04-09 17:03:58,395 - INFO - Encoder smooth loss: 0.2158236801624298
2026-04-09 17:03:58,395 - INFO - Decoder smooth loss: 0.22129841148853302
2026-04-09 17:03:58,396 - INFO - Prev smooth loss: 0.13069304823875427
2026-04-09 17:03:58,396 - INFO - KL loss: 11.443496704101562
2026-04-09 17:03:58,396 - INFO - Total loss: 14.905266761779785
2026-04-09 17:03:58,438 - INFO - Reconstruction loss: 8.726910591125488
2026-04-09 17:03:58,439 - INFO - Encoder coeffs loss: 0.30602625012397766
2026-04-09 17:03:58,439 - INFO - Decoder coeffs loss: 0.3683476150035858
2026-04-09 17:03:58,439 - INFO - Prev coeffs loss: 0.1792510449886322
2026-04-09 17:03:58,440 - INFO - Encoder smooth loss: 0.21709784865379333
2026-04-09 17:03:58,440 - INFO - Decoder smooth loss: 0.22231334447860718
2026-04-09 17:03:58,440 - INFO - Prev smooth loss: 0.13206641376018524
2026-04-09 17:03:58,440 - INFO - KL loss: 11.881237030029297
2026-04-09 17:03:58,440 - INFO - Total loss: 15.380080223083496
2026-04-09 17:03:58,485 - INFO - Reconstruction loss: 7.773989677429199
2026-04-09 17:03:58,486 - INFO - Encoder coeffs loss: 0.29980170726776123
2026-04-09 17:03:58,486 - INFO - Decoder coeffs loss: 0.3613359332084656
2026-04-09 17:03:58,486 - INFO - Prev coeffs loss: 0.17834609746932983
2026-04-09 17:03:58,487 - INFO - Encoder smooth loss: 0.21214814484119415
2026-04-09 17:03:58,487 - INFO - Decoder smooth loss: 0.21812915802001953
2026-04-09 17:03:58,487 - INFO - Prev smooth loss: 0.13079801201820374
2026-04-09 17:03:58,487 - INFO - KL loss: 9.95169448852539
2026-04-09 17:03:58,487 - INFO - Total loss: 13.450116157531738
2026-04-09 17:03:58,512 - INFO - Epoch 53/5000
2026-04-09 17:03:58,512 - INFO - Epoch training loss: 117.87255859375
2026-04-09 17:03:58,512 - INFO - -------------------
2026-04-09 17:03:58,527 - INFO - Reconstruction loss: 9.674508094787598
2026-04-09 17:03:58,528 - INFO - Encoder coeffs loss: 0.30713948607444763
2026-04-09 17:03:58,528 - INFO - Decoder coeffs loss: 0.3715607523918152
2026-04-09 17:03:58,528 - INFO - Prev coeffs loss: 0.17948073148727417
2026-04-09 17:03:58,528 - INFO - Encoder smooth loss: 0.21788546442985535
2026-04-09 17:03:58,528 - INFO - Decoder smooth loss: 0.2243964672088623
2026-04-09 17:03:58,529 - INFO - Prev smooth loss: 0.1323106288909912
2026-04-09 17:03:58,529 - INFO - KL loss: 13.134662628173828
2026-04-09 17:03:58,529 - INFO - Total loss: 16.95822525024414
2026-04-09 17:03:58,544 - INFO - Reconstruction loss: 8.435871124267578
2026-04-09 17:03:58,545 - INFO - Encoder coeffs loss: 0.30339664220809937
2026-04-09 17:03:58,545 - INFO - Decoder coeffs loss: 0.36561715602874756
2026-04-09 17:03:58,546 - INFO - Prev coeffs loss: 0.17932811379432678
2026-04-09 17:03:58,546 - INFO - Encoder smooth loss: 0.21498967707157135
2026-04-09 17:03:58,546 - INFO - Decoder smooth loss: 0.22004123032093048
2026-04-09 17:03:58,546 - INFO - Prev smooth loss: 0.1320403814315796
2026-04-09 17:03:58,546 - INFO - KL loss: 10.782844543457031
2026-04-09 17:03:58,547 - INFO - Total loss: 14.53499984741211
2026-04-09 17:03:58,547 - INFO - Epoch val loss: 31.49322509765625
2026-04-09 17:03:58,547 - INFO - -------------------
2026-04-09 17:03:58,547 - INFO - Saving model at epoch 53
2026-04-09 17:03:58,547 - INFO - Saving model name: AERCA_nonlinear_ws_5_stride_1_lr_0.0001_epochs_5000_hidden_layer_size_50_num_hidden_layers_8.pt
2026-04-09 17:03:58,618 - INFO - Reconstruction loss: 8.78148365020752
2026-04-09 17:03:58,619 - INFO - Encoder coeffs loss: 0.30517393350601196
2026-04-09 17:03:58,619 - INFO - Decoder coeffs loss: 0.36807364225387573
2026-04-09 17:03:58,619 - INFO - Prev coeffs loss: 0.17873716354370117
2026-04-09 17:03:58,620 - INFO - Encoder smooth loss: 0.21641695499420166
2026-04-09 17:03:58,620 - INFO - Decoder smooth loss: 0.22151172161102295
2026-04-09 17:03:58,620 - INFO - Prev smooth loss: 0.13133879005908966
2026-04-09 17:03:58,620 - INFO - KL loss: 11.544784545898438
2026-04-09 17:03:58,620 - INFO - Total loss: 15.264501571655273
2026-04-09 17:03:58,667 - INFO - Reconstruction loss: 8.431025505065918
2026-04-09 17:03:58,668 - INFO - Encoder coeffs loss: 0.30287718772888184
2026-04-09 17:03:58,668 - INFO - Decoder coeffs loss: 0.36443811655044556
2026-04-09 17:03:58,669 - INFO - Prev coeffs loss: 0.17854949831962585
2026-04-09 17:03:58,669 - INFO - Encoder smooth loss: 0.2141566127538681
2026-04-09 17:03:58,670 - INFO - Decoder smooth loss: 0.2187683880329132
2026-04-09 17:03:58,670 - INFO - Prev smooth loss: 0.13087822496891022
2026-04-09 17:03:58,670 - INFO - KL loss: 11.031665802001953
2026-04-09 17:03:58,671 - INFO - Total loss: 14.651693344116211
2026-04-09 17:03:58,731 - INFO - Reconstruction loss: 8.38329029083252
2026-04-09 17:03:58,733 - INFO - Encoder coeffs loss: 0.3058784604072571
2026-04-09 17:03:58,733 - INFO - Decoder coeffs loss: 0.3654385209083557
2026-04-09 17:03:58,733 - INFO - Prev coeffs loss: 0.17938849329948425
2026-04-09 17:03:58,734 - INFO - Encoder smooth loss: 0.21654382348060608
2026-04-09 17:03:58,734 - INFO - Decoder smooth loss: 0.21995066106319427
2026-04-09 17:03:58,734 - INFO - Prev smooth loss: 0.13128460943698883
2026-04-09 17:03:58,734 - INFO - KL loss: 11.114398956298828
2026-04-09 17:03:58,735 - INFO - Total loss: 14.649730682373047
2026-04-09 17:03:58,804 - INFO - Reconstruction loss: 8.081962585449219
2026-04-09 17:03:58,804 - INFO - Encoder coeffs loss: 0.3016364574432373
2026-04-09 17:03:58,805 - INFO - Decoder coeffs loss: 0.36028623580932617
2026-04-09 17:03:58,805 - INFO - Prev coeffs loss: 0.17816822230815887
2026-04-09 17:03:58,805 - INFO - Encoder smooth loss: 0.21286125481128693
2026-04-09 17:03:58,806 - INFO - Decoder smooth loss: 0.21699383854866028
2026-04-09 17:03:58,806 - INFO - Prev smooth loss: 0.1304163634777069
2026-04-09 17:03:58,807 - INFO - KL loss: 10.164392471313477
2026-04-09 17:03:58,807 - INFO - Total loss: 13.864339828491211
2026-04-09 17:03:58,878 - INFO - Reconstruction loss: 8.881937026977539
2026-04-09 17:03:58,879 - INFO - Encoder coeffs loss: 0.30764275789260864
2026-04-09 17:03:58,879 - INFO - Decoder coeffs loss: 0.36816033720970154
2026-04-09 17:03:58,880 - INFO - Prev coeffs loss: 0.17932352423667908
2026-04-09 17:03:58,880 - INFO - Encoder smooth loss: 0.2174263745546341
2026-04-09 17:03:58,880 - INFO - Decoder smooth loss: 0.22099089622497559
2026-04-09 17:03:58,881 - INFO - Prev smooth loss: 0.1316426694393158
2026-04-09 17:03:58,881 - INFO - KL loss: 11.403091430664062
2026-04-09 17:03:58,881 - INFO - Total loss: 15.296075820922852
2026-04-09 17:03:58,949 - INFO - Reconstruction loss: 8.44067096710205
2026-04-09 17:03:58,951 - INFO - Encoder coeffs loss: 0.3046688437461853
2026-04-09 17:03:58,951 - INFO - Decoder coeffs loss: 0.3651423454284668
2026-04-09 17:03:58,952 - INFO - Prev coeffs loss: 0.17740121483802795
2026-04-09 17:03:58,952 - INFO - Encoder smooth loss: 0.21507874131202698
2026-04-09 17:03:58,953 - INFO - Decoder smooth loss: 0.21853478252887726
2026-04-09 17:03:58,953 - INFO - Prev smooth loss: 0.12966616451740265
2026-04-09 17:03:58,953 - INFO - KL loss: 11.371709823608398
2026-04-09 17:03:58,953 - INFO - Total loss: 14.831771850585938
2026-04-09 17:03:59,011 - INFO - Reconstruction loss: 8.689401626586914
2026-04-09 17:03:59,012 - INFO - Encoder coeffs loss: 0.3059578537940979
2026-04-09 17:03:59,012 - INFO - Decoder coeffs loss: 0.3676815330982208
2026-04-09 17:03:59,012 - INFO - Prev coeffs loss: 0.178475022315979
2026-04-09 17:03:59,013 - INFO - Encoder smooth loss: 0.21637952327728271
2026-04-09 17:03:59,013 - INFO - Decoder smooth loss: 0.21954597532749176
2026-04-09 17:03:59,013 - INFO - Prev smooth loss: 0.13109105825424194
2026-04-09 17:03:59,013 - INFO - KL loss: 11.79560661315918
2026-04-09 17:03:59,013 - INFO - Total loss: 15.296770095825195
2026-04-09 17:03:59,078 - INFO - Reconstruction loss: 7.7372355461120605
2026-04-09 17:03:59,078 - INFO - Encoder coeffs loss: 0.2998160123825073
2026-04-09 17:03:59,078 - INFO - Decoder coeffs loss: 0.3607964813709259
2026-04-09 17:03:59,079 - INFO - Prev coeffs loss: 0.17763753235340118
2026-04-09 17:03:59,079 - INFO - Encoder smooth loss: 0.21146774291992188
2026-04-09 17:03:59,079 - INFO - Decoder smooth loss: 0.21551881730556488
2026-04-09 17:03:59,079 - INFO - Prev smooth loss: 0.12986122071743011
2026-04-09 17:03:59,080 - INFO - KL loss: 9.873029708862305
2026-04-09 17:03:59,080 - INFO - Total loss: 13.371299743652344
2026-04-09 17:03:59,116 - INFO - Epoch 54/5000
2026-04-09 17:03:59,116 - INFO - Epoch training loss: 117.22618293762207
2026-04-09 17:03:59,117 - INFO - -------------------
2026-04-09 17:03:59,134 - INFO - Reconstruction loss: 9.638387680053711
2026-04-09 17:03:59,135 - INFO - Encoder coeffs loss: 0.3070560693740845
2026-04-09 17:03:59,135 - INFO - Decoder coeffs loss: 0.3709447383880615
2026-04-09 17:03:59,136 - INFO - Prev coeffs loss: 0.17877942323684692
2026-04-09 17:03:59,136 - INFO - Encoder smooth loss: 0.21719448268413544
2026-04-09 17:03:59,136 - INFO - Decoder smooth loss: 0.22168663144111633
2026-04-09 17:03:59,136 - INFO - Prev smooth loss: 0.13138648867607117
2026-04-09 17:03:59,138 - INFO - KL loss: 13.061675071716309
2026-04-09 17:03:59,138 - INFO - Total loss: 16.882749557495117
2026-04-09 17:03:59,166 - INFO - Reconstruction loss: 8.403117179870605
2026-04-09 17:03:59,166 - INFO - Encoder coeffs loss: 0.30339401960372925
2026-04-09 17:03:59,166 - INFO - Decoder coeffs loss: 0.3650658130645752
2026-04-09 17:03:59,167 - INFO - Prev coeffs loss: 0.1786438524723053
2026-04-09 17:03:59,167 - INFO - Encoder smooth loss: 0.21432223916053772
2026-04-09 17:03:59,167 - INFO - Decoder smooth loss: 0.21737991273403168
2026-04-09 17:03:59,168 - INFO - Prev smooth loss: 0.13112550973892212
2026-04-09 17:03:59,168 - INFO - KL loss: 10.716078758239746
2026-04-09 17:03:59,168 - INFO - Total loss: 14.466121673583984
2026-04-09 17:03:59,168 - INFO - Epoch val loss: 31.3488712310791
2026-04-09 17:03:59,168 - INFO - -------------------
2026-04-09 17:03:59,168 - INFO - Saving model at epoch 54
2026-04-09 17:03:59,168 - INFO - Saving model name: AERCA_nonlinear_ws_5_stride_1_lr_0.0001_epochs_5000_hidden_layer_size_50_num_hidden_layers_8.pt
2026-04-09 17:03:59,266 - INFO - Reconstruction loss: 8.74562931060791
2026-04-09 17:03:59,267 - INFO - Encoder coeffs loss: 0.3051096498966217
2026-04-09 17:03:59,267 - INFO - Decoder coeffs loss: 0.3674873113632202
2026-04-09 17:03:59,268 - INFO - Prev coeffs loss: 0.17803499102592468
2026-04-09 17:03:59,268 - INFO - Encoder smooth loss: 0.21572430431842804
2026-04-09 17:03:59,269 - INFO - Decoder smooth loss: 0.2188110053539276
2026-04-09 17:03:59,269 - INFO - Prev smooth loss: 0.13039839267730713
2026-04-09 17:03:59,269 - INFO - KL loss: 11.465741157531738
2026-04-09 17:03:59,270 - INFO - Total loss: 15.186283111572266
2026-04-09 17:03:59,346 - INFO - Reconstruction loss: 8.39600944519043
2026-04-09 17:03:59,347 - INFO - Encoder coeffs loss: 0.3028641939163208
2026-04-09 17:03:59,347 - INFO - Decoder coeffs loss: 0.3638553023338318
2026-04-09 17:03:59,348 - INFO - Prev coeffs loss: 0.177873894572258
2026-04-09 17:03:59,348 - INFO - Encoder smooth loss: 0.21347567439079285
2026-04-09 17:03:59,349 - INFO - Decoder smooth loss: 0.2160898894071579
2026-04-09 17:03:59,350 - INFO - Prev smooth loss: 0.1299668252468109
2026-04-09 17:03:59,350 - INFO - KL loss: 10.953731536865234
2026-04-09 17:03:59,350 - INFO - Total loss: 14.57493782043457
2026-04-09 17:03:59,418 - INFO - Reconstruction loss: 8.34167194366455
2026-04-09 17:03:59,419 - INFO - Encoder coeffs loss: 0.305843323469162
2026-04-09 17:03:59,419 - INFO - Decoder coeffs loss: 0.3648180365562439
2026-04-09 17:03:59,420 - INFO - Prev coeffs loss: 0.17868566513061523
2026-04-09 17:03:59,420 - INFO - Encoder smooth loss: 0.2158597856760025
2026-04-09 17:03:59,420 - INFO - Decoder smooth loss: 0.21726346015930176
2026-04-09 17:03:59,421 - INFO - Prev smooth loss: 0.1303536742925644
2026-04-09 17:03:59,421 - INFO - KL loss: 11.035627365112305
2026-04-09 17:03:59,421 - INFO - Total loss: 14.565897941589355
2026-04-09 17:03:59,489 - INFO - Reconstruction loss: 8.050894737243652
2026-04-09 17:03:59,489 - INFO - Encoder coeffs loss: 0.30169254541397095
2026-04-09 17:03:59,490 - INFO - Decoder coeffs loss: 0.3597376048564911
2026-04-09 17:03:59,490 - INFO - Prev coeffs loss: 0.17753815650939941
2026-04-09 17:03:59,491 - INFO - Encoder smooth loss: 0.2122189849615097
2026-04-09 17:03:59,491 - INFO - Decoder smooth loss: 0.21436195075511932
2026-04-09 17:03:59,491 - INFO - Prev smooth loss: 0.1295594573020935
2026-04-09 17:03:59,491 - INFO - KL loss: 10.096366882324219
2026-04-09 17:03:59,492 - INFO - Total loss: 13.796632766723633
2026-04-09 17:03:59,559 - INFO - Reconstruction loss: 8.834609985351562
2026-04-09 17:03:59,560 - INFO - Encoder coeffs loss: 0.3076801598072052
2026-04-09 17:03:59,560 - INFO - Decoder coeffs loss: 0.36754801869392395
2026-04-09 17:03:59,560 - INFO - Prev coeffs loss: 0.17864254117012024
2026-04-09 17:03:59,561 - INFO - Encoder smooth loss: 0.21678727865219116
2026-04-09 17:03:59,561 - INFO - Decoder smooth loss: 0.21829327940940857
2026-04-09 17:03:59,562 - INFO - Prev smooth loss: 0.1307538002729416
2026-04-09 17:03:59,562 - INFO - KL loss: 11.316488265991211
2026-04-09 17:03:59,562 - INFO - Total loss: 15.202706336975098
2026-04-09 17:03:59,692 - INFO - Reconstruction loss: 8.407891273498535
2026-04-09 17:03:59,693 - INFO - Encoder coeffs loss: 0.30471765995025635
2026-04-09 17:03:59,694 - INFO - Decoder coeffs loss: 0.3645128607749939
2026-04-09 17:03:59,695 - INFO - Prev coeffs loss: 0.17665767669677734
2026-04-09 17:03:59,696 - INFO - Encoder smooth loss: 0.21444442868232727
2026-04-09 17:03:59,696 - INFO - Decoder smooth loss: 0.2158510684967041
2026-04-09 17:03:59,697 - INFO - Prev smooth loss: 0.1287245899438858
2026-04-09 17:03:59,697 - INFO - KL loss: 11.301529884338379
2026-04-09 17:03:59,698 - INFO - Total loss: 14.761110305786133
2026-04-09 17:04:00,069 - INFO - Reconstruction loss: 8.653560638427734
2026-04-09 17:04:00,071 - INFO - Encoder coeffs loss: 0.30602890253067017
2026-04-09 17:04:00,072 - INFO - Decoder coeffs loss: 0.36708441376686096
2026-04-09 17:04:00,072 - INFO - Prev coeffs loss: 0.17778412997722626
2026-04-09 17:04:00,073 - INFO - Encoder smooth loss: 0.2157735973596573
2026-04-09 17:04:00,074 - INFO - Decoder smooth loss: 0.21685311198234558
2026-04-09 17:04:00,074 - INFO - Prev smooth loss: 0.13019846379756927
2026-04-09 17:04:00,074 - INFO - KL loss: 11.71319580078125
2026-04-09 17:04:00,075 - INFO - Total loss: 15.217020034790039
2026-04-09 17:04:00,213 - INFO - Reconstruction loss: 7.700750827789307
2026-04-09 17:04:00,214 - INFO - Encoder coeffs loss: 0.29996293783187866
2026-04-09 17:04:00,214 - INFO - Decoder coeffs loss: 0.3603404760360718
2026-04-09 17:04:00,214 - INFO - Prev coeffs loss: 0.17699629068374634
2026-04-09 17:04:00,216 - INFO - Encoder smooth loss: 0.21088849008083344
2026-04-09 17:04:00,216 - INFO - Decoder smooth loss: 0.21299991011619568
2026-04-09 17:04:00,217 - INFO - Prev smooth loss: 0.12899364531040192
2026-04-09 17:04:00,217 - INFO - KL loss: 9.797059059143066
2026-04-09 17:04:00,217 - INFO - Total loss: 13.294370651245117
2026-04-09 17:04:00,269 - INFO - Epoch 55/5000
2026-04-09 17:04:00,269 - INFO - Epoch training loss: 116.59895896911621
2026-04-09 17:04:00,269 - INFO - -------------------
2026-04-09 17:04:00,294 - INFO - Reconstruction loss: 9.60322380065918
2026-04-09 17:04:00,294 - INFO - Encoder coeffs loss: 0.3070986270904541
2026-04-09 17:04:00,295 - INFO - Decoder coeffs loss: 0.3703739643096924
2026-04-09 17:04:00,295 - INFO - Prev coeffs loss: 0.17814402282238007
2026-04-09 17:04:00,296 - INFO - Encoder smooth loss: 0.2165992558002472
2026-04-09 17:04:00,296 - INFO - Decoder smooth loss: 0.21905517578125
2026-04-09 17:04:00,296 - INFO - Prev smooth loss: 0.13054145872592926
2026-04-09 17:04:00,296 - INFO - KL loss: 12.990100860595703
2026-04-09 17:04:00,298 - INFO - Total loss: 16.809179306030273
2026-04-09 17:04:00,323 - INFO - Reconstruction loss: 8.37158489227295
2026-04-09 17:04:00,323 - INFO - Encoder coeffs loss: 0.30351555347442627
2026-04-09 17:04:00,324 - INFO - Decoder coeffs loss: 0.36459264159202576
2026-04-09 17:04:00,324 - INFO - Prev coeffs loss: 0.17802110314369202
2026-04-09 17:04:00,324 - INFO - Encoder smooth loss: 0.21374565362930298
2026-04-09 17:04:00,325 - INFO - Decoder smooth loss: 0.21481147408485413
2026-04-09 17:04:00,325 - INFO - Prev smooth loss: 0.13027632236480713
2026-04-09 17:04:00,325 - INFO - KL loss: 10.653468132019043
2026-04-09 17:04:00,326 - INFO - Total loss: 14.400800704956055
2026-04-09 17:04:00,326 - INFO - Epoch val loss: 31.209980010986328
2026-04-09 17:04:00,326 - INFO - -------------------
2026-04-09 17:04:00,326 - INFO - Saving model at epoch 55
2026-04-09 17:04:00,326 - INFO - Saving model name: AERCA_nonlinear_ws_5_stride_1_lr_0.0001_epochs_5000_hidden_layer_size_50_num_hidden_layers_8.pt
2026-04-09 17:04:00,434 - INFO - Reconstruction loss: 8.710798263549805
2026-04-09 17:04:00,434 - INFO - Encoder coeffs loss: 0.30517762899398804
2026-04-09 17:04:00,434 - INFO - Decoder coeffs loss: 0.3669682741165161
2026-04-09 17:04:00,435 - INFO - Prev coeffs loss: 0.17740055918693542
2026-04-09 17:04:00,435 - INFO - Encoder smooth loss: 0.21512852609157562
2026-04-09 17:04:00,436 - INFO - Decoder smooth loss: 0.21620124578475952
2026-04-09 17:04:00,436 - INFO - Prev smooth loss: 0.12953338027000427
2026-04-09 17:04:00,436 - INFO - KL loss: 11.389155387878418
2026-04-09 17:04:00,437 - INFO - Total loss: 15.110580444335938
2026-04-09 17:04:00,498 - INFO - Reconstruction loss: 8.361333847045898
2026-04-09 17:04:00,498 - INFO - Encoder coeffs loss: 0.302948534488678
2026-04-09 17:04:00,499 - INFO - Decoder coeffs loss: 0.3633389174938202
2026-04-09 17:04:00,499 - INFO - Prev coeffs loss: 0.1772487759590149
2026-04-09 17:04:00,499 - INFO - Encoder smooth loss: 0.212867870926857
2026-04-09 17:04:00,500 - INFO - Decoder smooth loss: 0.21350930631160736
2026-04-09 17:04:00,500 - INFO - Prev smooth loss: 0.12911872565746307
2026-04-09 17:04:00,500 - INFO - KL loss: 10.879249572753906
2026-04-09 17:04:00,500 - INFO - Total loss: 14.50047492980957
2026-04-09 17:04:00,572 - INFO - Reconstruction loss: 8.30105972290039
2026-04-09 17:04:00,572 - INFO - Encoder coeffs loss: 0.3058893084526062
2026-04-09 17:04:00,573 - INFO - Decoder coeffs loss: 0.3642442524433136
2026-04-09 17:04:00,573 - INFO - Prev coeffs loss: 0.1780300736427307
2026-04-09 17:04:00,574 - INFO - Encoder smooth loss: 0.21523861587047577
2026-04-09 17:04:00,574 - INFO - Decoder smooth loss: 0.2146708071231842
2026-04-09 17:04:00,574 - INFO - Prev smooth loss: 0.12949354946613312
2026-04-09 17:04:00,575 - INFO - KL loss: 10.960163116455078
2026-04-09 17:04:00,575 - INFO - Total loss: 14.48492431640625
2026-04-09 17:04:00,648 - INFO - Reconstruction loss: 8.020670890808105
2026-04-09 17:04:00,648 - INFO - Encoder coeffs loss: 0.30178290605545044
2026-04-09 17:04:00,648 - INFO - Decoder coeffs loss: 0.3592183589935303
2026-04-09 17:04:00,649 - INFO - Prev coeffs loss: 0.17694231867790222
2026-04-09 17:04:00,649 - INFO - Encoder smooth loss: 0.21161140501499176
2026-04-09 17:04:00,649 - INFO - Decoder smooth loss: 0.21183036267757416
2026-04-09 17:04:00,650 - INFO - Prev smooth loss: 0.12875832617282867
2026-04-09 17:04:00,650 - INFO - KL loss: 10.028767585754395
2026-04-09 17:04:00,650 - INFO - Total loss: 13.730127334594727
2026-04-09 17:04:00,726 - INFO - Reconstruction loss: 8.788073539733887
2026-04-09 17:04:00,727 - INFO - Encoder coeffs loss: 0.3077086806297302
2026-04-09 17:04:00,727 - INFO - Decoder coeffs loss: 0.36695194244384766
2026-04-09 17:04:00,727 - INFO - Prev coeffs loss: 0.17802146077156067
2026-04-09 17:04:00,728 - INFO - Encoder smooth loss: 0.2161565124988556
2026-04-09 17:04:00,728 - INFO - Decoder smooth loss: 0.21569913625717163
2026-04-09 17:04:00,728 - INFO - Prev smooth loss: 0.12994833290576935
2026-04-09 17:04:00,728 - INFO - KL loss: 11.228167533874512
2026-04-09 17:04:00,729 - INFO - Total loss: 15.109399795532227
2026-04-09 17:04:00,800 - INFO - Reconstruction loss: 8.375592231750488
2026-04-09 17:04:00,801 - INFO - Encoder coeffs loss: 0.3047271966934204
2026-04-09 17:04:00,801 - INFO - Decoder coeffs loss: 0.363947331905365
2026-04-09 17:04:00,801 - INFO - Prev coeffs loss: 0.17597392201423645
2026-04-09 17:04:00,803 - INFO - Encoder smooth loss: 0.21380895376205444
2026-04-09 17:04:00,804 - INFO - Decoder smooth loss: 0.21329942345619202
2026-04-09 17:04:00,804 - INFO - Prev smooth loss: 0.12786857783794403
2026-04-09 17:04:00,804 - INFO - KL loss: 11.233927726745605
2026-04-09 17:04:00,805 - INFO - Total loss: 14.692367553710938
2026-04-09 17:04:00,873 - INFO - Reconstruction loss: 8.618167877197266
2026-04-09 17:04:00,874 - INFO - Encoder coeffs loss: 0.3060353994369507
2026-04-09 17:04:00,874 - INFO - Decoder coeffs loss: 0.3665581941604614
2026-04-09 17:04:00,874 - INFO - Prev coeffs loss: 0.17714911699295044
2026-04-09 17:04:00,874 - INFO - Encoder smooth loss: 0.21515507996082306
2026-04-09 17:04:00,875 - INFO - Decoder smooth loss: 0.21430537104606628
2026-04-09 17:04:00,875 - INFO - Prev smooth loss: 0.1293896585702896
2026-04-09 17:04:00,875 - INFO - KL loss: 11.631292343139648
2026-04-09 17:04:00,875 - INFO - Total loss: 15.138110160827637
2026-04-09 17:04:00,947 - INFO - Reconstruction loss: 7.664867877960205
2026-04-09 17:04:00,948 - INFO - Encoder coeffs loss: 0.3000401258468628
2026-04-09 17:04:00,948 - INFO - Decoder coeffs loss: 0.35996219515800476
2026-04-09 17:04:00,948 - INFO - Prev coeffs loss: 0.17638297379016876
2026-04-09 17:04:00,949 - INFO - Encoder smooth loss: 0.21029596030712128
2026-04-09 17:04:00,949 - INFO - Decoder smooth loss: 0.21063728630542755
2026-04-09 17:04:00,949 - INFO - Prev smooth loss: 0.12818393111228943
2026-04-09 17:04:00,949 - INFO - KL loss: 9.723064422607422
2026-04-09 17:04:00,950 - INFO - Total loss: 13.219151496887207
2026-04-09 17:04:00,995 - INFO - Epoch 56/5000
2026-04-09 17:04:00,995 - INFO - Epoch training loss: 115.98513603210449
2026-04-09 17:04:00,995 - INFO - -------------------
2026-04-09 17:04:01,020 - INFO - Reconstruction loss: 9.569486618041992
2026-04-09 17:04:01,020 - INFO - Encoder coeffs loss: 0.3070681691169739
2026-04-09 17:04:01,020 - INFO - Decoder coeffs loss: 0.36988183856010437
2026-04-09 17:04:01,022 - INFO - Prev coeffs loss: 0.1775284707546234
2026-04-09 17:04:01,022 - INFO - Encoder smooth loss: 0.21599161624908447
2026-04-09 17:04:01,022 - INFO - Decoder smooth loss: 0.2165876179933548
2026-04-09 17:04:01,022 - INFO - Prev smooth loss: 0.1297534555196762
2026-04-09 17:04:01,022 - INFO - KL loss: 12.91958236694336
2026-04-09 17:04:01,023 - INFO - Total loss: 16.737682342529297
2026-04-09 17:04:01,049 - INFO - Reconstruction loss: 8.340255737304688
2026-04-09 17:04:01,049 - INFO - Encoder coeffs loss: 0.3035653233528137
2026-04-09 17:04:01,050 - INFO - Decoder coeffs loss: 0.36421439051628113
2026-04-09 17:04:01,050 - INFO - Prev coeffs loss: 0.17741097509860992
2026-04-09 17:04:01,050 - INFO - Encoder smooth loss: 0.21315717697143555
2026-04-09 17:04:01,051 - INFO - Decoder smooth loss: 0.2124159336090088
2026-04-09 17:04:01,051 - INFO - Prev smooth loss: 0.12946954369544983
2026-04-09 17:04:01,051 - INFO - KL loss: 10.594512939453125
2026-04-09 17:04:01,051 - INFO - Total loss: 14.337629318237305
2026-04-09 17:04:01,053 - INFO - Epoch val loss: 31.0753116607666
2026-04-09 17:04:01,053 - INFO - -------------------
2026-04-09 17:04:01,053 - INFO - Saving model at epoch 56
2026-04-09 17:04:01,053 - INFO - Saving model name: AERCA_nonlinear_ws_5_stride_1_lr_0.0001_epochs_5000_hidden_layer_size_50_num_hidden_layers_8.pt
2026-04-09 17:04:01,147 - INFO - Reconstruction loss: 8.676413536071777
2026-04-09 17:04:01,147 - INFO - Encoder coeffs loss: 0.305165559053421
2026-04-09 17:04:01,148 - INFO - Decoder coeffs loss: 0.36652109026908875
2026-04-09 17:04:01,148 - INFO - Prev coeffs loss: 0.17678076028823853
2026-04-09 17:04:01,148 - INFO - Encoder smooth loss: 0.2145148515701294
2026-04-09 17:04:01,148 - INFO - Decoder smooth loss: 0.21375098824501038
2026-04-09 17:04:01,149 - INFO - Prev smooth loss: 0.1287211775779724
2026-04-09 17:04:01,149 - INFO - KL loss: 11.310781478881836
2026-04-09 17:04:01,149 - INFO - Total loss: 15.03453254699707
2026-04-09 17:04:01,219 - INFO - Reconstruction loss: 8.327168464660645
2026-04-09 17:04:01,220 - INFO - Encoder coeffs loss: 0.3029644191265106
2026-04-09 17:04:01,220 - INFO - Decoder coeffs loss: 0.36289918422698975
2026-04-09 17:04:01,220 - INFO - Prev coeffs loss: 0.17662453651428223
2026-04-09 17:04:01,221 - INFO - Encoder smooth loss: 0.21225012838840485
2026-04-09 17:04:01,221 - INFO - Decoder smooth loss: 0.2110956907272339
2026-04-09 17:04:01,221 - INFO - Prev smooth loss: 0.12830576300621033
2026-04-09 17:04:01,222 - INFO - KL loss: 10.804180145263672
2026-04-09 17:04:01,222 - INFO - Total loss: 14.426328659057617
2026-04-09 17:04:01,289 - INFO - Reconstruction loss: 8.261844635009766
2026-04-09 17:04:01,289 - INFO - Encoder coeffs loss: 0.30587461590766907
2026-04-09 17:04:01,290 - INFO - Decoder coeffs loss: 0.36377498507499695
2026-04-09 17:04:01,290 - INFO - Prev coeffs loss: 0.17736183106899261
2026-04-09 17:04:01,290 - INFO - Encoder smooth loss: 0.2146144062280655
2026-04-09 17:04:01,291 - INFO - Decoder smooth loss: 0.21226073801517487
2026-04-09 17:04:01,291 - INFO - Prev smooth loss: 0.12865851819515228
2026-04-09 17:04:01,291 - INFO - KL loss: 10.887496948242188
2026-04-09 17:04:01,292 - INFO - Total loss: 14.406866073608398
2026-04-09 17:04:01,363 - INFO - Reconstruction loss: 7.991193771362305
2026-04-09 17:04:01,364 - INFO - Encoder coeffs loss: 0.30184322595596313
2026-04-09 17:04:01,364 - INFO - Decoder coeffs loss: 0.3587823510169983
2026-04-09 17:04:01,364 - INFO - Prev coeffs loss: 0.17632147669792175
2026-04-09 17:04:01,365 - INFO - Encoder smooth loss: 0.21102012693881989
2026-04-09 17:04:01,365 - INFO - Decoder smooth loss: 0.20945924520492554
2026-04-09 17:04:01,365 - INFO - Prev smooth loss: 0.12797598540782928
2026-04-09 17:04:01,366 - INFO - KL loss: 9.9589204788208
2026-04-09 17:04:01,366 - INFO - Total loss: 13.663354873657227
2026-04-09 17:04:01,423 - INFO - Reconstruction loss: 8.742006301879883
2026-04-09 17:04:01,424 - INFO - Encoder coeffs loss: 0.3077372610569
2026-04-09 17:04:01,424 - INFO - Decoder coeffs loss: 0.36646440625190735
2026-04-09 17:04:01,425 - INFO - Prev coeffs loss: 0.1773684173822403
2026-04-09 17:04:01,425 - INFO - Encoder smooth loss: 0.2155567854642868
2026-04-09 17:04:01,425 - INFO - Decoder smooth loss: 0.21328559517860413
2026-04-09 17:04:01,426 - INFO - Prev smooth loss: 0.1291481852531433
2026-04-09 17:04:01,426 - INFO - KL loss: 11.142389297485352
2026-04-09 17:04:01,426 - INFO - Total loss: 15.01798152923584
2026-04-09 17:04:01,491 - INFO - Reconstruction loss: 8.343493461608887
2026-04-09 17:04:01,491 - INFO - Encoder coeffs loss: 0.3047648072242737
2026-04-09 17:04:01,491 - INFO - Decoder coeffs loss: 0.3635002076625824
2026-04-09 17:04:01,492 - INFO - Prev coeffs loss: 0.17524820566177368
2026-04-09 17:04:01,492 - INFO - Encoder smooth loss: 0.2132192701101303
2026-04-09 17:04:01,493 - INFO - Decoder smooth loss: 0.21092961728572845
2026-04-09 17:04:01,493 - INFO - Prev smooth loss: 0.1270100623369217
2026-04-09 17:04:01,493 - INFO - KL loss: 11.169764518737793
2026-04-09 17:04:01,493 - INFO - Total loss: 14.625711441040039
2026-04-09 17:04:01,558 - INFO - Reconstruction loss: 8.58468246459961
2026-04-09 17:04:01,558 - INFO - Encoder coeffs loss: 0.30611297488212585
2026-04-09 17:04:01,559 - INFO - Decoder coeffs loss: 0.3661513924598694
2026-04-09 17:04:01,559 - INFO - Prev coeffs loss: 0.17647075653076172
2026-04-09 17:04:01,559 - INFO - Encoder smooth loss: 0.21460497379302979
2026-04-09 17:04:01,560 - INFO - Decoder smooth loss: 0.21194788813591003
2026-04-09 17:04:01,560 - INFO - Prev smooth loss: 0.12857457995414734
2026-04-09 17:04:01,560 - INFO - KL loss: 11.551609992980957
2026-04-09 17:04:01,561 - INFO - Total loss: 15.062417984008789
2026-04-09 17:04:01,630 - INFO - Reconstruction loss: 7.629745960235596
2026-04-09 17:04:01,631 - INFO - Encoder coeffs loss: 0.30022892355918884
2026-04-09 17:04:01,631 - INFO - Decoder coeffs loss: 0.35970479249954224
2026-04-09 17:04:01,632 - INFO - Prev coeffs loss: 0.17573952674865723
2026-04-09 17:04:01,632 - INFO - Encoder smooth loss: 0.209792360663414
2026-04-09 17:04:01,632 - INFO - Decoder smooth loss: 0.20846135914325714
2026-04-09 17:04:01,633 - INFO - Prev smooth loss: 0.12737485766410828
2026-04-09 17:04:01,633 - INFO - KL loss: 9.652923583984375
2026-04-09 17:04:01,633 - INFO - Total loss: 13.146859169006348
2026-04-09 17:04:01,680 - INFO - Epoch 57/5000
2026-04-09 17:04:01,680 - INFO - Epoch training loss: 115.38405227661133
2026-04-09 17:04:01,680 - INFO - -------------------
2026-04-09 17:04:01,706 - INFO - Reconstruction loss: 9.538582801818848
2026-04-09 17:04:01,706 - INFO - Encoder coeffs loss: 0.30721786618232727
2026-04-09 17:04:01,706 - INFO - Decoder coeffs loss: 0.36950647830963135
2026-04-09 17:04:01,707 - INFO - Prev coeffs loss: 0.17688947916030884
2026-04-09 17:04:01,707 - INFO - Encoder smooth loss: 0.21550892293453217
2026-04-09 17:04:01,707 - INFO - Decoder smooth loss: 0.21430644392967224
2026-04-09 17:04:01,707 - INFO - Prev smooth loss: 0.12896715104579926
2026-04-09 17:04:01,707 - INFO - KL loss: 12.85086441040039
2026-04-09 17:04:01,708 - INFO - Total loss: 16.67021369934082
2026-04-09 17:04:01,734 - INFO - Reconstruction loss: 8.3085298538208
2026-04-09 17:04:01,735 - INFO - Encoder coeffs loss: 0.30378013849258423
2026-04-09 17:04:01,735 - INFO - Decoder coeffs loss: 0.3639506697654724
2026-04-09 17:04:01,735 - INFO - Prev coeffs loss: 0.17678143084049225
2026-04-09 17:04:01,735 - INFO - Encoder smooth loss: 0.21269220113754272
2026-04-09 17:04:01,736 - INFO - Decoder smooth loss: 0.21020705997943878
2026-04-09 17:04:01,736 - INFO - Prev smooth loss: 0.12866587936878204
2026-04-09 17:04:01,736 - INFO - KL loss: 10.537656784057617
2026-04-09 17:04:01,737 - INFO - Total loss: 14.275396347045898
2026-04-09 17:04:01,737 - INFO - Epoch val loss: 30.94561004638672
2026-04-09 17:04:01,737 - INFO - -------------------
2026-04-09 17:04:01,737 - INFO - Saving model at epoch 57
2026-04-09 17:04:01,737 - INFO - Saving model name: AERCA_nonlinear_ws_5_stride_1_lr_0.0001_epochs_5000_hidden_layer_size_50_num_hidden_layers_8.pt
2026-04-09 17:04:01,836 - INFO - Reconstruction loss: 8.642868995666504
2026-04-09 17:04:01,836 - INFO - Encoder coeffs loss: 0.30531826615333557
2026-04-09 17:04:01,837 - INFO - Decoder coeffs loss: 0.3661792278289795
2026-04-09 17:04:01,837 - INFO - Prev coeffs loss: 0.17613372206687927
2026-04-09 17:04:01,838 - INFO - Encoder smooth loss: 0.2140263468027115
2026-04-09 17:04:01,838 - INFO - Decoder smooth loss: 0.21148920059204102
2026-04-09 17:04:01,838 - INFO - Prev smooth loss: 0.12791042029857635
2026-04-09 17:04:01,838 - INFO - KL loss: 11.232232093811035
2026-04-09 17:04:01,839 - INFO - Total loss: 14.959512710571289
2026-04-09 17:04:01,911 - INFO - Reconstruction loss: 8.294233322143555
2026-04-09 17:04:01,912 - INFO - Encoder coeffs loss: 0.3031855523586273
2026-04-09 17:04:01,912 - INFO - Decoder coeffs loss: 0.3625686764717102
2026-04-09 17:04:01,912 - INFO - Prev coeffs loss: 0.17597892880439758
2026-04-09 17:04:01,913 - INFO - Encoder smooth loss: 0.21177716553211212
2026-04-09 17:04:01,913 - INFO - Decoder smooth loss: 0.20886129140853882
2026-04-09 17:04:01,914 - INFO - Prev smooth loss: 0.12749695777893066
2026-04-09 17:04:01,914 - INFO - KL loss: 10.732061386108398
2026-04-09 17:04:01,914 - INFO - Total loss: 14.355198860168457
2026-04-09 17:04:01,984 - INFO - Reconstruction loss: 8.222311973571777
2026-04-09 17:04:01,985 - INFO - Encoder coeffs loss: 0.3060946464538574
2026-04-09 17:04:01,985 - INFO - Decoder coeffs loss: 0.36340075731277466
2026-04-09 17:04:01,985 - INFO - Prev coeffs loss: 0.17666614055633545
2026-04-09 17:04:01,987 - INFO - Encoder smooth loss: 0.21416635811328888
2026-04-09 17:04:01,987 - INFO - Decoder smooth loss: 0.21003185212612152
2026-04-09 17:04:01,987 - INFO - Prev smooth loss: 0.12782467901706696
2026-04-09 17:04:01,987 - INFO - KL loss: 10.814546585083008
2026-04-09 17:04:01,988 - INFO - Total loss: 14.328678131103516
2026-04-09 17:04:02,061 - INFO - Reconstruction loss: 7.962096214294434
2026-04-09 17:04:02,062 - INFO - Encoder coeffs loss: 0.30214202404022217
2026-04-09 17:04:02,062 - INFO - Decoder coeffs loss: 0.3584245443344116
2026-04-09 17:04:02,062 - INFO - Prev coeffs loss: 0.1756758689880371
2026-04-09 17:04:02,063 - INFO - Encoder smooth loss: 0.2106039971113205
2026-04-09 17:04:02,063 - INFO - Decoder smooth loss: 0.20725701749324799
2026-04-09 17:04:02,063 - INFO - Prev smooth loss: 0.1272023320198059
2026-04-09 17:04:02,063 - INFO - KL loss: 9.888797760009766
2026-04-09 17:04:02,065 - INFO - Total loss: 13.597146987915039
2026-04-09 17:04:02,123 - INFO - Reconstruction loss: 8.696738243103027
2026-04-09 17:04:02,123 - INFO - Encoder coeffs loss: 0.3080120384693146
2026-04-09 17:04:02,124 - INFO - Decoder coeffs loss: 0.36607825756073
2026-04-09 17:04:02,125 - INFO - Prev coeffs loss: 0.17668405175209045
2026-04-09 17:04:02,125 - INFO - Encoder smooth loss: 0.2151453197002411
2026-04-09 17:04:02,125 - INFO - Decoder smooth loss: 0.21108385920524597
2026-04-09 17:04:02,125 - INFO - Prev smooth loss: 0.12834560871124268
2026-04-09 17:04:02,125 - INFO - KL loss: 11.056568145751953
2026-04-09 17:04:02,126 - INFO - Total loss: 14.92769718170166
2026-04-09 17:04:02,200 - INFO - Reconstruction loss: 8.312667846679688
2026-04-09 17:04:02,200 - INFO - Encoder coeffs loss: 0.3050433397293091
2026-04-09 17:04:02,201 - INFO - Decoder coeffs loss: 0.36316147446632385
2026-04-09 17:04:02,201 - INFO - Prev coeffs loss: 0.17449241876602173
2026-04-09 17:04:02,202 - INFO - Encoder smooth loss: 0.21281789243221283
2026-04-09 17:04:02,202 - INFO - Decoder smooth loss: 0.20877672731876373
2026-04-09 17:04:02,203 - INFO - Prev smooth loss: 0.12615320086479187
2026-04-09 17:04:02,203 - INFO - KL loss: 11.10853385925293
2026-04-09 17:04:02,203 - INFO - Total loss: 14.56215763092041
2026-04-09 17:04:02,282 - INFO - Reconstruction loss: 8.551060676574707
2026-04-09 17:04:02,283 - INFO - Encoder coeffs loss: 0.30640536546707153
2026-04-09 17:04:02,283 - INFO - Decoder coeffs loss: 0.3658253848552704
2026-04-09 17:04:02,284 - INFO - Prev coeffs loss: 0.17576374113559723
2026-04-09 17:04:02,284 - INFO - Encoder smooth loss: 0.21422040462493896
2026-04-09 17:04:02,284 - INFO - Decoder smooth loss: 0.2098020613193512
2026-04-09 17:04:02,285 - INFO - Prev smooth loss: 0.12776197493076324
2026-04-09 17:04:02,285 - INFO - KL loss: 11.469921112060547
2026-04-09 17:04:02,285 - INFO - Total loss: 14.98591136932373
2026-04-09 17:04:02,358 - INFO - Reconstruction loss: 7.595630168914795
2026-04-09 17:04:02,358 - INFO - Encoder coeffs loss: 0.30056944489479065
2026-04-09 17:04:02,359 - INFO - Decoder coeffs loss: 0.3595265746116638
2026-04-09 17:04:02,359 - INFO - Prev coeffs loss: 0.17505156993865967
2026-04-09 17:04:02,359 - INFO - Encoder smooth loss: 0.20940586924552917
2026-04-09 17:04:02,360 - INFO - Decoder smooth loss: 0.20649710297584534
2026-04-09 17:04:02,360 - INFO - Prev smooth loss: 0.12656070291996002
2026-04-09 17:04:02,360 - INFO - KL loss: 9.584047317504883
2026-04-09 17:04:02,360 - INFO - Total loss: 13.076458930969238
2026-04-09 17:04:02,397 - INFO - Epoch 58/5000
2026-04-09 17:04:02,397 - INFO - Epoch training loss: 114.79276180267334
2026-04-09 17:04:02,397 - INFO - -------------------
2026-04-09 17:04:02,419 - INFO - Reconstruction loss: 9.508709907531738
2026-04-09 17:04:02,419 - INFO - Encoder coeffs loss: 0.30746346712112427
2026-04-09 17:04:02,419 - INFO - Decoder coeffs loss: 0.36920231580734253
2026-04-09 17:04:02,419 - INFO - Prev coeffs loss: 0.1761922836303711
2026-04-09 17:04:02,420 - INFO - Encoder smooth loss: 0.21510949730873108
2026-04-09 17:04:02,420 - INFO - Decoder smooth loss: 0.21223986148834229
2026-04-09 17:04:02,420 - INFO - Prev smooth loss: 0.12816856801509857
2026-04-09 17:04:02,420 - INFO - KL loss: 12.785852432250977
2026-04-09 17:04:02,420 - INFO - Total loss: 16.605823516845703
2026-04-09 17:04:02,438 - INFO - Reconstruction loss: 8.277872085571289
2026-04-09 17:04:02,438 - INFO - Encoder coeffs loss: 0.3040926158428192
2026-04-09 17:04:02,439 - INFO - Decoder coeffs loss: 0.36372166872024536
2026-04-09 17:04:02,439 - INFO - Prev coeffs loss: 0.17609760165214539
2026-04-09 17:04:02,439 - INFO - Encoder smooth loss: 0.21230652928352356
2026-04-09 17:04:02,439 - INFO - Decoder smooth loss: 0.20819668471813202
2026-04-09 17:04:02,439 - INFO - Prev smooth loss: 0.12785054743289948
2026-04-09 17:04:02,439 - INFO - KL loss: 10.480097770690918
2026-04-09 17:04:02,440 - INFO - Total loss: 14.214054107666016
2026-04-09 17:04:02,440 - INFO - Epoch val loss: 30.81987762451172
2026-04-09 17:04:02,440 - INFO - -------------------
2026-04-09 17:04:02,440 - INFO - Saving model at epoch 58
2026-04-09 17:04:02,440 - INFO - Saving model name: AERCA_nonlinear_ws_5_stride_1_lr_0.0001_epochs_5000_hidden_layer_size_50_num_hidden_layers_8.pt
2026-04-09 17:04:02,529 - INFO - Reconstruction loss: 8.61104965209961
2026-04-09 17:04:02,530 - INFO - Encoder coeffs loss: 0.30557364225387573
2026-04-09 17:04:02,530 - INFO - Decoder coeffs loss: 0.3658953905105591
2026-04-09 17:04:02,530 - INFO - Prev coeffs loss: 0.1754319965839386
2026-04-09 17:04:02,530 - INFO - Encoder smooth loss: 0.21362383663654327
2026-04-09 17:04:02,532 - INFO - Decoder smooth loss: 0.20944130420684814
2026-04-09 17:04:02,532 - INFO - Prev smooth loss: 0.1270918846130371
2026-04-09 17:04:02,532 - INFO - KL loss: 11.158056259155273
2026-04-09 17:04:02,532 - INFO - Total loss: 14.888606071472168
2026-04-09 17:04:02,591 - INFO - Reconstruction loss: 8.261860847473145
2026-04-09 17:04:02,591 - INFO - Encoder coeffs loss: 0.3034595549106598
2026-04-09 17:04:02,592 - INFO - Decoder coeffs loss: 0.36226552724838257
2026-04-09 17:04:02,592 - INFO - Prev coeffs loss: 0.17527815699577332
2026-04-09 17:04:02,592 - INFO - Encoder smooth loss: 0.21135102212429047
2026-04-09 17:04:02,592 - INFO - Decoder smooth loss: 0.20681984722614288
2026-04-09 17:04:02,593 - INFO - Prev smooth loss: 0.12667986750602722
2026-04-09 17:04:02,593 - INFO - KL loss: 10.662579536437988
2026-04-09 17:04:02,593 - INFO - Total loss: 14.286077499389648
2026-04-09 17:04:02,661 - INFO - Reconstruction loss: 8.184429168701172
2026-04-09 17:04:02,661 - INFO - Encoder coeffs loss: 0.3063376247882843
2026-04-09 17:04:02,663 - INFO - Decoder coeffs loss: 0.3630404472351074
2026-04-09 17:04:02,663 - INFO - Prev coeffs loss: 0.17590826749801636
2026-04-09 17:04:02,663 - INFO - Encoder smooth loss: 0.21374395489692688
2026-04-09 17:04:02,663 - INFO - Decoder smooth loss: 0.20798127353191376
2026-04-09 17:04:02,664 - INFO - Prev smooth loss: 0.1269773542881012
2026-04-09 17:04:02,664 - INFO - KL loss: 10.745341300964355
2026-04-09 17:04:02,664 - INFO - Total loss: 14.254093170166016
2026-04-09 17:04:02,714 - INFO - Reconstruction loss: 7.933476448059082
2026-04-09 17:04:02,714 - INFO - Encoder coeffs loss: 0.30243974924087524
2026-04-09 17:04:02,715 - INFO - Decoder coeffs loss: 0.35808348655700684
2026-04-09 17:04:02,715 - INFO - Prev coeffs loss: 0.17497557401657104
2026-04-09 17:04:02,716 - INFO - Encoder smooth loss: 0.21019451320171356
2026-04-09 17:04:02,716 - INFO - Decoder smooth loss: 0.2052220106124878
2026-04-09 17:04:02,716 - INFO - Prev smooth loss: 0.1264200657606125
2026-04-09 17:04:02,716 - INFO - KL loss: 9.826826095581055
2026-04-09 17:04:02,717 - INFO - Total loss: 13.53555679321289
2026-04-09 17:04:02,781 - INFO - Reconstruction loss: 8.65036392211914
2026-04-09 17:04:02,782 - INFO - Encoder coeffs loss: 0.30825141072273254
2026-04-09 17:04:02,782 - INFO - Decoder coeffs loss: 0.36568373441696167
2026-04-09 17:04:02,782 - INFO - Prev coeffs loss: 0.17595335841178894
2026-04-09 17:04:02,783 - INFO - Encoder smooth loss: 0.21471825242042542
2026-04-09 17:04:02,783 - INFO - Decoder smooth loss: 0.20903658866882324
2026-04-09 17:04:02,783 - INFO - Prev smooth loss: 0.12753893435001373
2026-04-09 17:04:02,783 - INFO - KL loss: 10.980855941772461
2026-04-09 17:04:02,784 - INFO - Total loss: 14.841383934020996
2026-04-09 17:04:02,858 - INFO - Reconstruction loss: 8.282793045043945
2026-04-09 17:04:02,858 - INFO - Encoder coeffs loss: 0.3052704930305481
2026-04-09 17:04:02,859 - INFO - Decoder coeffs loss: 0.3627381920814514
2026-04-09 17:04:02,859 - INFO - Prev coeffs loss: 0.17369112372398376
2026-04-09 17:04:02,859 - INFO - Encoder smooth loss: 0.21239659190177917
2026-04-09 17:04:02,859 - INFO - Decoder smooth loss: 0.20672543346881866
2026-04-09 17:04:02,861 - INFO - Prev smooth loss: 0.1252884715795517
2026-04-09 17:04:02,861 - INFO - KL loss: 11.046871185302734
2026-04-09 17:04:02,861 - INFO - Total loss: 14.499283790588379
2026-04-09 17:04:02,938 - INFO - Reconstruction loss: 8.518599510192871
2026-04-09 17:04:02,940 - INFO - Encoder coeffs loss: 0.3066399097442627
2026-04-09 17:04:02,941 - INFO - Decoder coeffs loss: 0.36540406942367554
2026-04-09 17:04:02,941 - INFO - Prev coeffs loss: 0.17502379417419434
2026-04-09 17:04:02,941 - INFO - Encoder smooth loss: 0.21381400525569916
2026-04-09 17:04:02,942 - INFO - Decoder smooth loss: 0.20775213837623596
2026-04-09 17:04:02,942 - INFO - Prev smooth loss: 0.1269473135471344
2026-04-09 17:04:02,942 - INFO - KL loss: 11.392685890197754
2026-04-09 17:04:02,943 - INFO - Total loss: 14.91273307800293
2026-04-09 17:04:03,019 - INFO - Reconstruction loss: 7.561626434326172
2026-04-09 17:04:03,019 - INFO - Encoder coeffs loss: 0.3008696138858795
2026-04-09 17:04:03,020 - INFO - Decoder coeffs loss: 0.3592335879802704
2026-04-09 17:04:03,020 - INFO - Prev coeffs loss: 0.1743420660495758
2026-04-09 17:04:03,020 - INFO - Encoder smooth loss: 0.2090252786874771
2026-04-09 17:04:03,021 - INFO - Decoder smooth loss: 0.20459936559200287
2026-04-09 17:04:03,021 - INFO - Prev smooth loss: 0.12574972212314606
2026-04-09 17:04:03,021 - INFO - KL loss: 9.516602516174316
2026-04-09 17:04:03,021 - INFO - Total loss: 13.006837844848633
2026-04-09 17:04:03,068 - INFO - Epoch 59/5000
2026-04-09 17:04:03,068 - INFO - Epoch training loss: 114.22457218170166
2026-04-09 17:04:03,068 - INFO - -------------------
2026-04-09 17:04:03,093 - INFO - Reconstruction loss: 9.478644371032715
2026-04-09 17:04:03,093 - INFO - Encoder coeffs loss: 0.3076417148113251
2026-04-09 17:04:03,094 - INFO - Decoder coeffs loss: 0.36878472566604614
2026-04-09 17:04:03,094 - INFO - Prev coeffs loss: 0.1754612773656845
2026-04-09 17:04:03,094 - INFO - Encoder smooth loss: 0.21471287310123444
2026-04-09 17:04:03,095 - INFO - Decoder smooth loss: 0.2102362960577011
2026-04-09 17:04:03,095 - INFO - Prev smooth loss: 0.12735483050346375
2026-04-09 17:04:03,095 - INFO - KL loss: 12.725042343139648
2026-04-09 17:04:03,096 - INFO - Total loss: 16.543262481689453
2026-04-09 17:04:03,121 - INFO - Reconstruction loss: 8.248708724975586
2026-04-09 17:04:03,122 - INFO - Encoder coeffs loss: 0.3043515682220459
2026-04-09 17:04:03,122 - INFO - Decoder coeffs loss: 0.3633784055709839
2026-04-09 17:04:03,122 - INFO - Prev coeffs loss: 0.17538447678089142
2026-04-09 17:04:03,123 - INFO - Encoder smooth loss: 0.21193253993988037
2026-04-09 17:04:03,123 - INFO - Decoder smooth loss: 0.20625367760658264
2026-04-09 17:04:03,123 - INFO - Prev smooth loss: 0.1270265132188797
2026-04-09 17:04:03,123 - INFO - KL loss: 10.424177169799805
2026-04-09 17:04:03,124 - INFO - Total loss: 14.154961585998535
2026-04-09 17:04:03,124 - INFO - Epoch val loss: 30.69822406768799
2026-04-09 17:04:03,124 - INFO - -------------------
2026-04-09 17:04:03,124 - INFO - Saving model at epoch 59
2026-04-09 17:04:03,124 - INFO - Saving model name: AERCA_nonlinear_ws_5_stride_1_lr_0.0001_epochs_5000_hidden_layer_size_50_num_hidden_layers_8.pt
2026-04-09 17:04:03,224 - INFO - Reconstruction loss: 8.579459190368652
2026-04-09 17:04:03,224 - INFO - Encoder coeffs loss: 0.3057652711868286
2026-04-09 17:04:03,225 - INFO - Decoder coeffs loss: 0.3655068874359131
2026-04-09 17:04:03,225 - INFO - Prev coeffs loss: 0.17469769716262817
2026-04-09 17:04:03,225 - INFO - Encoder smooth loss: 0.21322907507419586
2026-04-09 17:04:03,225 - INFO - Decoder smooth loss: 0.20745468139648438
2026-04-09 17:04:03,227 - INFO - Prev smooth loss: 0.1262616664171219
2026-04-09 17:04:03,227 - INFO - KL loss: 11.090963363647461
2026-04-09 17:04:03,227 - INFO - Total loss: 14.82139778137207
2026-04-09 17:04:03,300 - INFO - Reconstruction loss: 8.228752136230469
2026-04-09 17:04:03,301 - INFO - Encoder coeffs loss: 0.3036710321903229
2026-04-09 17:04:03,301 - INFO - Decoder coeffs loss: 0.3618423342704773
2026-04-09 17:04:03,302 - INFO - Prev coeffs loss: 0.17452731728553772
2026-04-09 17:04:03,302 - INFO - Encoder smooth loss: 0.21094700694084167
2026-04-09 17:04:03,302 - INFO - Decoder smooth loss: 0.20484495162963867
2026-04-09 17:04:03,302 - INFO - Prev smooth loss: 0.12583868205547333
2026-04-09 17:04:03,303 - INFO - KL loss: 10.595260620117188
2026-04-09 17:04:03,303 - INFO - Total loss: 14.217217445373535
2026-04-09 17:04:03,377 - INFO - Reconstruction loss: 8.14811897277832
2026-04-09 17:04:03,377 - INFO - Encoder coeffs loss: 0.3064970076084137
2026-04-09 17:04:03,377 - INFO - Decoder coeffs loss: 0.36258405447006226
2026-04-09 17:04:03,378 - INFO - Prev coeffs loss: 0.17508116364479065
2026-04-09 17:04:03,378 - INFO - Encoder smooth loss: 0.2133374959230423
2026-04-09 17:04:03,378 - INFO - Decoder smooth loss: 0.20599251985549927
2026-04-09 17:04:03,378 - INFO - Prev smooth loss: 0.1260824352502823
2026-04-09 17:04:03,378 - INFO - KL loss: 10.681331634521484
2026-04-09 17:04:03,379 - INFO - Total loss: 14.183571815490723
2026-04-09 17:04:03,452 - INFO - Reconstruction loss: 7.906473159790039
2026-04-09 17:04:03,452 - INFO - Encoder coeffs loss: 0.3026301860809326
2026-04-09 17:04:03,453 - INFO - Decoder coeffs loss: 0.35765111446380615
2026-04-09 17:04:03,453 - INFO - Prev coeffs loss: 0.1742188036441803
2026-04-09 17:04:03,454 - INFO - Encoder smooth loss: 0.20979414880275726
2026-04-09 17:04:03,454 - INFO - Decoder smooth loss: 0.20325146615505219
2026-04-09 17:04:03,454 - INFO - Prev smooth loss: 0.1256079226732254
2026-04-09 17:04:03,454 - INFO - KL loss: 9.766636848449707
2026-04-09 17:04:03,455 - INFO - Total loss: 13.476367950439453
2026-04-09 17:04:03,528 - INFO - Reconstruction loss: 8.605796813964844
2026-04-09 17:04:03,530 - INFO - Encoder coeffs loss: 0.30834877490997314
2026-04-09 17:04:03,530 - INFO - Decoder coeffs loss: 0.3651806116104126
2026-04-09 17:04:03,530 - INFO - Prev coeffs loss: 0.1751432716846466
2026-04-09 17:04:03,530 - INFO - Encoder smooth loss: 0.2142871916294098
2026-04-09 17:04:03,531 - INFO - Decoder smooth loss: 0.2070370465517044
2026-04-09 17:04:03,531 - INFO - Prev smooth loss: 0.1266777068376541
2026-04-09 17:04:03,531 - INFO - KL loss: 10.906455993652344
2026-04-09 17:04:03,532 - INFO - Total loss: 14.757362365722656
2026-04-09 17:04:03,601 - INFO - Reconstruction loss: 8.254115104675293
2026-04-09 17:04:03,602 - INFO - Encoder coeffs loss: 0.305349737405777
2026-04-09 17:04:03,603 - INFO - Decoder coeffs loss: 0.36222678422927856
2026-04-09 17:04:03,603 - INFO - Prev coeffs loss: 0.1728152632713318
2026-04-09 17:04:03,603 - INFO - Encoder smooth loss: 0.2119702696800232
2026-04-09 17:04:03,604 - INFO - Decoder smooth loss: 0.20473110675811768
2026-04-09 17:04:03,604 - INFO - Prev smooth loss: 0.12438084930181503
2026-04-09 17:04:03,604 - INFO - KL loss: 10.984514236450195
2026-04-09 17:04:03,605 - INFO - Total loss: 14.437108039855957
2026-04-09 17:04:03,680 - INFO - Reconstruction loss: 8.486458778381348
2026-04-09 17:04:03,680 - INFO - Encoder coeffs loss: 0.30672451853752136
2026-04-09 17:04:03,681 - INFO - Decoder coeffs loss: 0.36489591002464294
2026-04-09 17:04:03,681 - INFO - Prev coeffs loss: 0.17422598600387573
2026-04-09 17:04:03,681 - INFO - Encoder smooth loss: 0.21339567005634308
2026-04-09 17:04:03,681 - INFO - Decoder smooth loss: 0.20575770735740662
2026-04-09 17:04:03,682 - INFO - Prev smooth loss: 0.12610438466072083
2026-04-09 17:04:03,682 - INFO - KL loss: 11.317630767822266
2026-04-09 17:04:03,682 - INFO - Total loss: 14.840826034545898
2026-04-09 17:04:03,749 - INFO - Reconstruction loss: 7.529813289642334
2026-04-09 17:04:03,750 - INFO - Encoder coeffs loss: 0.3010275959968567
2026-04-09 17:04:03,750 - INFO - Decoder coeffs loss: 0.3588868975639343
2026-04-09 17:04:03,750 - INFO - Prev coeffs loss: 0.1736004799604416
2026-04-09 17:04:03,751 - INFO - Encoder smooth loss: 0.20863673090934753
2026-04-09 17:04:03,751 - INFO - Decoder smooth loss: 0.20276017487049103
2026-04-09 17:04:03,751 - INFO - Prev smooth loss: 0.1249360591173172
2026-04-09 17:04:03,751 - INFO - KL loss: 9.452190399169922
2026-04-09 17:04:03,752 - INFO - Total loss: 12.940832138061523
2026-04-09 17:04:03,788 - INFO - Epoch 60/5000
2026-04-09 17:04:03,788 - INFO - Epoch training loss: 113.67468357086182
2026-04-09 17:04:03,788 - INFO - -------------------
2026-04-09 17:04:03,811 - INFO - Reconstruction loss: 9.447854042053223
2026-04-09 17:04:03,812 - INFO - Encoder coeffs loss: 0.30769050121307373
2026-04-09 17:04:03,812 - INFO - Decoder coeffs loss: 0.36833256483078003
2026-04-09 17:04:03,813 - INFO - Prev coeffs loss: 0.17473359405994415
2026-04-09 17:04:03,813 - INFO - Encoder smooth loss: 0.21431183815002441
2026-04-09 17:04:03,813 - INFO - Decoder smooth loss: 0.2082902044057846
2026-04-09 17:04:03,813 - INFO - Prev smooth loss: 0.1265670210123062
2026-04-09 17:04:03,814 - INFO - KL loss: 12.664630889892578
2026-04-09 17:04:03,814 - INFO - Total loss: 16.480133056640625
2026-04-09 17:04:03,858 - INFO - Reconstruction loss: 8.221232414245605
2026-04-09 17:04:03,860 - INFO - Encoder coeffs loss: 0.30448395013809204
2026-04-09 17:04:03,860 - INFO - Decoder coeffs loss: 0.36300739645957947
2026-04-09 17:04:03,860 - INFO - Prev coeffs loss: 0.17467278242111206
2026-04-09 17:04:03,861 - INFO - Encoder smooth loss: 0.21155263483524323
2026-04-09 17:04:03,861 - INFO - Decoder smooth loss: 0.2043718695640564
2026-04-09 17:04:03,862 - INFO - Prev smooth loss: 0.1262253224849701
2026-04-09 17:04:03,862 - INFO - KL loss: 10.368938446044922
2026-04-09 17:04:03,863 - INFO - Total loss: 14.097858428955078
2026-04-09 17:04:03,863 - INFO - Epoch val loss: 30.577991485595703
2026-04-09 17:04:03,863 - INFO - -------------------
2026-04-09 17:04:03,863 - INFO - Saving model at epoch 60
2026-04-09 17:04:03,863 - INFO - Saving model name: AERCA_nonlinear_ws_5_stride_1_lr_0.0001_epochs_5000_hidden_layer_size_50_num_hidden_layers_8.pt
2026-04-09 17:04:03,984 - INFO - Reconstruction loss: 8.548728942871094
2026-04-09 17:04:03,985 - INFO - Encoder coeffs loss: 0.3058296740055084
2026-04-09 17:04:03,985 - INFO - Decoder coeffs loss: 0.3650786876678467
2026-04-09 17:04:03,985 - INFO - Prev coeffs loss: 0.1739688217639923
2026-04-09 17:04:03,985 - INFO - Encoder smooth loss: 0.21283189952373505
2026-04-09 17:04:03,986 - INFO - Decoder smooth loss: 0.2055223137140274
2026-04-09 17:04:03,986 - INFO - Prev smooth loss: 0.12545768916606903
2026-04-09 17:04:03,986 - INFO - KL loss: 11.024698257446289
2026-04-09 17:04:03,986 - INFO - Total loss: 14.755422592163086
2026-04-09 17:04:04,051 - INFO - Reconstruction loss: 8.196060180664062
2026-04-09 17:04:04,052 - INFO - Encoder coeffs loss: 0.30377396941185
2026-04-09 17:04:04,052 - INFO - Decoder coeffs loss: 0.36142170429229736
2026-04-09 17:04:04,052 - INFO - Prev coeffs loss: 0.17382082343101501
2026-04-09 17:04:04,052 - INFO - Encoder smooth loss: 0.21054229140281677
2026-04-09 17:04:04,054 - INFO - Decoder smooth loss: 0.20292532444000244
2026-04-09 17:04:04,054 - INFO - Prev smooth loss: 0.12505660951137543
2026-04-09 17:04:04,054 - INFO - KL loss: 10.526571273803711
2026-04-09 17:04:04,054 - INFO - Total loss: 14.148116111755371
2026-04-09 17:04:04,123 - INFO - Reconstruction loss: 8.112861633300781
2026-04-09 17:04:04,123 - INFO - Encoder coeffs loss: 0.3065796494483948
2026-04-09 17:04:04,124 - INFO - Decoder coeffs loss: 0.3621569275856018
2026-04-09 17:04:04,124 - INFO - Prev coeffs loss: 0.17434725165367126
2026-04-09 17:04:04,125 - INFO - Encoder smooth loss: 0.21294592320919037
2026-04-09 17:04:04,125 - INFO - Decoder smooth loss: 0.20406143367290497
2026-04-09 17:04:04,125 - INFO - Prev smooth loss: 0.12528137862682343
2026-04-09 17:04:04,125 - INFO - KL loss: 10.617851257324219
2026-04-09 17:04:04,126 - INFO - Total loss: 14.114473342895508
2026-04-09 17:04:04,205 - INFO - Reconstruction loss: 7.880084037780762
2026-04-09 17:04:04,206 - INFO - Encoder coeffs loss: 0.30278322100639343
2026-04-09 17:04:04,206 - INFO - Decoder coeffs loss: 0.35728728771209717
2026-04-09 17:04:04,207 - INFO - Prev coeffs loss: 0.17360103130340576
2026-04-09 17:04:04,207 - INFO - Encoder smooth loss: 0.20943383872509003
2026-04-09 17:04:04,207 - INFO - Decoder smooth loss: 0.20135943591594696
2026-04-09 17:04:04,208 - INFO - Prev smooth loss: 0.12491992115974426
2026-04-09 17:04:04,208 - INFO - KL loss: 9.707341194152832
2026-04-09 17:04:04,209 - INFO - Total loss: 13.418447494506836
2026-04-09 17:04:04,280 - INFO - Reconstruction loss: 8.563311576843262
2026-04-09 17:04:04,280 - INFO - Encoder coeffs loss: 0.30844050645828247
2026-04-09 17:04:04,281 - INFO - Decoder coeffs loss: 0.36478400230407715
2026-04-09 17:04:04,281 - INFO - Prev coeffs loss: 0.1745370328426361
2026-04-09 17:04:04,281 - INFO - Encoder smooth loss: 0.21391673386096954
2026-04-09 17:04:04,282 - INFO - Decoder smooth loss: 0.20511701703071594
2026-04-09 17:04:04,282 - INFO - Prev smooth loss: 0.1259876787662506
2026-04-09 17:04:04,282 - INFO - KL loss: 10.83492660522461
2026-04-09 17:04:04,283 - INFO - Total loss: 14.677166938781738
2026-04-09 17:04:04,356 - INFO - Reconstruction loss: 8.226203918457031
2026-04-09 17:04:04,357 - INFO - Encoder coeffs loss: 0.3054587244987488
2026-04-09 17:04:04,357 - INFO - Decoder coeffs loss: 0.3618400990962982
2026-04-09 17:04:04,358 - INFO - Prev coeffs loss: 0.17217929661273956
2026-04-09 17:04:04,358 - INFO - Encoder smooth loss: 0.21162442862987518
2026-04-09 17:04:04,358 - INFO - Decoder smooth loss: 0.2028157263994217
2026-04-09 17:04:04,359 - INFO - Prev smooth loss: 0.12366735935211182
2026-04-09 17:04:04,359 - INFO - KL loss: 10.923739433288574
2026-04-09 17:04:04,359 - INFO - Total loss: 14.37686538696289
2026-04-09 17:04:04,433 - INFO - Reconstruction loss: 8.454601287841797
2026-04-09 17:04:04,433 - INFO - Encoder coeffs loss: 0.3068534731864929
2026-04-09 17:04:04,434 - INFO - Decoder coeffs loss: 0.36454296112060547
2026-04-09 17:04:04,434 - INFO - Prev coeffs loss: 0.1736653745174408
2026-04-09 17:04:04,435 - INFO - Encoder smooth loss: 0.21306562423706055
2026-04-09 17:04:04,435 - INFO - Decoder smooth loss: 0.20385055243968964
2026-04-09 17:04:04,435 - INFO - Prev smooth loss: 0.12545645236968994
2026-04-09 17:04:04,435 - INFO - KL loss: 11.243154525756836
2026-04-09 17:04:04,436 - INFO - Total loss: 14.769896507263184
2026-04-09 17:04:04,520 - INFO - Reconstruction loss: 7.498546123504639
2026-04-09 17:04:04,520 - INFO - Encoder coeffs loss: 0.30121517181396484
2026-04-09 17:04:04,521 - INFO - Decoder coeffs loss: 0.35872119665145874
2026-04-09 17:04:04,521 - INFO - Prev coeffs loss: 0.17308582365512848
2026-04-09 17:04:04,522 - INFO - Encoder smooth loss: 0.2083233743906021
2026-04-09 17:04:04,522 - INFO - Decoder smooth loss: 0.20102062821388245
2026-04-09 17:04:04,522 - INFO - Prev smooth loss: 0.12430890649557114
2026-04-09 17:04:04,522 - INFO - KL loss: 9.387904167175293
2026-04-09 17:04:04,523 - INFO - Total loss: 12.875835418701172
2026-04-09 17:04:04,570 - INFO - Epoch 61/5000
2026-04-09 17:04:04,571 - INFO - Epoch training loss: 113.13622379302979
2026-04-09 17:04:04,571 - INFO - -------------------
2026-04-09 17:04:04,598 - INFO - Reconstruction loss: 9.419879913330078
2026-04-09 17:04:04,598 - INFO - Encoder coeffs loss: 0.3077598512172699
2026-04-09 17:04:04,598 - INFO - Decoder coeffs loss: 0.3680838942527771
2026-04-09 17:04:04,599 - INFO - Prev coeffs loss: 0.1742209792137146
2026-04-09 17:04:04,599 - INFO - Encoder smooth loss: 0.21398453414440155
2026-04-09 17:04:04,599 - INFO - Decoder smooth loss: 0.20645104348659515
2026-04-09 17:04:04,600 - INFO - Prev smooth loss: 0.12595893442630768
2026-04-09 17:04:04,600 - INFO - KL loss: 12.605973243713379
2026-04-09 17:04:04,600 - INFO - Total loss: 16.421096801757812
2026-04-09 17:04:04,627 - INFO - Reconstruction loss: 8.194036483764648
2026-04-09 17:04:04,627 - INFO - Encoder coeffs loss: 0.3046320676803589
2026-04-09 17:04:04,628 - INFO - Decoder coeffs loss: 0.3628273606300354
2026-04-09 17:04:04,628 - INFO - Prev coeffs loss: 0.1741710901260376
2026-04-09 17:04:04,628 - INFO - Encoder smooth loss: 0.211239293217659
2026-04-09 17:04:04,629 - INFO - Decoder smooth loss: 0.20259340107440948
2026-04-09 17:04:04,629 - INFO - Prev smooth loss: 0.12559673190116882
2026-04-09 17:04:04,629 - INFO - KL loss: 10.313302993774414
2026-04-09 17:04:04,630 - INFO - Total loss: 14.041217803955078
2026-04-09 17:04:04,630 - INFO - Epoch val loss: 30.46231460571289
2026-04-09 17:04:04,630 - INFO - -------------------
2026-04-09 17:04:04,630 - INFO - Saving model at epoch 61
2026-04-09 17:04:04,630 - INFO - Saving model name: AERCA_nonlinear_ws_5_stride_1_lr_0.0001_epochs_5000_hidden_layer_size_50_num_hidden_layers_8.pt
2026-04-09 17:04:04,737 - INFO - Reconstruction loss: 8.518668174743652
2026-04-09 17:04:04,738 - INFO - Encoder coeffs loss: 0.3059137463569641
2026-04-09 17:04:04,738 - INFO - Decoder coeffs loss: 0.3648495674133301
2026-04-09 17:04:04,739 - INFO - Prev coeffs loss: 0.17345303297042847
2026-04-09 17:04:04,739 - INFO - Encoder smooth loss: 0.2125067412853241
2026-04-09 17:04:04,739 - INFO - Decoder smooth loss: 0.2036956399679184
2026-04-09 17:04:04,739 - INFO - Prev smooth loss: 0.12483140081167221
2026-04-09 17:04:04,740 - INFO - KL loss: 10.959794044494629
2026-04-09 17:04:04,740 - INFO - Total loss: 14.691190719604492
2026-04-09 17:04:04,814 - INFO - Reconstruction loss: 8.164053916931152
2026-04-09 17:04:04,814 - INFO - Encoder coeffs loss: 0.3038908541202545
2026-04-09 17:04:04,814 - INFO - Decoder coeffs loss: 0.36122071743011475
2026-04-09 17:04:04,815 - INFO - Prev coeffs loss: 0.17329920828342438
2026-04-09 17:04:04,815 - INFO - Encoder smooth loss: 0.21020959317684174
2026-04-09 17:04:04,815 - INFO - Decoder smooth loss: 0.20111632347106934
2026-04-09 17:04:04,817 - INFO - Prev smooth loss: 0.12442739307880402
2026-04-09 17:04:04,817 - INFO - KL loss: 10.460447311401367
2026-04-09 17:04:04,817 - INFO - Total loss: 14.081358909606934
2026-04-09 17:04:04,890 - INFO - Reconstruction loss: 8.077241897583008
2026-04-09 17:04:04,890 - INFO - Encoder coeffs loss: 0.3066839575767517
2026-04-09 17:04:04,891 - INFO - Decoder coeffs loss: 0.36195093393325806
2026-04-09 17:04:04,891 - INFO - Prev coeffs loss: 0.17375384271144867
2026-04-09 17:04:04,891 - INFO - Encoder smooth loss: 0.21263669431209564
2026-04-09 17:04:04,892 - INFO - Decoder smooth loss: 0.20224814116954803
2026-04-09 17:04:04,892 - INFO - Prev smooth loss: 0.12460765987634659
2026-04-09 17:04:04,892 - INFO - KL loss: 10.555048942565918
2026-04-09 17:04:04,893 - INFO - Total loss: 14.045707702636719
2026-04-09 17:04:04,966 - INFO - Reconstruction loss: 7.853198051452637
2026-04-09 17:04:04,966 - INFO - Encoder coeffs loss: 0.30294525623321533
2026-04-09 17:04:04,966 - INFO - Decoder coeffs loss: 0.35716623067855835
2026-04-09 17:04:04,968 - INFO - Prev coeffs loss: 0.1730622947216034
2026-04-09 17:04:04,968 - INFO - Encoder smooth loss: 0.20914384722709656
2026-04-09 17:04:04,968 - INFO - Decoder smooth loss: 0.1995965838432312
2026-04-09 17:04:04,969 - INFO - Prev smooth loss: 0.12430496513843536
2026-04-09 17:04:04,969 - INFO - KL loss: 9.648618698120117
2026-04-09 17:04:04,969 - INFO - Total loss: 13.360617637634277
2026-04-09 17:04:05,044 - INFO - Reconstruction loss: 8.520805358886719
2026-04-09 17:04:05,045 - INFO - Encoder coeffs loss: 0.3085334300994873
2026-04-09 17:04:05,045 - INFO - Decoder coeffs loss: 0.36463016271591187
2026-04-09 17:04:05,046 - INFO - Prev coeffs loss: 0.17397478222846985
2026-04-09 17:04:05,046 - INFO - Encoder smooth loss: 0.2136087864637375
2026-04-09 17:04:05,046 - INFO - Decoder smooth loss: 0.20333069562911987
2026-04-09 17:04:05,047 - INFO - Prev smooth loss: 0.12535110116004944
2026-04-09 17:04:05,047 - INFO - KL loss: 10.767027854919434
2026-04-09 17:04:05,047 - INFO - Total loss: 14.59903335571289
2026-04-09 17:04:05,111 - INFO - Reconstruction loss: 8.199270248413086
2026-04-09 17:04:05,112 - INFO - Encoder coeffs loss: 0.30555370450019836
2026-04-09 17:04:05,112 - INFO - Decoder coeffs loss: 0.36168575286865234
2026-04-09 17:04:05,113 - INFO - Prev coeffs loss: 0.17156727612018585
2026-04-09 17:04:05,113 - INFO - Encoder smooth loss: 0.2113269716501236
2026-04-09 17:04:05,113 - INFO - Decoder smooth loss: 0.20102667808532715
2026-04-09 17:04:05,114 - INFO - Prev smooth loss: 0.12299106270074844
2026-04-09 17:04:05,114 - INFO - KL loss: 10.86383056640625
2026-04-09 17:04:05,115 - INFO - Total loss: 14.31826114654541
2026-04-09 17:04:05,184 - INFO - Reconstruction loss: 8.4231595993042
2026-04-09 17:04:05,185 - INFO - Encoder coeffs loss: 0.3069505989551544
2026-04-09 17:04:05,185 - INFO - Decoder coeffs loss: 0.3644092082977295
2026-04-09 17:04:05,186 - INFO - Prev coeffs loss: 0.17311246693134308
2026-04-09 17:04:05,186 - INFO - Encoder smooth loss: 0.21277517080307007
2026-04-09 17:04:05,186 - INFO - Decoder smooth loss: 0.20206551253795624
2026-04-09 17:04:05,187 - INFO - Prev smooth loss: 0.12483259290456772
2026-04-09 17:04:05,187 - INFO - KL loss: 11.171551704406738
2026-04-09 17:04:05,187 - INFO - Total loss: 14.701007843017578
2026-04-09 17:04:05,265 - INFO - Reconstruction loss: 7.4686126708984375
2026-04-09 17:04:05,265 - INFO - Encoder coeffs loss: 0.30136728286743164
2026-04-09 17:04:05,265 - INFO - Decoder coeffs loss: 0.3587588965892792
2026-04-09 17:04:05,266 - INFO - Prev coeffs loss: 0.17256522178649902
2026-04-09 17:04:05,266 - INFO - Encoder smooth loss: 0.20804335176944733
2026-04-09 17:04:05,266 - INFO - Decoder smooth loss: 0.19938784837722778
2026-04-09 17:04:05,267 - INFO - Prev smooth loss: 0.1236887276172638
2026-04-09 17:04:05,267 - INFO - KL loss: 9.326555252075195
2026-04-09 17:04:05,267 - INFO - Total loss: 12.813796043395996
2026-04-09 17:04:05,310 - INFO - Epoch 62/5000
2026-04-09 17:04:05,310 - INFO - Epoch training loss: 112.6109733581543
2026-04-09 17:04:05,310 - INFO - -------------------
2026-04-09 17:04:05,337 - INFO - Reconstruction loss: 9.391416549682617
2026-04-09 17:04:05,337 - INFO - Encoder coeffs loss: 0.3077859878540039
2026-04-09 17:04:05,338 - INFO - Decoder coeffs loss: 0.3680162727832794
2026-04-09 17:04:05,338 - INFO - Prev coeffs loss: 0.17369890213012695
2026-04-09 17:04:05,338 - INFO - Encoder smooth loss: 0.21367786824703217
2026-04-09 17:04:05,339 - INFO - Decoder smooth loss: 0.20470288395881653
2026-04-09 17:04:05,339 - INFO - Prev smooth loss: 0.12535275518894196
2026-04-09 17:04:05,339 - INFO - KL loss: 12.547708511352539
2026-04-09 17:04:05,339 - INFO - Total loss: 16.361888885498047
2026-04-09 17:04:05,365 - INFO - Reconstruction loss: 8.168070793151855
2026-04-09 17:04:05,365 - INFO - Encoder coeffs loss: 0.3047446012496948
2026-04-09 17:04:05,365 - INFO - Decoder coeffs loss: 0.36283451318740845
2026-04-09 17:04:05,366 - INFO - Prev coeffs loss: 0.17365878820419312
2026-04-09 17:04:05,366 - INFO - Encoder smooth loss: 0.21095037460327148
2026-04-09 17:04:05,366 - INFO - Decoder smooth loss: 0.20090898871421814
2026-04-09 17:04:05,366 - INFO - Prev smooth loss: 0.12496934831142426
2026-04-09 17:04:05,366 - INFO - KL loss: 10.261945724487305
2026-04-09 17:04:05,367 - INFO - Total loss: 13.988077163696289
2026-04-09 17:04:05,367 - INFO - Epoch val loss: 30.349966049194336
2026-04-09 17:04:05,367 - INFO - -------------------
2026-04-09 17:04:05,368 - INFO - Saving model at epoch 62
2026-04-09 17:04:05,368 - INFO - Saving model name: AERCA_nonlinear_ws_5_stride_1_lr_0.0001_epochs_5000_hidden_layer_size_50_num_hidden_layers_8.pt
2026-04-09 17:04:05,464 - INFO - Reconstruction loss: 8.490043640136719
2026-04-09 17:04:05,465 - INFO - Encoder coeffs loss: 0.3059532642364502
2026-04-09 17:04:05,465 - INFO - Decoder coeffs loss: 0.36480778455734253
2026-04-09 17:04:05,465 - INFO - Prev coeffs loss: 0.17292878031730652
2026-04-09 17:04:05,466 - INFO - Encoder smooth loss: 0.2122027575969696
2026-04-09 17:04:05,467 - INFO - Decoder smooth loss: 0.20196440815925598
2026-04-09 17:04:05,467 - INFO - Prev smooth loss: 0.12420875579118729
2026-04-09 17:04:05,467 - INFO - KL loss: 10.8973388671875
2026-04-09 17:04:05,467 - INFO - Total loss: 14.629746437072754
2026-04-09 17:04:05,546 - INFO - Reconstruction loss: 8.132450103759766
2026-04-09 17:04:05,547 - INFO - Encoder coeffs loss: 0.3039804697036743
2026-04-09 17:04:05,547 - INFO - Decoder coeffs loss: 0.3611745238304138
2026-04-09 17:04:05,547 - INFO - Prev coeffs loss: 0.1727551817893982
2026-04-09 17:04:05,548 - INFO - Encoder smooth loss: 0.2098972201347351
2026-04-09 17:04:05,548 - INFO - Decoder smooth loss: 0.19938428699970245
2026-04-09 17:04:05,548 - INFO - Prev smooth loss: 0.12378765642642975
2026-04-09 17:04:05,548 - INFO - KL loss: 10.395176887512207
2026-04-09 17:04:05,549 - INFO - Total loss: 14.015527725219727
2026-04-09 17:04:05,616 - INFO - Reconstruction loss: 8.042049407958984
2026-04-09 17:04:05,617 - INFO - Encoder coeffs loss: 0.306761234998703
2026-04-09 17:04:05,617 - INFO - Decoder coeffs loss: 0.361879825592041
2026-04-09 17:04:05,618 - INFO - Prev coeffs loss: 0.17311476171016693
2026-04-09 17:04:05,618 - INFO - Encoder smooth loss: 0.21233542263507843
2026-04-09 17:04:05,618 - INFO - Decoder smooth loss: 0.200515016913414
2026-04-09 17:04:05,619 - INFO - Prev smooth loss: 0.12390369176864624
2026-04-09 17:04:05,619 - INFO - KL loss: 10.493935585021973
2026-04-09 17:04:05,619 - INFO - Total loss: 13.978271484375
2026-04-09 17:04:05,691 - INFO - Reconstruction loss: 7.826514720916748
2026-04-09 17:04:05,692 - INFO - Encoder coeffs loss: 0.30308765172958374
2026-04-09 17:04:05,692 - INFO - Decoder coeffs loss: 0.3571661412715912
2026-04-09 17:04:05,693 - INFO - Prev coeffs loss: 0.17249993979930878
2026-04-09 17:04:05,693 - INFO - Encoder smooth loss: 0.20885995030403137
2026-04-09 17:04:05,693 - INFO - Decoder smooth loss: 0.19789953529834747
2026-04-09 17:04:05,694 - INFO - Prev smooth loss: 0.12367887794971466
2026-04-09 17:04:05,694 - INFO - KL loss: 9.591056823730469
2026-04-09 17:04:05,694 - INFO - Total loss: 13.30363941192627
2026-04-09 17:04:05,767 - INFO - Reconstruction loss: 8.478606224060059
2026-04-09 17:04:05,767 - INFO - Encoder coeffs loss: 0.3086167871952057
2026-04-09 17:04:05,768 - INFO - Decoder coeffs loss: 0.364571750164032
2026-04-09 17:04:05,768 - INFO - Prev coeffs loss: 0.17337460815906525
2026-04-09 17:04:05,768 - INFO - Encoder smooth loss: 0.21330152451992035
2026-04-09 17:04:05,769 - INFO - Decoder smooth loss: 0.20160938799381256
2026-04-09 17:04:05,769 - INFO - Prev smooth loss: 0.12468836456537247
2026-04-09 17:04:05,769 - INFO - KL loss: 10.701905250549316
2026-04-09 17:04:05,770 - INFO - Total loss: 14.522640228271484
2026-04-09 17:04:05,840 - INFO - Reconstruction loss: 8.172057151794434
2026-04-09 17:04:05,841 - INFO - Encoder coeffs loss: 0.305655837059021
2026-04-09 17:04:05,842 - INFO - Decoder coeffs loss: 0.36163079738616943
2026-04-09 17:04:05,842 - INFO - Prev coeffs loss: 0.17089813947677612
2026-04-09 17:04:05,842 - INFO - Encoder smooth loss: 0.21103356778621674
2026-04-09 17:04:05,843 - INFO - Decoder smooth loss: 0.19930654764175415
2026-04-09 17:04:05,843 - INFO - Prev smooth loss: 0.12228135019540787
2026-04-09 17:04:05,843 - INFO - KL loss: 10.80652904510498
2026-04-09 17:04:05,844 - INFO - Total loss: 14.260725021362305
2026-04-09 17:04:05,920 - INFO - Reconstruction loss: 8.392154693603516
2026-04-09 17:04:05,920 - INFO - Encoder coeffs loss: 0.30707597732543945
2026-04-09 17:04:05,921 - INFO - Decoder coeffs loss: 0.36435288190841675
2026-04-09 17:04:05,921 - INFO - Prev coeffs loss: 0.17249400913715363
2026-04-09 17:04:05,921 - INFO - Encoder smooth loss: 0.21250201761722565
2026-04-09 17:04:05,922 - INFO - Decoder smooth loss: 0.20035415887832642
2026-04-09 17:04:05,922 - INFO - Prev smooth loss: 0.1241726204752922
2026-04-09 17:04:05,922 - INFO - KL loss: 11.104110717773438
2026-04-09 17:04:05,923 - INFO - Total loss: 14.634685516357422
2026-04-09 17:04:05,994 - INFO - Reconstruction loss: 7.438815593719482
2026-04-09 17:04:05,994 - INFO - Encoder coeffs loss: 0.3015669584274292
2026-04-09 17:04:05,994 - INFO - Decoder coeffs loss: 0.35885435342788696
2026-04-09 17:04:05,995 - INFO - Prev coeffs loss: 0.17197029292583466
2026-04-09 17:04:05,995 - INFO - Encoder smooth loss: 0.207792267203331
2026-04-09 17:04:05,995 - INFO - Decoder smooth loss: 0.19782809913158417
2026-04-09 17:04:05,996 - INFO - Prev smooth loss: 0.12303244322538376
2026-04-09 17:04:05,996 - INFO - KL loss: 9.26715087890625
2026-04-09 17:04:05,996 - INFO - Total loss: 12.752913475036621
2026-04-09 17:04:06,039 - INFO - Epoch 63/5000
2026-04-09 17:04:06,039 - INFO - Epoch training loss: 112.09814929962158
2026-04-09 17:04:06,039 - INFO - -------------------
2026-04-09 17:04:06,064 - INFO - Reconstruction loss: 9.363411903381348
2026-04-09 17:04:06,066 - INFO - Encoder coeffs loss: 0.30788373947143555
2026-04-09 17:04:06,066 - INFO - Decoder coeffs loss: 0.3680150508880615
2026-04-09 17:04:06,067 - INFO - Prev coeffs loss: 0.17310072481632233
2026-04-09 17:04:06,067 - INFO - Encoder smooth loss: 0.21341468393802643
2026-04-09 17:04:06,068 - INFO - Decoder smooth loss: 0.20304088294506073
2026-04-09 17:04:06,068 - INFO - Prev smooth loss: 0.12470963597297668
2026-04-09 17:04:06,068 - INFO - KL loss: 12.49268627166748
2026-04-09 17:04:06,068 - INFO - Total loss: 16.304838180541992
2026-04-09 17:04:06,093 - INFO - Reconstruction loss: 8.14069938659668
2026-04-09 17:04:06,093 - INFO - Encoder coeffs loss: 0.3049349784851074
2026-04-09 17:04:06,093 - INFO - Decoder coeffs loss: 0.3629017472267151
2026-04-09 17:04:06,094 - INFO - Prev coeffs loss: 0.17306461930274963
2026-04-09 17:04:06,094 - INFO - Encoder smooth loss: 0.21070927381515503
2026-04-09 17:04:06,094 - INFO - Decoder smooth loss: 0.1993078589439392
2026-04-09 17:04:06,094 - INFO - Prev smooth loss: 0.12430953979492188
2026-04-09 17:04:06,094 - INFO - KL loss: 10.21235466003418
2026-04-09 17:04:06,095 - INFO - Total loss: 13.934491157531738
2026-04-09 17:04:06,095 - INFO - Epoch val loss: 30.23932933807373
2026-04-09 17:04:06,095 - INFO - -------------------
2026-04-09 17:04:06,095 - INFO - Saving model at epoch 63
2026-04-09 17:04:06,095 - INFO - Saving model name: AERCA_nonlinear_ws_5_stride_1_lr_0.0001_epochs_5000_hidden_layer_size_50_num_hidden_layers_8.pt
2026-04-09 17:04:06,193 - INFO - Reconstruction loss: 8.460700035095215
2026-04-09 17:04:06,193 - INFO - Encoder coeffs loss: 0.30606505274772644
2026-04-09 17:04:06,193 - INFO - Decoder coeffs loss: 0.3648182153701782
2026-04-09 17:04:06,194 - INFO - Prev coeffs loss: 0.17232881486415863
2026-04-09 17:04:06,194 - INFO - Encoder smooth loss: 0.2119417041540146
2026-04-09 17:04:06,195 - INFO - Decoder smooth loss: 0.20031499862670898
2026-04-09 17:04:06,195 - INFO - Prev smooth loss: 0.12355466187000275
2026-04-09 17:04:06,195 - INFO - KL loss: 10.83424186706543
2026-04-09 17:04:06,196 - INFO - Total loss: 14.56733226776123
2026-04-09 17:04:06,272 - INFO - Reconstruction loss: 8.100106239318848
2026-04-09 17:04:06,272 - INFO - Encoder coeffs loss: 0.304168164730072
2026-04-09 17:04:06,273 - INFO - Decoder coeffs loss: 0.36118239164352417
2026-04-09 17:04:06,273 - INFO - Prev coeffs loss: 0.1721515953540802
2026-04-09 17:04:06,273 - INFO - Encoder smooth loss: 0.20965053141117096
2026-04-09 17:04:06,274 - INFO - Decoder smooth loss: 0.19773904979228973
2026-04-09 17:04:06,274 - INFO - Prev smooth loss: 0.12313177436590195
2026-04-09 17:04:06,274 - INFO - KL loss: 10.330257415771484
2026-04-09 17:04:06,275 - INFO - Total loss: 13.949247360229492
2026-04-09 17:04:06,348 - INFO - Reconstruction loss: 8.007652282714844
2026-04-09 17:04:06,348 - INFO - Encoder coeffs loss: 0.30696505308151245
2026-04-09 17:04:06,349 - INFO - Decoder coeffs loss: 0.3618684411048889
2026-04-09 17:04:06,349 - INFO - Prev coeffs loss: 0.17241549491882324
2026-04-09 17:04:06,350 - INFO - Encoder smooth loss: 0.21212129294872284
2026-04-09 17:04:06,350 - INFO - Decoder smooth loss: 0.19887034595012665
2026-04-09 17:04:06,350 - INFO - Prev smooth loss: 0.12317902594804764
2026-04-09 17:04:06,351 - INFO - KL loss: 10.432962417602539
2026-04-09 17:04:06,351 - INFO - Total loss: 13.911844253540039
2026-04-09 17:04:06,423 - INFO - Reconstruction loss: 7.800741672515869
2026-04-09 17:04:06,423 - INFO - Encoder coeffs loss: 0.3033730387687683
2026-04-09 17:04:06,423 - INFO - Decoder coeffs loss: 0.35720694065093994
2026-04-09 17:04:06,424 - INFO - Prev coeffs loss: 0.1718788892030716
2026-04-09 17:04:06,424 - INFO - Encoder smooth loss: 0.2086770236492157
2026-04-09 17:04:06,425 - INFO - Decoder smooth loss: 0.19628696143627167
2026-04-09 17:04:06,425 - INFO - Prev smooth loss: 0.12302432954311371
2026-04-09 17:04:06,425 - INFO - KL loss: 9.53544807434082
2026-04-09 17:04:06,425 - INFO - Total loss: 13.248689651489258
2026-04-09 17:04:06,494 - INFO - Reconstruction loss: 8.438946723937988
2026-04-09 17:04:06,495 - INFO - Encoder coeffs loss: 0.3088734745979309
2026-04-09 17:04:06,495 - INFO - Decoder coeffs loss: 0.36457252502441406
2026-04-09 17:04:06,495 - INFO - Prev coeffs loss: 0.1727040857076645
2026-04-09 17:04:06,496 - INFO - Encoder smooth loss: 0.21312059462070465
2026-04-09 17:04:06,496 - INFO - Decoder smooth loss: 0.19998173415660858
2026-04-09 17:04:06,496 - INFO - Prev smooth loss: 0.1239834651350975
2026-04-09 17:04:06,497 - INFO - KL loss: 10.639097213745117
2026-04-09 17:04:06,497 - INFO - Total loss: 14.450114250183105
2026-04-09 17:04:06,579 - INFO - Reconstruction loss: 8.145462036132812
2026-04-09 17:04:06,579 - INFO - Encoder coeffs loss: 0.3059442937374115
2026-04-09 17:04:06,579 - INFO - Decoder coeffs loss: 0.3616030216217041
2026-04-09 17:04:06,580 - INFO - Prev coeffs loss: 0.17016565799713135
2026-04-09 17:04:06,580 - INFO - Encoder smooth loss: 0.21087992191314697
2026-04-09 17:04:06,580 - INFO - Decoder smooth loss: 0.19766657054424286
2026-04-09 17:04:06,580 - INFO - Prev smooth loss: 0.12152118980884552
2026-04-09 17:04:06,581 - INFO - KL loss: 10.749547958374023
2026-04-09 17:04:06,581 - INFO - Total loss: 14.204126358032227
2026-04-09 17:04:06,648 - INFO - Reconstruction loss: 8.362259864807129
2026-04-09 17:04:06,648 - INFO - Encoder coeffs loss: 0.30739790201187134
2026-04-09 17:04:06,648 - INFO - Decoder coeffs loss: 0.36431097984313965
2026-04-09 17:04:06,649 - INFO - Prev coeffs loss: 0.17180830240249634
2026-04-09 17:04:06,649 - INFO - Encoder smooth loss: 0.21237528324127197
2026-04-09 17:04:06,649 - INFO - Decoder smooth loss: 0.19871418178081512
2026-04-09 17:04:06,651 - INFO - Prev smooth loss: 0.12344954162836075
2026-04-09 17:04:06,651 - INFO - KL loss: 11.036471366882324
2026-04-09 17:04:06,651 - INFO - Total loss: 14.569524765014648
2026-04-09 17:04:06,720 - INFO - Reconstruction loss: 7.4111151695251465
2026-04-09 17:04:06,720 - INFO - Encoder coeffs loss: 0.30194950103759766
2026-04-09 17:04:06,721 - INFO - Decoder coeffs loss: 0.3589586615562439
2026-04-09 17:04:06,721 - INFO - Prev coeffs loss: 0.17132243514060974
2026-04-09 17:04:06,721 - INFO - Encoder smooth loss: 0.20767749845981598
2026-04-09 17:04:06,722 - INFO - Decoder smooth loss: 0.19633238017559052
2026-04-09 17:04:06,722 - INFO - Prev smooth loss: 0.12231666594743729
2026-04-09 17:04:06,722 - INFO - KL loss: 9.209357261657715
2026-04-09 17:04:06,723 - INFO - Total loss: 12.695072174072266
2026-04-09 17:04:06,767 - INFO - Epoch 64/5000
2026-04-09 17:04:06,767 - INFO - Epoch training loss: 111.59595108032227
2026-04-09 17:04:06,767 - INFO - -------------------
2026-04-09 17:04:06,793 - INFO - Reconstruction loss: 9.337006568908691
2026-04-09 17:04:06,793 - INFO - Encoder coeffs loss: 0.3081517219543457
2026-04-09 17:04:06,794 - INFO - Decoder coeffs loss: 0.3680247664451599
2026-04-09 17:04:06,794 - INFO - Prev coeffs loss: 0.17244598269462585
2026-04-09 17:04:06,794 - INFO - Encoder smooth loss: 0.2132813036441803
2026-04-09 17:04:06,795 - INFO - Decoder smooth loss: 0.20143695175647736
2026-04-09 17:04:06,795 - INFO - Prev smooth loss: 0.12399653345346451
2026-04-09 17:04:06,795 - INFO - KL loss: 12.439826965332031
2026-04-09 17:04:06,796 - INFO - Total loss: 16.250587463378906
2026-04-09 17:04:06,820 - INFO - Reconstruction loss: 8.116236686706543
2026-04-09 17:04:06,821 - INFO - Encoder coeffs loss: 0.3052935004234314
2026-04-09 17:04:06,821 - INFO - Decoder coeffs loss: 0.3629765510559082
2026-04-09 17:04:06,821 - INFO - Prev coeffs loss: 0.1724175214767456
2026-04-09 17:04:06,823 - INFO - Encoder smooth loss: 0.21059775352478027
2026-04-09 17:04:06,823 - INFO - Decoder smooth loss: 0.19776026904582977
2026-04-09 17:04:06,823 - INFO - Prev smooth loss: 0.1235828772187233
2026-04-09 17:04:06,823 - INFO - KL loss: 10.162064552307129
2026-04-09 17:04:06,824 - INFO - Total loss: 13.883583068847656
2026-04-09 17:04:06,824 - INFO - Epoch val loss: 30.134170532226562
2026-04-09 17:04:06,824 - INFO - -------------------
2026-04-09 17:04:06,824 - INFO - Saving model at epoch 64
2026-04-09 17:04:06,824 - INFO - Saving model name: AERCA_nonlinear_ws_5_stride_1_lr_0.0001_epochs_5000_hidden_layer_size_50_num_hidden_layers_8.pt
2026-04-09 17:04:06,919 - INFO - Reconstruction loss: 8.431966781616211
2026-04-09 17:04:06,919 - INFO - Encoder coeffs loss: 0.30634427070617676
2026-04-09 17:04:06,920 - INFO - Decoder coeffs loss: 0.36483174562454224
2026-04-09 17:04:06,920 - INFO - Prev coeffs loss: 0.17166709899902344
2026-04-09 17:04:06,920 - INFO - Encoder smooth loss: 0.21180950105190277
2026-04-09 17:04:06,921 - INFO - Decoder smooth loss: 0.19871799647808075
2026-04-09 17:04:06,921 - INFO - Prev smooth loss: 0.1228252649307251
2026-04-09 17:04:06,921 - INFO - KL loss: 10.772025108337402
2026-04-09 17:04:06,922 - INFO - Total loss: 14.50607681274414
2026-04-09 17:04:06,989 - INFO - Reconstruction loss: 8.067362785339355
2026-04-09 17:04:06,989 - INFO - Encoder coeffs loss: 0.30449849367141724
2026-04-09 17:04:06,990 - INFO - Decoder coeffs loss: 0.3611820936203003
2026-04-09 17:04:06,990 - INFO - Prev coeffs loss: 0.17149144411087036
2026-04-09 17:04:06,990 - INFO - Encoder smooth loss: 0.20951911807060242
2026-04-09 17:04:06,991 - INFO - Decoder smooth loss: 0.19614477455615997
2026-04-09 17:04:06,991 - INFO - Prev smooth loss: 0.12240026146173477
2026-04-09 17:04:06,991 - INFO - KL loss: 10.266997337341309
2026-04-09 17:04:06,992 - INFO - Total loss: 13.883478164672852
2026-04-09 17:04:07,042 - INFO - Reconstruction loss: 7.975562572479248
2026-04-09 17:04:07,043 - INFO - Encoder coeffs loss: 0.3072918951511383
2026-04-09 17:04:07,043 - INFO - Decoder coeffs loss: 0.3618543744087219
2026-04-09 17:04:07,043 - INFO - Prev coeffs loss: 0.1716647744178772
2026-04-09 17:04:07,044 - INFO - Encoder smooth loss: 0.21201732754707336
2026-04-09 17:04:07,044 - INFO - Decoder smooth loss: 0.19727878272533417
2026-04-09 17:04:07,044 - INFO - Prev smooth loss: 0.12237419933080673
2026-04-09 17:04:07,044 - INFO - KL loss: 10.37285041809082
2026-04-09 17:04:07,044 - INFO - Total loss: 13.848228454589844
2026-04-09 17:04:07,092 - INFO - Reconstruction loss: 7.7741169929504395
2026-04-09 17:04:07,092 - INFO - Encoder coeffs loss: 0.3037475049495697
2026-04-09 17:04:07,093 - INFO - Decoder coeffs loss: 0.3572458326816559
2026-04-09 17:04:07,093 - INFO - Prev coeffs loss: 0.17124095559120178
2026-04-09 17:04:07,093 - INFO - Encoder smooth loss: 0.2085881233215332
2026-04-09 17:04:07,093 - INFO - Decoder smooth loss: 0.194733127951622
2026-04-09 17:04:07,093 - INFO - Prev smooth loss: 0.1223246157169342
2026-04-09 17:04:07,094 - INFO - KL loss: 9.481825828552246
2026-04-09 17:04:07,094 - INFO - Total loss: 13.1939697265625
2026-04-09 17:04:07,147 - INFO - Reconstruction loss: 8.400944709777832
2026-04-09 17:04:07,147 - INFO - Encoder coeffs loss: 0.3091973066329956
2026-04-09 17:04:07,148 - INFO - Decoder coeffs loss: 0.3645753264427185
2026-04-09 17:04:07,148 - INFO - Prev coeffs loss: 0.17205670475959778
2026-04-09 17:04:07,148 - INFO - Encoder smooth loss: 0.2130289375782013
2026-04-09 17:04:07,149 - INFO - Decoder smooth loss: 0.19841478765010834
2026-04-09 17:04:07,149 - INFO - Prev smooth loss: 0.12327764928340912
2026-04-09 17:04:07,149 - INFO - KL loss: 10.575725555419922
2026-04-09 17:04:07,149 - INFO - Total loss: 14.379082679748535
2026-04-09 17:04:07,215 - INFO - Reconstruction loss: 8.11899185180664
2026-04-09 17:04:07,216 - INFO - Encoder coeffs loss: 0.3062646985054016
2026-04-09 17:04:07,216 - INFO - Decoder coeffs loss: 0.36157214641571045
2026-04-09 17:04:07,217 - INFO - Prev coeffs loss: 0.16947001218795776
2026-04-09 17:04:07,217 - INFO - Encoder smooth loss: 0.21079720556735992
2026-04-09 17:04:07,217 - INFO - Decoder smooth loss: 0.1960928589105606
2026-04-09 17:04:07,218 - INFO - Prev smooth loss: 0.1207728236913681
2026-04-09 17:04:07,218 - INFO - KL loss: 10.691510200500488
2026-04-09 17:04:07,218 - INFO - Total loss: 14.147232055664062
2026-04-09 17:04:07,285 - INFO - Reconstruction loss: 8.332575798034668
2026-04-09 17:04:07,285 - INFO - Encoder coeffs loss: 0.30772852897644043
2026-04-09 17:04:07,286 - INFO - Decoder coeffs loss: 0.36427009105682373
2026-04-09 17:04:07,286 - INFO - Prev coeffs loss: 0.17120769619941711
2026-04-09 17:04:07,286 - INFO - Encoder smooth loss: 0.21230590343475342
2026-04-09 17:04:07,287 - INFO - Decoder smooth loss: 0.19714322686195374
2026-04-09 17:04:07,287 - INFO - Prev smooth loss: 0.12279257923364639
2026-04-09 17:04:07,287 - INFO - KL loss: 10.967878341674805
2026-04-09 17:04:07,288 - INFO - Total loss: 14.504239082336426
2026-04-09 17:04:07,361 - INFO - Reconstruction loss: 7.384405612945557
2026-04-09 17:04:07,362 - INFO - Encoder coeffs loss: 0.30231940746307373
2026-04-09 17:04:07,362 - INFO - Decoder coeffs loss: 0.3590734601020813
2026-04-09 17:04:07,362 - INFO - Prev coeffs loss: 0.17078018188476562
2026-04-09 17:04:07,363 - INFO - Encoder smooth loss: 0.2076045423746109
2026-04-09 17:04:07,363 - INFO - Decoder smooth loss: 0.19490638375282288
2026-04-09 17:04:07,363 - INFO - Prev smooth loss: 0.12169225513935089
2026-04-09 17:04:07,363 - INFO - KL loss: 9.153291702270508
2026-04-09 17:04:07,364 - INFO - Total loss: 12.639239311218262
2026-04-09 17:04:07,408 - INFO - Epoch 65/5000
2026-04-09 17:04:07,408 - INFO - Epoch training loss: 111.10154628753662
2026-04-09 17:04:07,408 - INFO - -------------------
2026-04-09 17:04:07,431 - INFO - Reconstruction loss: 9.310094833374023
2026-04-09 17:04:07,432 - INFO - Encoder coeffs loss: 0.3083958029747009
2026-04-09 17:04:07,432 - INFO - Decoder coeffs loss: 0.36802804470062256
2026-04-09 17:04:07,433 - INFO - Prev coeffs loss: 0.17190571129322052
2026-04-09 17:04:07,433 - INFO - Encoder smooth loss: 0.2131785750389099
2026-04-09 17:04:07,433 - INFO - Decoder smooth loss: 0.19989745318889618
2026-04-09 17:04:07,434 - INFO - Prev smooth loss: 0.1233929917216301
2026-04-09 17:04:07,434 - INFO - KL loss: 12.38334846496582
2026-04-09 17:04:07,434 - INFO - Total loss: 16.194168090820312
2026-04-09 17:04:07,460 - INFO - Reconstruction loss: 8.091906547546387
2026-04-09 17:04:07,461 - INFO - Encoder coeffs loss: 0.30562326312065125
2026-04-09 17:04:07,461 - INFO - Decoder coeffs loss: 0.36305803060531616
2026-04-09 17:04:07,461 - INFO - Prev coeffs loss: 0.17189332842826843
2026-04-09 17:04:07,462 - INFO - Encoder smooth loss: 0.2105146199464798
2026-04-09 17:04:07,462 - INFO - Decoder smooth loss: 0.1962825059890747
2026-04-09 17:04:07,462 - INFO - Prev smooth loss: 0.12296722829341888
2026-04-09 17:04:07,462 - INFO - KL loss: 10.112749099731445
2026-04-09 17:04:07,463 - INFO - Total loss: 13.833451271057129
2026-04-09 17:04:07,463 - INFO - Epoch val loss: 30.02761936187744
2026-04-09 17:04:07,463 - INFO - -------------------
2026-04-09 17:04:07,463 - INFO - Saving model at epoch 65
2026-04-09 17:04:07,463 - INFO - Saving model name: AERCA_nonlinear_ws_5_stride_1_lr_0.0001_epochs_5000_hidden_layer_size_50_num_hidden_layers_8.pt
2026-04-09 17:04:07,558 - INFO - Reconstruction loss: 8.40261459350586
2026-04-09 17:04:07,559 - INFO - Encoder coeffs loss: 0.3065953254699707
2026-04-09 17:04:07,559 - INFO - Decoder coeffs loss: 0.36484673619270325
2026-04-09 17:04:07,560 - INFO - Prev coeffs loss: 0.17112743854522705
2026-04-09 17:04:07,560 - INFO - Encoder smooth loss: 0.2117065042257309
2026-04-09 17:04:07,560 - INFO - Decoder smooth loss: 0.19718444347381592
2026-04-09 17:04:07,560 - INFO - Prev smooth loss: 0.12220979481935501
2026-04-09 17:04:07,561 - INFO - KL loss: 10.709173202514648
2026-04-09 17:04:07,561 - INFO - Total loss: 14.444036483764648
2026-04-09 17:04:07,634 - INFO - Reconstruction loss: 8.035210609436035
2026-04-09 17:04:07,634 - INFO - Encoder coeffs loss: 0.30476951599121094
2026-04-09 17:04:07,635 - INFO - Decoder coeffs loss: 0.3611721396446228
2026-04-09 17:04:07,635 - INFO - Prev coeffs loss: 0.1709728240966797
2026-04-09 17:04:07,635 - INFO - Encoder smooth loss: 0.20939384400844574
2026-04-09 17:04:07,636 - INFO - Decoder smooth loss: 0.19460958242416382
2026-04-09 17:04:07,636 - INFO - Prev smooth loss: 0.12180593609809875
2026-04-09 17:04:07,636 - INFO - KL loss: 10.203824043273926
2026-04-09 17:04:07,636 - INFO - Total loss: 13.818485260009766
2026-04-09 17:04:07,710 - INFO - Reconstruction loss: 7.943404674530029
2026-04-09 17:04:07,711 - INFO - Encoder coeffs loss: 0.30753421783447266
2026-04-09 17:04:07,711 - INFO - Decoder coeffs loss: 0.3618518114089966
2026-04-09 17:04:07,713 - INFO - Prev coeffs loss: 0.17104332149028778
2026-04-09 17:04:07,713 - INFO - Encoder smooth loss: 0.2118973731994629
2026-04-09 17:04:07,713 - INFO - Decoder smooth loss: 0.19575461745262146
2026-04-09 17:04:07,714 - INFO - Prev smooth loss: 0.12171124666929245
2026-04-09 17:04:07,714 - INFO - KL loss: 10.315542221069336
2026-04-09 17:04:07,714 - INFO - Total loss: 13.786072731018066
2026-04-09 17:04:07,787 - INFO - Reconstruction loss: 7.748092174530029
2026-04-09 17:04:07,787 - INFO - Encoder coeffs loss: 0.30405592918395996
2026-04-09 17:04:07,788 - INFO - Decoder coeffs loss: 0.3572697639465332
2026-04-09 17:04:07,788 - INFO - Prev coeffs loss: 0.17077429592609406
2026-04-09 17:04:07,788 - INFO - Encoder smooth loss: 0.20850567519664764
2026-04-09 17:04:07,788 - INFO - Decoder smooth loss: 0.19323664903640747
2026-04-09 17:04:07,789 - INFO - Prev smooth loss: 0.12179753929376602
2026-04-09 17:04:07,789 - INFO - KL loss: 9.42647933959961
2026-04-09 17:04:07,789 - INFO - Total loss: 13.139152526855469
2026-04-09 17:04:07,861 - INFO - Reconstruction loss: 8.362306594848633
2026-04-09 17:04:07,861 - INFO - Encoder coeffs loss: 0.30945396423339844
2026-04-09 17:04:07,862 - INFO - Decoder coeffs loss: 0.3645550608634949
2026-04-09 17:04:07,862 - INFO - Prev coeffs loss: 0.17155961692333221
2026-04-09 17:04:07,863 - INFO - Encoder smooth loss: 0.21293161809444427
2026-04-09 17:04:07,863 - INFO - Decoder smooth loss: 0.196900874376297
2026-04-09 17:04:07,863 - INFO - Prev smooth loss: 0.12272841483354568
2026-04-09 17:04:07,864 - INFO - KL loss: 10.509162902832031
2026-04-09 17:04:07,864 - INFO - Total loss: 14.305953025817871
2026-04-09 17:04:07,939 - INFO - Reconstruction loss: 8.09332275390625
2026-04-09 17:04:07,940 - INFO - Encoder coeffs loss: 0.3065311908721924
2026-04-09 17:04:07,940 - INFO - Decoder coeffs loss: 0.3615170419216156
2026-04-09 17:04:07,941 - INFO - Prev coeffs loss: 0.16892483830451965
2026-04-09 17:04:07,941 - INFO - Encoder smooth loss: 0.21071375906467438
2026-04-09 17:04:07,941 - INFO - Decoder smooth loss: 0.1945742666721344
2026-04-09 17:04:07,942 - INFO - Prev smooth loss: 0.12018976360559464
2026-04-09 17:04:07,942 - INFO - KL loss: 10.632782936096191
2026-04-09 17:04:07,942 - INFO - Total loss: 14.090940475463867
2026-04-09 17:04:08,014 - INFO - Reconstruction loss: 8.302897453308105
2026-04-09 17:04:08,015 - INFO - Encoder coeffs loss: 0.3080329895019531
2026-04-09 17:04:08,015 - INFO - Decoder coeffs loss: 0.36422592401504517
2026-04-09 17:04:08,016 - INFO - Prev coeffs loss: 0.1707795262336731
2026-04-09 17:04:08,016 - INFO - Encoder smooth loss: 0.21225522458553314
2026-04-09 17:04:08,016 - INFO - Decoder smooth loss: 0.19563508033752441
2026-04-09 17:04:08,016 - INFO - Prev smooth loss: 0.12230483442544937
2026-04-09 17:04:08,017 - INFO - KL loss: 10.902151107788086
2026-04-09 17:04:08,017 - INFO - Total loss: 14.440589904785156
2026-04-09 17:04:08,088 - INFO - Reconstruction loss: 7.357945442199707
2026-04-09 17:04:08,088 - INFO - Encoder coeffs loss: 0.3026992380619049
2026-04-09 17:04:08,089 - INFO - Decoder coeffs loss: 0.3591617941856384
2026-04-09 17:04:08,089 - INFO - Prev coeffs loss: 0.17042505741119385
2026-04-09 17:04:08,089 - INFO - Encoder smooth loss: 0.20757460594177246
2026-04-09 17:04:08,090 - INFO - Decoder smooth loss: 0.19352829456329346
2026-04-09 17:04:08,090 - INFO - Prev smooth loss: 0.12124862521886826
2026-04-09 17:04:08,090 - INFO - KL loss: 9.09781551361084
2026-04-09 17:04:08,091 - INFO - Total loss: 12.584171295166016
2026-04-09 17:04:08,135 - INFO - Epoch 66/5000
2026-04-09 17:04:08,135 - INFO - Epoch training loss: 110.60940170288086
2026-04-09 17:04:08,135 - INFO - -------------------
2026-04-09 17:04:08,161 - INFO - Reconstruction loss: 9.282803535461426
2026-04-09 17:04:08,162 - INFO - Encoder coeffs loss: 0.3086605668067932
2026-04-09 17:04:08,162 - INFO - Decoder coeffs loss: 0.368011474609375
2026-04-09 17:04:08,162 - INFO - Prev coeffs loss: 0.17155495285987854
2026-04-09 17:04:08,163 - INFO - Encoder smooth loss: 0.21313029527664185
2026-04-09 17:04:08,163 - INFO - Decoder smooth loss: 0.19840838015079498
2026-04-09 17:04:08,163 - INFO - Prev smooth loss: 0.12296358495950699
2026-04-09 17:04:08,163 - INFO - KL loss: 12.32840347290039
2026-04-09 17:04:08,164 - INFO - Total loss: 16.138370513916016
2026-04-09 17:04:08,190 - INFO - Reconstruction loss: 8.066788673400879
2026-04-09 17:04:08,191 - INFO - Encoder coeffs loss: 0.30599451065063477
2026-04-09 17:04:08,191 - INFO - Decoder coeffs loss: 0.363111287355423
2026-04-09 17:04:08,192 - INFO - Prev coeffs loss: 0.17156025767326355
2026-04-09 17:04:08,192 - INFO - Encoder smooth loss: 0.21049661934375763
2026-04-09 17:04:08,192 - INFO - Decoder smooth loss: 0.19485551118850708
2026-04-09 17:04:08,193 - INFO - Prev smooth loss: 0.1225268766283989
2026-04-09 17:04:08,193 - INFO - KL loss: 10.06144905090332
2026-04-09 17:04:08,193 - INFO - Total loss: 13.78178596496582
2026-04-09 17:04:08,194 - INFO - Epoch val loss: 29.920156478881836
2026-04-09 17:04:08,194 - INFO - -------------------
2026-04-09 17:04:08,194 - INFO - Saving model at epoch 66
2026-04-09 17:04:08,194 - INFO - Saving model name: AERCA_nonlinear_ws_5_stride_1_lr_0.0001_epochs_5000_hidden_layer_size_50_num_hidden_layers_8.pt
2026-04-09 17:04:08,293 - INFO - Reconstruction loss: 8.372886657714844
2026-04-09 17:04:08,294 - INFO - Encoder coeffs loss: 0.3068714737892151
2026-04-09 17:04:08,294 - INFO - Decoder coeffs loss: 0.3648345470428467
2026-04-09 17:04:08,295 - INFO - Prev coeffs loss: 0.17078113555908203
2026-04-09 17:04:08,296 - INFO - Encoder smooth loss: 0.2116587609052658
2026-04-09 17:04:08,296 - INFO - Decoder smooth loss: 0.19570329785346985
2026-04-09 17:04:08,296 - INFO - Prev smooth loss: 0.12176868319511414
2026-04-09 17:04:08,296 - INFO - KL loss: 10.646577835083008
2026-04-09 17:04:08,297 - INFO - Total loss: 14.38198471069336
2026-04-09 17:04:08,369 - INFO - Reconstruction loss: 8.004318237304688
2026-04-09 17:04:08,369 - INFO - Encoder coeffs loss: 0.30510538816452026
2026-04-09 17:04:08,370 - INFO - Decoder coeffs loss: 0.36113405227661133
2026-04-09 17:04:08,370 - INFO - Prev coeffs loss: 0.17066346108913422
2026-04-09 17:04:08,371 - INFO - Encoder smooth loss: 0.20935486257076263
2026-04-09 17:04:08,371 - INFO - Decoder smooth loss: 0.19311994314193726
2026-04-09 17:04:08,371 - INFO - Prev smooth loss: 0.12139768153429031
2026-04-09 17:04:08,372 - INFO - KL loss: 10.138445854187012
2026-04-09 17:04:08,372 - INFO - Total loss: 13.753929138183594
2026-04-09 17:04:08,445 - INFO - Reconstruction loss: 7.911377906799316
2026-04-09 17:04:08,446 - INFO - Encoder coeffs loss: 0.3078652620315552
2026-04-09 17:04:08,446 - INFO - Decoder coeffs loss: 0.36182475090026855
2026-04-09 17:04:08,446 - INFO - Prev coeffs loss: 0.1706279218196869
2026-04-09 17:04:08,447 - INFO - Encoder smooth loss: 0.21188154816627502
2026-04-09 17:04:08,447 - INFO - Decoder smooth loss: 0.1942806839942932
2026-04-09 17:04:08,447 - INFO - Prev smooth loss: 0.12122727930545807
2026-04-09 17:04:08,447 - INFO - KL loss: 10.256052017211914
2026-04-09 17:04:08,449 - INFO - Total loss: 13.723258018493652
2026-04-09 17:04:08,525 - INFO - Reconstruction loss: 7.7223687171936035
2026-04-09 17:04:08,526 - INFO - Encoder coeffs loss: 0.3044600188732147
2026-04-09 17:04:08,526 - INFO - Decoder coeffs loss: 0.35730114579200745
2026-04-09 17:04:08,527 - INFO - Prev coeffs loss: 0.17048904299736023
2026-04-09 17:04:08,528 - INFO - Encoder smooth loss: 0.2085295468568802
2026-04-09 17:04:08,528 - INFO - Decoder smooth loss: 0.19180822372436523
2026-04-09 17:04:08,528 - INFO - Prev smooth loss: 0.12142971158027649
2026-04-09 17:04:08,528 - INFO - KL loss: 9.37214183807373
2026-04-09 17:04:08,529 - INFO - Total loss: 13.08544921875
2026-04-09 17:04:08,604 - INFO - Reconstruction loss: 8.324408531188965
2026-04-09 17:04:08,605 - INFO - Encoder coeffs loss: 0.30980199575424194
2026-04-09 17:04:08,605 - INFO - Decoder coeffs loss: 0.36456823348999023
2026-04-09 17:04:08,605 - INFO - Prev coeffs loss: 0.1712229996919632
2026-04-09 17:04:08,606 - INFO - Encoder smooth loss: 0.21293683350086212
2026-04-09 17:04:08,606 - INFO - Decoder smooth loss: 0.19547350704669952
2026-04-09 17:04:08,606 - INFO - Prev smooth loss: 0.1223117858171463
2026-04-09 17:04:08,607 - INFO - KL loss: 10.446512222290039
2026-04-09 17:04:08,607 - INFO - Total loss: 14.235821723937988
2026-04-09 17:04:08,681 - INFO - Reconstruction loss: 8.065937042236328
2026-04-09 17:04:08,682 - INFO - Encoder coeffs loss: 0.30689847469329834
2026-04-09 17:04:08,683 - INFO - Decoder coeffs loss: 0.3614661395549774
2026-04-09 17:04:08,683 - INFO - Prev coeffs loss: 0.16848871111869812
2026-04-09 17:04:08,683 - INFO - Encoder smooth loss: 0.2107415795326233
2026-04-09 17:04:08,684 - INFO - Decoder smooth loss: 0.19312268495559692
2026-04-09 17:04:08,684 - INFO - Prev smooth loss: 0.11970225721597672
2026-04-09 17:04:08,685 - INFO - KL loss: 10.571706771850586
2026-04-09 17:04:08,685 - INFO - Total loss: 14.031999588012695
2026-04-09 17:04:08,762 - INFO - Reconstruction loss: 8.272902488708496
2026-04-09 17:04:08,763 - INFO - Encoder coeffs loss: 0.30845341086387634
2026-04-09 17:04:08,763 - INFO - Decoder coeffs loss: 0.36418023705482483
2026-04-09 17:04:08,764 - INFO - Prev coeffs loss: 0.17041033506393433
2026-04-09 17:04:08,764 - INFO - Encoder smooth loss: 0.2123224288225174
2026-04-09 17:04:08,764 - INFO - Decoder smooth loss: 0.19419851899147034
2026-04-09 17:04:08,764 - INFO - Prev smooth loss: 0.12186861038208008
2026-04-09 17:04:08,765 - INFO - KL loss: 10.832669258117676
2026-04-09 17:04:08,765 - INFO - Total loss: 14.37495231628418
2026-04-09 17:04:08,839 - INFO - Reconstruction loss: 7.331103801727295
2026-04-09 17:04:08,840 - INFO - Encoder coeffs loss: 0.3032107353210449
2026-04-09 17:04:08,840 - INFO - Decoder coeffs loss: 0.3592569828033447
2026-04-09 17:04:08,840 - INFO - Prev coeffs loss: 0.1700899451971054
2026-04-09 17:04:08,841 - INFO - Encoder smooth loss: 0.20767329633235931
2026-04-09 17:04:08,841 - INFO - Decoder smooth loss: 0.19221967458724976
2026-04-09 17:04:08,841 - INFO - Prev smooth loss: 0.12082339823246002
2026-04-09 17:04:08,842 - INFO - KL loss: 9.039644241333008
2026-04-09 17:04:08,842 - INFO - Total loss: 12.527562141418457
2026-04-09 17:04:08,888 - INFO - Epoch 67/5000
2026-04-09 17:04:08,888 - INFO - Epoch training loss: 110.11495685577393
2026-04-09 17:04:08,888 - INFO - -------------------
2026-04-09 17:04:08,915 - INFO - Reconstruction loss: 9.255621910095215
2026-04-09 17:04:08,915 - INFO - Encoder coeffs loss: 0.30906566977500916
2026-04-09 17:04:08,916 - INFO - Decoder coeffs loss: 0.3680102825164795
2026-04-09 17:04:08,916 - INFO - Prev coeffs loss: 0.17120018601417542
2026-04-09 17:04:08,917 - INFO - Encoder smooth loss: 0.2132180780172348
2026-04-09 17:04:08,917 - INFO - Decoder smooth loss: 0.19700002670288086
2026-04-09 17:04:08,917 - INFO - Prev smooth loss: 0.12253274023532867
2026-04-09 17:04:08,917 - INFO - KL loss: 12.273088455200195
2026-04-09 17:04:08,918 - INFO - Total loss: 16.082679748535156
2026-04-09 17:04:08,940 - INFO - Reconstruction loss: 8.042420387268066
2026-04-09 17:04:08,941 - INFO - Encoder coeffs loss: 0.30652183294296265
2026-04-09 17:04:08,941 - INFO - Decoder coeffs loss: 0.3631654381752014
2026-04-09 17:04:08,941 - INFO - Prev coeffs loss: 0.1712181270122528
2026-04-09 17:04:08,942 - INFO - Encoder smooth loss: 0.21062542498111725
2026-04-09 17:04:08,942 - INFO - Decoder smooth loss: 0.19350235164165497
2026-04-09 17:04:08,942 - INFO - Prev smooth loss: 0.12208149582147598
2026-04-09 17:04:08,942 - INFO - KL loss: 10.007129669189453
2026-04-09 17:04:08,942 - INFO - Total loss: 13.72954273223877
2026-04-09 17:04:08,942 - INFO - Epoch val loss: 29.812222480773926
2026-04-09 17:04:08,942 - INFO - -------------------
2026-04-09 17:04:08,943 - INFO - Saving model at epoch 67
2026-04-09 17:04:08,943 - INFO - Saving model name: AERCA_nonlinear_ws_5_stride_1_lr_0.0001_epochs_5000_hidden_layer_size_50_num_hidden_layers_8.pt
2026-04-09 17:04:09,039 - INFO - Reconstruction loss: 8.343266487121582
2026-04-09 17:04:09,039 - INFO - Encoder coeffs loss: 0.3072982430458069
2026-04-09 17:04:09,039 - INFO - Decoder coeffs loss: 0.36484676599502563
2026-04-09 17:04:09,040 - INFO - Prev coeffs loss: 0.1704300493001938
2026-04-09 17:04:09,040 - INFO - Encoder smooth loss: 0.2117493748664856
2026-04-09 17:04:09,040 - INFO - Decoder smooth loss: 0.1943078637123108
2026-04-09 17:04:09,041 - INFO - Prev smooth loss: 0.1213226392865181
2026-04-09 17:04:09,041 - INFO - KL loss: 10.584294319152832
2026-04-09 17:04:09,042 - INFO - Total loss: 14.320390701293945
2026-04-09 17:04:09,115 - INFO - Reconstruction loss: 7.9734063148498535
2026-04-09 17:04:09,115 - INFO - Encoder coeffs loss: 0.3056117296218872
2026-04-09 17:04:09,116 - INFO - Decoder coeffs loss: 0.36113354563713074
2026-04-09 17:04:09,116 - INFO - Prev coeffs loss: 0.1703094244003296
2026-04-09 17:04:09,117 - INFO - Encoder smooth loss: 0.20947375893592834
2026-04-09 17:04:09,117 - INFO - Decoder smooth loss: 0.19171778857707977
2026-04-09 17:04:09,117 - INFO - Prev smooth loss: 0.12095136195421219
2026-04-09 17:04:09,117 - INFO - KL loss: 10.075679779052734
2026-04-09 17:04:09,118 - INFO - Total loss: 13.690845489501953
2026-04-09 17:04:09,187 - INFO - Reconstruction loss: 7.8796820640563965
2026-04-09 17:04:09,187 - INFO - Encoder coeffs loss: 0.30837777256965637
2026-04-09 17:04:09,187 - INFO - Decoder coeffs loss: 0.3618178069591522
2026-04-09 17:04:09,188 - INFO - Prev coeffs loss: 0.17013628780841827
2026-04-09 17:04:09,188 - INFO - Encoder smooth loss: 0.21203522384166718
2026-04-09 17:04:09,188 - INFO - Decoder smooth loss: 0.19288383424282074
2026-04-09 17:04:09,189 - INFO - Prev smooth loss: 0.12067265063524246
2026-04-09 17:04:09,189 - INFO - KL loss: 10.194988250732422
2026-04-09 17:04:09,189 - INFO - Total loss: 13.660138130187988
2026-04-09 17:04:09,258 - INFO - Reconstruction loss: 7.6963582038879395
2026-04-09 17:04:09,258 - INFO - Encoder coeffs loss: 0.3050183057785034
2026-04-09 17:04:09,259 - INFO - Decoder coeffs loss: 0.35734879970550537
2026-04-09 17:04:09,259 - INFO - Prev coeffs loss: 0.1700800657272339
2026-04-09 17:04:09,259 - INFO - Encoder smooth loss: 0.2087116837501526
2026-04-09 17:04:09,260 - INFO - Decoder smooth loss: 0.19045361876487732
2026-04-09 17:04:09,260 - INFO - Prev smooth loss: 0.12095252424478531
2026-04-09 17:04:09,260 - INFO - KL loss: 9.315582275390625
2026-04-09 17:04:09,261 - INFO - Total loss: 13.030431747436523
2026-04-09 17:04:09,330 - INFO - Reconstruction loss: 8.286333084106445
2026-04-09 17:04:09,331 - INFO - Encoder coeffs loss: 0.3102880120277405
2026-04-09 17:04:09,331 - INFO - Decoder coeffs loss: 0.36458879709243774
2026-04-09 17:04:09,331 - INFO - Prev coeffs loss: 0.17075781524181366
2026-04-09 17:04:09,332 - INFO - Encoder smooth loss: 0.21309661865234375
2026-04-09 17:04:09,332 - INFO - Decoder smooth loss: 0.19410106539726257
2026-04-09 17:04:09,332 - INFO - Prev smooth loss: 0.12178819626569748
2026-04-09 17:04:09,332 - INFO - KL loss: 10.380475997924805
2026-04-09 17:04:09,333 - INFO - Total loss: 14.163881301879883
2026-04-09 17:04:09,397 - INFO - Reconstruction loss: 8.038639068603516
2026-04-09 17:04:09,397 - INFO - Encoder coeffs loss: 0.3073514997959137
2026-04-09 17:04:09,397 - INFO - Decoder coeffs loss: 0.36144036054611206
2026-04-09 17:04:09,398 - INFO - Prev coeffs loss: 0.1679462492465973
2026-04-09 17:04:09,398 - INFO - Encoder smooth loss: 0.21089628338813782
2026-04-09 17:04:09,398 - INFO - Decoder smooth loss: 0.19172734022140503
2026-04-09 17:04:09,399 - INFO - Prev smooth loss: 0.11911517381668091
2026-04-09 17:04:09,399 - INFO - KL loss: 10.508841514587402
2026-04-09 17:04:09,399 - INFO - Total loss: 13.972297668457031
2026-04-09 17:04:09,465 - INFO - Reconstruction loss: 8.243656158447266
2026-04-09 17:04:09,466 - INFO - Encoder coeffs loss: 0.30889710783958435
2026-04-09 17:04:09,466 - INFO - Decoder coeffs loss: 0.36416882276535034
2026-04-09 17:04:09,466 - INFO - Prev coeffs loss: 0.16993166506290436
2026-04-09 17:04:09,467 - INFO - Encoder smooth loss: 0.21247851848602295
2026-04-09 17:04:09,467 - INFO - Decoder smooth loss: 0.19281812012195587
2026-04-09 17:04:09,467 - INFO - Prev smooth loss: 0.12133891880512238
2026-04-09 17:04:09,467 - INFO - KL loss: 10.765111923217773
2026-04-09 17:04:09,468 - INFO - Total loss: 14.311028480529785
2026-04-09 17:04:09,535 - INFO - Reconstruction loss: 7.305266380310059
2026-04-09 17:04:09,536 - INFO - Encoder coeffs loss: 0.3036970794200897
2026-04-09 17:04:09,536 - INFO - Decoder coeffs loss: 0.35939764976501465
2026-04-09 17:04:09,536 - INFO - Prev coeffs loss: 0.1696326583623886
2026-04-09 17:04:09,536 - INFO - Encoder smooth loss: 0.20783112943172455
2026-04-09 17:04:09,537 - INFO - Decoder smooth loss: 0.1909596025943756
2026-04-09 17:04:09,537 - INFO - Prev smooth loss: 0.12029178440570831
2026-04-09 17:04:09,537 - INFO - KL loss: 8.98352336883545
2026-04-09 17:04:09,538 - INFO - Total loss: 12.472932815551758
2026-04-09 17:04:09,580 - INFO - Epoch 68/5000
2026-04-09 17:04:09,580 - INFO - Epoch training loss: 109.62194633483887
2026-04-09 17:04:09,580 - INFO - -------------------
2026-04-09 17:04:09,600 - INFO - Reconstruction loss: 9.22846794128418
2026-04-09 17:04:09,601 - INFO - Encoder coeffs loss: 0.3093867897987366
2026-04-09 17:04:09,601 - INFO - Decoder coeffs loss: 0.36806121468544006
2026-04-09 17:04:09,601 - INFO - Prev coeffs loss: 0.1707395762205124
2026-04-09 17:04:09,601 - INFO - Encoder smooth loss: 0.21332426369190216
2026-04-09 17:04:09,602 - INFO - Decoder smooth loss: 0.19563746452331543
2026-04-09 17:04:09,602 - INFO - Prev smooth loss: 0.12201870232820511
2026-04-09 17:04:09,602 - INFO - KL loss: 12.218059539794922
2026-04-09 17:04:09,603 - INFO - Total loss: 16.027080535888672
2026-04-09 17:04:09,622 - INFO - Reconstruction loss: 8.01932144165039
2026-04-09 17:04:09,622 - INFO - Encoder coeffs loss: 0.30696791410446167
2026-04-09 17:04:09,623 - INFO - Decoder coeffs loss: 0.36328214406967163
2026-04-09 17:04:09,623 - INFO - Prev coeffs loss: 0.1707601547241211
2026-04-09 17:04:09,623 - INFO - Encoder smooth loss: 0.2107761651277542
2026-04-09 17:04:09,623 - INFO - Decoder smooth loss: 0.19219215214252472
2026-04-09 17:04:09,624 - INFO - Prev smooth loss: 0.121543750166893
2026-04-09 17:04:09,624 - INFO - KL loss: 9.955344200134277
2026-04-09 17:04:09,624 - INFO - Total loss: 13.679754257202148
2026-04-09 17:04:09,624 - INFO - Epoch val loss: 29.70683479309082
2026-04-09 17:04:09,625 - INFO - -------------------
2026-04-09 17:04:09,625 - INFO - Saving model at epoch 68
2026-04-09 17:04:09,625 - INFO - Saving model name: AERCA_nonlinear_ws_5_stride_1_lr_0.0001_epochs_5000_hidden_layer_size_50_num_hidden_layers_8.pt
2026-04-09 17:04:09,722 - INFO - Reconstruction loss: 8.312647819519043
2026-04-09 17:04:09,722 - INFO - Encoder coeffs loss: 0.30763962864875793
2026-04-09 17:04:09,723 - INFO - Decoder coeffs loss: 0.3649028241634369
2026-04-09 17:04:09,723 - INFO - Prev coeffs loss: 0.16996364295482635
2026-04-09 17:04:09,723 - INFO - Encoder smooth loss: 0.2118552327156067
2026-04-09 17:04:09,724 - INFO - Decoder smooth loss: 0.19295261800289154
2026-04-09 17:04:09,724 - INFO - Prev smooth loss: 0.12078478187322617
2026-04-09 17:04:09,724 - INFO - KL loss: 10.518331527709961
2026-04-09 17:04:09,724 - INFO - Total loss: 14.255863189697266
2026-04-09 17:04:09,788 - INFO - Reconstruction loss: 7.943916320800781
2026-04-09 17:04:09,788 - INFO - Encoder coeffs loss: 0.3060123920440674
2026-04-09 17:04:09,789 - INFO - Decoder coeffs loss: 0.3611835837364197
2026-04-09 17:04:09,789 - INFO - Prev coeffs loss: 0.1698385775089264
2026-04-09 17:04:09,789 - INFO - Encoder smooth loss: 0.20958997309207916
2026-04-09 17:04:09,791 - INFO - Decoder smooth loss: 0.1903495192527771
2026-04-09 17:04:09,791 - INFO - Prev smooth loss: 0.1204179897904396
2026-04-09 17:04:09,791 - INFO - KL loss: 10.011878967285156
2026-04-09 17:04:09,792 - INFO - Total loss: 13.62855339050293
2026-04-09 17:04:09,852 - INFO - Reconstruction loss: 7.84953498840332
2026-04-09 17:04:09,853 - INFO - Encoder coeffs loss: 0.3087528944015503
2026-04-09 17:04:09,853 - INFO - Decoder coeffs loss: 0.3618621230125427
2026-04-09 17:04:09,853 - INFO - Prev coeffs loss: 0.16957393288612366
2026-04-09 17:04:09,854 - INFO - Encoder smooth loss: 0.2121584415435791
2026-04-09 17:04:09,854 - INFO - Decoder smooth loss: 0.19150753319263458
2026-04-09 17:04:09,854 - INFO - Prev smooth loss: 0.12006822228431702
2026-04-09 17:04:09,854 - INFO - KL loss: 10.130366325378418
2026-04-09 17:04:09,854 - INFO - Total loss: 13.5966796875
2026-04-09 17:04:09,923 - INFO - Reconstruction loss: 7.670422077178955
2026-04-09 17:04:09,923 - INFO - Encoder coeffs loss: 0.30547428131103516
2026-04-09 17:04:09,924 - INFO - Decoder coeffs loss: 0.3574645519256592
2026-04-09 17:04:09,924 - INFO - Prev coeffs loss: 0.16960810124874115
2026-04-09 17:04:09,924 - INFO - Encoder smooth loss: 0.20887978374958038
2026-04-09 17:04:09,925 - INFO - Decoder smooth loss: 0.1891239732503891
2026-04-09 17:04:09,925 - INFO - Prev smooth loss: 0.12044119089841843
2026-04-09 17:04:09,925 - INFO - KL loss: 9.260781288146973
2026-04-09 17:04:09,925 - INFO - Total loss: 12.976308822631836
2026-04-09 17:04:09,982 - INFO - Reconstruction loss: 8.249861717224121
2026-04-09 17:04:09,983 - INFO - Encoder coeffs loss: 0.31070011854171753
2026-04-09 17:04:09,983 - INFO - Decoder coeffs loss: 0.3646796941757202
2026-04-09 17:04:09,983 - INFO - Prev coeffs loss: 0.17024007439613342
2026-04-09 17:04:09,983 - INFO - Encoder smooth loss: 0.2132541686296463
2026-04-09 17:04:09,983 - INFO - Decoder smooth loss: 0.1927560418844223
2026-04-09 17:04:09,984 - INFO - Prev smooth loss: 0.12124336510896683
2026-04-09 17:04:09,984 - INFO - KL loss: 10.320345878601074
2026-04-09 17:04:09,984 - INFO - Total loss: 14.096471786499023
2026-04-09 17:04:10,055 - INFO - Reconstruction loss: 8.011605262756348
2026-04-09 17:04:10,055 - INFO - Encoder coeffs loss: 0.3077796697616577
2026-04-09 17:04:10,056 - INFO - Decoder coeffs loss: 0.361461877822876
2026-04-09 17:04:10,056 - INFO - Prev coeffs loss: 0.16734783351421356
2026-04-09 17:04:10,057 - INFO - Encoder smooth loss: 0.21107932925224304
2026-04-09 17:04:10,057 - INFO - Decoder smooth loss: 0.1903444230556488
2026-04-09 17:04:10,057 - INFO - Prev smooth loss: 0.1185111477971077
2026-04-09 17:04:10,057 - INFO - KL loss: 10.445160865783691
2026-04-09 17:04:10,058 - INFO - Total loss: 13.912446975708008
2026-04-09 17:04:10,121 - INFO - Reconstruction loss: 8.215119361877441
2026-04-09 17:04:10,122 - INFO - Encoder coeffs loss: 0.30936479568481445
2026-04-09 17:04:10,122 - INFO - Decoder coeffs loss: 0.36422017216682434
2026-04-09 17:04:10,122 - INFO - Prev coeffs loss: 0.16939984261989594
2026-04-09 17:04:10,122 - INFO - Encoder smooth loss: 0.21269017457962036
2026-04-09 17:04:10,123 - INFO - Decoder smooth loss: 0.19145947694778442
2026-04-09 17:04:10,123 - INFO - Prev smooth loss: 0.1207943856716156
2026-04-09 17:04:10,123 - INFO - KL loss: 10.70165729522705
2026-04-09 17:04:10,124 - INFO - Total loss: 14.24991226196289
2026-04-09 17:04:10,192 - INFO - Reconstruction loss: 7.280183792114258
2026-04-09 17:04:10,192 - INFO - Encoder coeffs loss: 0.30425310134887695
2026-04-09 17:04:10,193 - INFO - Decoder coeffs loss: 0.35960203409194946
2026-04-09 17:04:10,193 - INFO - Prev coeffs loss: 0.16911524534225464
2026-04-09 17:04:10,193 - INFO - Encoder smooth loss: 0.20807357132434845
2026-04-09 17:04:10,193 - INFO - Decoder smooth loss: 0.18972653150558472
2026-04-09 17:04:10,194 - INFO - Prev smooth loss: 0.11973940581083298
2026-04-09 17:04:10,194 - INFO - KL loss: 8.928563117980957
2026-04-09 17:04:10,194 - INFO - Total loss: 12.419719696044922
2026-04-09 17:04:10,234 - INFO - Epoch 69/5000
2026-04-09 17:04:10,234 - INFO - Epoch training loss: 109.13595581054688
2026-04-09 17:04:10,234 - INFO - -------------------
2026-04-09 17:04:10,259 - INFO - Reconstruction loss: 9.203036308288574
2026-04-09 17:04:10,259 - INFO - Encoder coeffs loss: 0.3098178207874298
2026-04-09 17:04:10,260 - INFO - Decoder coeffs loss: 0.36816954612731934
2026-04-09 17:04:10,260 - INFO - Prev coeffs loss: 0.17022013664245605
2026-04-09 17:04:10,260 - INFO - Encoder smooth loss: 0.21354089677333832
2026-04-09 17:04:10,260 - INFO - Decoder smooth loss: 0.1943090707063675
2026-04-09 17:04:10,261 - INFO - Prev smooth loss: 0.12149312347173691
2026-04-09 17:04:10,261 - INFO - KL loss: 12.164834022521973
2026-04-09 17:04:10,261 - INFO - Total loss: 15.974227905273438
2026-04-09 17:04:10,284 - INFO - Reconstruction loss: 7.997294902801514
2026-04-09 17:04:10,285 - INFO - Encoder coeffs loss: 0.3075178265571594
2026-04-09 17:04:10,285 - INFO - Decoder coeffs loss: 0.36346325278282166
2026-04-09 17:04:10,285 - INFO - Prev coeffs loss: 0.17023879289627075
2026-04-09 17:04:10,286 - INFO - Encoder smooth loss: 0.2110360562801361
2026-04-09 17:04:10,286 - INFO - Decoder smooth loss: 0.1909153014421463
2026-04-09 17:04:10,286 - INFO - Prev smooth loss: 0.12098408490419388
2026-04-09 17:04:10,286 - INFO - KL loss: 9.904773712158203
2026-04-09 17:04:10,287 - INFO - Total loss: 13.631759643554688
2026-04-09 17:04:10,287 - INFO - Epoch val loss: 29.605987548828125
2026-04-09 17:04:10,287 - INFO - -------------------
2026-04-09 17:04:10,287 - INFO - Saving model at epoch 69
2026-04-09 17:04:10,287 - INFO - Saving model name: AERCA_nonlinear_ws_5_stride_1_lr_0.0001_epochs_5000_hidden_layer_size_50_num_hidden_layers_8.pt
2026-04-09 17:04:10,386 - INFO - Reconstruction loss: 8.282083511352539
2026-04-09 17:04:10,386 - INFO - Encoder coeffs loss: 0.3080843985080719
2026-04-09 17:04:10,387 - INFO - Decoder coeffs loss: 0.3650134205818176
2026-04-09 17:04:10,387 - INFO - Prev coeffs loss: 0.1694282740354538
2026-04-09 17:04:10,387 - INFO - Encoder smooth loss: 0.2120651751756668
2026-04-09 17:04:10,388 - INFO - Decoder smooth loss: 0.1916283369064331
2026-04-09 17:04:10,388 - INFO - Prev smooth loss: 0.12022432684898376
2026-04-09 17:04:10,388 - INFO - KL loss: 10.450766563415527
2026-04-09 17:04:10,388 - INFO - Total loss: 14.190689086914062
2026-04-09 17:04:10,447 - INFO - Reconstruction loss: 7.914821147918701
2026-04-09 17:04:10,447 - INFO - Encoder coeffs loss: 0.30652832984924316
2026-04-09 17:04:10,448 - INFO - Decoder coeffs loss: 0.3613181710243225
2026-04-09 17:04:10,449 - INFO - Prev coeffs loss: 0.16928477585315704
2026-04-09 17:04:10,449 - INFO - Encoder smooth loss: 0.2098250687122345
2026-04-09 17:04:10,449 - INFO - Decoder smooth loss: 0.18903128802776337
2026-04-09 17:04:10,450 - INFO - Prev smooth loss: 0.11984995007514954
2026-04-09 17:04:10,450 - INFO - KL loss: 9.95026969909668
2026-04-09 17:04:10,450 - INFO - Total loss: 13.567875862121582
2026-04-09 17:04:10,517 - INFO - Reconstruction loss: 7.818876266479492
2026-04-09 17:04:10,518 - INFO - Encoder coeffs loss: 0.30923566222190857
2026-04-09 17:04:10,519 - INFO - Decoder coeffs loss: 0.36200055480003357
2026-04-09 17:04:10,519 - INFO - Prev coeffs loss: 0.16894006729125977
2026-04-09 17:04:10,519 - INFO - Encoder smooth loss: 0.212408185005188
2026-04-09 17:04:10,520 - INFO - Decoder smooth loss: 0.19019143283367157
2026-04-09 17:04:10,520 - INFO - Prev smooth loss: 0.11944003403186798
2026-04-09 17:04:10,520 - INFO - KL loss: 10.067361831665039
2026-04-09 17:04:10,521 - INFO - Total loss: 13.53366470336914
2026-04-09 17:04:10,593 - INFO - Reconstruction loss: 7.644650936126709
2026-04-09 17:04:10,593 - INFO - Encoder coeffs loss: 0.3060078024864197
2026-04-09 17:04:10,594 - INFO - Decoder coeffs loss: 0.35767748951911926
2026-04-09 17:04:10,594 - INFO - Prev coeffs loss: 0.16906635463237762
2026-04-09 17:04:10,595 - INFO - Encoder smooth loss: 0.20915475487709045
2026-04-09 17:04:10,595 - INFO - Decoder smooth loss: 0.18786081671714783
2026-04-09 17:04:10,595 - INFO - Prev smooth loss: 0.11989815533161163
2026-04-09 17:04:10,595 - INFO - KL loss: 9.207334518432617
2026-04-09 17:04:10,596 - INFO - Total loss: 12.923150062561035
2026-04-09 17:04:10,663 - INFO - Reconstruction loss: 8.21422290802002
2026-04-09 17:04:10,664 - INFO - Encoder coeffs loss: 0.31116893887519836
2026-04-09 17:04:10,664 - INFO - Decoder coeffs loss: 0.3648902177810669
2026-04-09 17:04:10,665 - INFO - Prev coeffs loss: 0.16966557502746582
2026-04-09 17:04:10,665 - INFO - Encoder smooth loss: 0.21350626647472382
2026-04-09 17:04:10,665 - INFO - Decoder smooth loss: 0.19148777425289154
2026-04-09 17:04:10,665 - INFO - Prev smooth loss: 0.12068038433790207
2026-04-09 17:04:10,666 - INFO - KL loss: 10.25928020477295
2026-04-09 17:04:10,666 - INFO - Total loss: 14.029561996459961
2026-04-09 17:04:10,731 - INFO - Reconstruction loss: 7.984805107116699
2026-04-09 17:04:10,731 - INFO - Encoder coeffs loss: 0.30823013186454773
2026-04-09 17:04:10,732 - INFO - Decoder coeffs loss: 0.36160847544670105
2026-04-09 17:04:10,732 - INFO - Prev coeffs loss: 0.16671212017536163
2026-04-09 17:04:10,732 - INFO - Encoder smooth loss: 0.21133877336978912
2026-04-09 17:04:10,733 - INFO - Decoder smooth loss: 0.18904680013656616
2026-04-09 17:04:10,733 - INFO - Prev smooth loss: 0.11789464950561523
2026-04-09 17:04:10,733 - INFO - KL loss: 10.38070011138916
2026-04-09 17:04:10,733 - INFO - Total loss: 13.852569580078125
2026-04-09 17:04:10,801 - INFO - Reconstruction loss: 8.186952590942383
2026-04-09 17:04:10,802 - INFO - Encoder coeffs loss: 0.30984941124916077
2026-04-09 17:04:10,802 - INFO - Decoder coeffs loss: 0.3644089698791504
2026-04-09 17:04:10,803 - INFO - Prev coeffs loss: 0.1688719093799591
2026-04-09 17:04:10,803 - INFO - Encoder smooth loss: 0.21297010779380798
2026-04-09 17:04:10,803 - INFO - Decoder smooth loss: 0.1901911199092865
2026-04-09 17:04:10,804 - INFO - Prev smooth loss: 0.12026194483041763
2026-04-09 17:04:10,804 - INFO - KL loss: 10.637415885925293
2026-04-09 17:04:10,804 - INFO - Total loss: 14.18893814086914
2026-04-09 17:04:10,874 - INFO - Reconstruction loss: 7.2557454109191895
2026-04-09 17:04:10,875 - INFO - Encoder coeffs loss: 0.30480363965034485
2026-04-09 17:04:10,875 - INFO - Decoder coeffs loss: 0.3599527180194855
2026-04-09 17:04:10,875 - INFO - Prev coeffs loss: 0.16862468421459198
2026-04-09 17:04:10,876 - INFO - Encoder smooth loss: 0.20836913585662842
2026-04-09 17:04:10,876 - INFO - Decoder smooth loss: 0.18858210742473602
2026-04-09 17:04:10,876 - INFO - Prev smooth loss: 0.11920790374279022
2026-04-09 17:04:10,876 - INFO - KL loss: 8.874478340148926
2026-04-09 17:04:10,877 - INFO - Total loss: 12.367754936218262
2026-04-09 17:04:10,921 - INFO - Epoch 70/5000
2026-04-09 17:04:10,921 - INFO - Epoch training loss: 108.65420436859131
2026-04-09 17:04:10,922 - INFO - -------------------
2026-04-09 17:04:10,948 - INFO - Reconstruction loss: 9.179963111877441
2026-04-09 17:04:10,949 - INFO - Encoder coeffs loss: 0.31023287773132324
2026-04-09 17:04:10,949 - INFO - Decoder coeffs loss: 0.3684208393096924
2026-04-09 17:04:10,950 - INFO - Prev coeffs loss: 0.16976168751716614
2026-04-09 17:04:10,950 - INFO - Encoder smooth loss: 0.21380333602428436
2026-04-09 17:04:10,950 - INFO - Decoder smooth loss: 0.1930674910545349
2026-04-09 17:04:10,951 - INFO - Prev smooth loss: 0.12100635468959808
2026-04-09 17:04:10,951 - INFO - KL loss: 12.111412048339844
2026-04-09 17:04:10,951 - INFO - Total loss: 15.923815727233887
2026-04-09 17:04:10,975 - INFO - Reconstruction loss: 7.9754719734191895
2026-04-09 17:04:10,976 - INFO - Encoder coeffs loss: 0.30803680419921875
2026-04-09 17:04:10,976 - INFO - Decoder coeffs loss: 0.36379504203796387
2026-04-09 17:04:10,976 - INFO - Prev coeffs loss: 0.16977916657924652
2026-04-09 17:04:10,977 - INFO - Encoder smooth loss: 0.2113296389579773
2026-04-09 17:04:10,977 - INFO - Decoder smooth loss: 0.18972931802272797
2026-04-09 17:04:10,977 - INFO - Prev smooth loss: 0.12046512961387634
2026-04-09 17:04:10,978 - INFO - KL loss: 9.856480598449707
2026-04-09 17:04:10,978 - INFO - Total loss: 13.58527946472168
2026-04-09 17:04:10,978 - INFO - Epoch val loss: 29.509095191955566
2026-04-09 17:04:10,978 - INFO - -------------------
2026-04-09 17:04:10,978 - INFO - Saving model at epoch 70
2026-04-09 17:04:10,978 - INFO - Saving model name: AERCA_nonlinear_ws_5_stride_1_lr_0.0001_epochs_5000_hidden_layer_size_50_num_hidden_layers_8.pt
2026-04-09 17:04:11,080 - INFO - Reconstruction loss: 8.251615524291992
2026-04-09 17:04:11,080 - INFO - Encoder coeffs loss: 0.3085072338581085
2026-04-09 17:04:11,081 - INFO - Decoder coeffs loss: 0.3652759790420532
2026-04-09 17:04:11,081 - INFO - Prev coeffs loss: 0.16895835101604462
2026-04-09 17:04:11,082 - INFO - Encoder smooth loss: 0.21231447160243988
2026-04-09 17:04:11,082 - INFO - Decoder smooth loss: 0.19039516150951385
2026-04-09 17:04:11,082 - INFO - Prev smooth loss: 0.11970420926809311
2026-04-09 17:04:11,082 - INFO - KL loss: 10.386337280273438
2026-04-09 17:04:11,083 - INFO - Total loss: 14.127362251281738
2026-04-09 17:04:11,157 - INFO - Reconstruction loss: 7.886236667633057
2026-04-09 17:04:11,157 - INFO - Encoder coeffs loss: 0.3069993257522583
2026-04-09 17:04:11,158 - INFO - Decoder coeffs loss: 0.36156579852104187
2026-04-09 17:04:11,158 - INFO - Prev coeffs loss: 0.16881027817726135
2026-04-09 17:04:11,159 - INFO - Encoder smooth loss: 0.21008434891700745
2026-04-09 17:04:11,159 - INFO - Decoder smooth loss: 0.18779145181179047
2026-04-09 17:04:11,159 - INFO - Prev smooth loss: 0.11933369934558868
2026-04-09 17:04:11,160 - INFO - KL loss: 9.888161659240723
2026-04-09 17:04:11,160 - INFO - Total loss: 13.507610321044922
2026-04-09 17:04:11,238 - INFO - Reconstruction loss: 7.788152694702148
2026-04-09 17:04:11,239 - INFO - Encoder coeffs loss: 0.3096785247325897
2026-04-09 17:04:11,239 - INFO - Decoder coeffs loss: 0.36223918199539185
2026-04-09 17:04:11,240 - INFO - Prev coeffs loss: 0.16838347911834717
2026-04-09 17:04:11,240 - INFO - Encoder smooth loss: 0.21267887949943542
2026-04-09 17:04:11,240 - INFO - Decoder smooth loss: 0.1889331340789795
2026-04-09 17:04:11,241 - INFO - Prev smooth loss: 0.1188611090183258
2026-04-09 17:04:11,241 - INFO - KL loss: 10.00617790222168
2026-04-09 17:04:11,241 - INFO - Total loss: 13.47162914276123
2026-04-09 17:04:11,314 - INFO - Reconstruction loss: 7.618896484375
2026-04-09 17:04:11,314 - INFO - Encoder coeffs loss: 0.30651071667671204
2026-04-09 17:04:11,315 - INFO - Decoder coeffs loss: 0.3579656481742859
2026-04-09 17:04:11,315 - INFO - Prev coeffs loss: 0.1686202436685562
2026-04-09 17:04:11,316 - INFO - Encoder smooth loss: 0.20945799350738525
2026-04-09 17:04:11,316 - INFO - Decoder smooth loss: 0.18664304912090302
2026-04-09 17:04:11,316 - INFO - Prev smooth loss: 0.11942604184150696
2026-04-09 17:04:11,316 - INFO - KL loss: 9.154702186584473
2026-04-09 17:04:11,317 - INFO - Total loss: 12.870559692382812
2026-04-09 17:04:11,388 - INFO - Reconstruction loss: 8.176796913146973
2026-04-09 17:04:11,389 - INFO - Encoder coeffs loss: 0.3116193115711212
2026-04-09 17:04:11,389 - INFO - Decoder coeffs loss: 0.36515408754348755
2026-04-09 17:04:11,390 - INFO - Prev coeffs loss: 0.1691843569278717
2026-04-09 17:04:11,390 - INFO - Encoder smooth loss: 0.21379004418849945
2026-04-09 17:04:11,390 - INFO - Decoder smooth loss: 0.19025002419948578
2026-04-09 17:04:11,391 - INFO - Prev smooth loss: 0.12019331008195877
2026-04-09 17:04:11,391 - INFO - KL loss: 10.195947647094727
2026-04-09 17:04:11,391 - INFO - Total loss: 13.959866523742676
2026-04-09 17:04:11,460 - INFO - Reconstruction loss: 7.957625389099121
2026-04-09 17:04:11,460 - INFO - Encoder coeffs loss: 0.3086666464805603
2026-04-09 17:04:11,460 - INFO - Decoder coeffs loss: 0.3618066906929016
2026-04-09 17:04:11,461 - INFO - Prev coeffs loss: 0.1661563366651535
2026-04-09 17:04:11,461 - INFO - Encoder smooth loss: 0.21162599325180054
2026-04-09 17:04:11,462 - INFO - Decoder smooth loss: 0.1877882033586502
2026-04-09 17:04:11,462 - INFO - Prev smooth loss: 0.11734717339277267
2026-04-09 17:04:11,462 - INFO - KL loss: 10.317794799804688
2026-04-09 17:04:11,462 - INFO - Total loss: 13.793218612670898
2026-04-09 17:04:11,534 - INFO - Reconstruction loss: 8.158845901489258
2026-04-09 17:04:11,535 - INFO - Encoder coeffs loss: 0.31032538414001465
2026-04-09 17:04:11,535 - INFO - Decoder coeffs loss: 0.3646361231803894
2026-04-09 17:04:11,536 - INFO - Prev coeffs loss: 0.16838257014751434
2026-04-09 17:04:11,536 - INFO - Encoder smooth loss: 0.21328072249889374
2026-04-09 17:04:11,537 - INFO - Decoder smooth loss: 0.18895170092582703
2026-04-09 17:04:11,537 - INFO - Prev smooth loss: 0.11977770179510117
2026-04-09 17:04:11,537 - INFO - KL loss: 10.576338768005371
2026-04-09 17:04:11,538 - INFO - Total loss: 14.129692077636719
2026-04-09 17:04:11,610 - INFO - Reconstruction loss: 7.231698036193848
2026-04-09 17:04:11,610 - INFO - Encoder coeffs loss: 0.3053632974624634
2026-04-09 17:04:11,611 - INFO - Decoder coeffs loss: 0.36032283306121826
2026-04-09 17:04:11,611 - INFO - Prev coeffs loss: 0.16810452938079834
2026-04-09 17:04:11,612 - INFO - Encoder smooth loss: 0.20870603621006012
2026-04-09 17:04:11,612 - INFO - Decoder smooth loss: 0.18745173513889313
2026-04-09 17:04:11,612 - INFO - Prev smooth loss: 0.11868105083703995
2026-04-09 17:04:11,612 - INFO - KL loss: 8.823827743530273
2026-04-09 17:04:11,613 - INFO - Total loss: 12.317926406860352
2026-04-09 17:04:11,654 - INFO - Epoch 71/5000
2026-04-09 17:04:11,654 - INFO - Epoch training loss: 108.17786502838135
2026-04-09 17:04:11,654 - INFO - -------------------
2026-04-09 17:04:11,679 - INFO - Reconstruction loss: 9.154640197753906
2026-04-09 17:04:11,680 - INFO - Encoder coeffs loss: 0.3106977045536041
2026-04-09 17:04:11,680 - INFO - Decoder coeffs loss: 0.3686710298061371
2026-04-09 17:04:11,680 - INFO - Prev coeffs loss: 0.1692287027835846
2026-04-09 17:04:11,681 - INFO - Encoder smooth loss: 0.21413829922676086
2026-04-09 17:04:11,681 - INFO - Decoder smooth loss: 0.19183039665222168
2026-04-09 17:04:11,681 - INFO - Prev smooth loss: 0.1204998567700386
2026-04-09 17:04:11,682 - INFO - KL loss: 12.060900688171387
2026-04-09 17:04:11,682 - INFO - Total loss: 15.872623443603516
2026-04-09 17:04:11,707 - INFO - Reconstruction loss: 7.95506477355957
2026-04-09 17:04:11,707 - INFO - Encoder coeffs loss: 0.3085978925228119
2026-04-09 17:04:11,708 - INFO - Decoder coeffs loss: 0.36414265632629395
2026-04-09 17:04:11,708 - INFO - Prev coeffs loss: 0.16924114525318146
2026-04-09 17:04:11,708 - INFO - Encoder smooth loss: 0.2116902470588684
2026-04-09 17:04:11,709 - INFO - Decoder smooth loss: 0.18855442106723785
2026-04-09 17:04:11,709 - INFO - Prev smooth loss: 0.1199236512184143
2026-04-09 17:04:11,709 - INFO - KL loss: 9.81372356414795
2026-04-09 17:04:11,710 - INFO - Total loss: 13.543001174926758
2026-04-09 17:04:11,710 - INFO - Epoch val loss: 29.415624618530273
2026-04-09 17:04:11,710 - INFO - -------------------
2026-04-09 17:04:11,710 - INFO - Saving model at epoch 71
2026-04-09 17:04:11,710 - INFO - Saving model name: AERCA_nonlinear_ws_5_stride_1_lr_0.0001_epochs_5000_hidden_layer_size_50_num_hidden_layers_8.pt
2026-04-09 17:04:11,810 - INFO - Reconstruction loss: 8.219649314880371
2026-04-09 17:04:11,811 - INFO - Encoder coeffs loss: 0.30897876620292664
2026-04-09 17:04:11,812 - INFO - Decoder coeffs loss: 0.36553817987442017
2026-04-09 17:04:11,812 - INFO - Prev coeffs loss: 0.1684119701385498
2026-04-09 17:04:11,812 - INFO - Encoder smooth loss: 0.21263577044010162
2026-04-09 17:04:11,813 - INFO - Decoder smooth loss: 0.18916472792625427
2026-04-09 17:04:11,813 - INFO - Prev smooth loss: 0.11916148662567139
2026-04-09 17:04:11,813 - INFO - KL loss: 10.323423385620117
2026-04-09 17:04:11,814 - INFO - Total loss: 14.06330680847168
2026-04-09 17:04:11,888 - INFO - Reconstruction loss: 7.856338024139404
2026-04-09 17:04:11,888 - INFO - Encoder coeffs loss: 0.30753710865974426
2026-04-09 17:04:11,889 - INFO - Decoder coeffs loss: 0.36179399490356445
2026-04-09 17:04:11,889 - INFO - Prev coeffs loss: 0.16820788383483887
2026-04-09 17:04:11,890 - INFO - Encoder smooth loss: 0.2104266881942749
2026-04-09 17:04:11,890 - INFO - Decoder smooth loss: 0.18655292689800262
2026-04-09 17:04:11,890 - INFO - Prev smooth loss: 0.11875730752944946
2026-04-09 17:04:11,890 - INFO - KL loss: 9.824116706848145
2026-04-09 17:04:11,891 - INFO - Total loss: 13.44503402709961
2026-04-09 17:04:11,962 - INFO - Reconstruction loss: 7.757267951965332
2026-04-09 17:04:11,963 - INFO - Encoder coeffs loss: 0.3102153539657593
2026-04-09 17:04:11,963 - INFO - Decoder coeffs loss: 0.362438827753067
2026-04-09 17:04:11,963 - INFO - Prev coeffs loss: 0.1676577627658844
2026-04-09 17:04:11,963 - INFO - Encoder smooth loss: 0.21304748952388763
2026-04-09 17:04:11,963 - INFO - Decoder smooth loss: 0.18767182528972626
2026-04-09 17:04:11,963 - INFO - Prev smooth loss: 0.11819196492433548
2026-04-09 17:04:11,965 - INFO - KL loss: 9.94365119934082
2026-04-09 17:04:11,965 - INFO - Total loss: 13.40870475769043
2026-04-09 17:04:12,038 - INFO - Reconstruction loss: 7.594162464141846
2026-04-09 17:04:12,038 - INFO - Encoder coeffs loss: 0.3071429133415222
2026-04-09 17:04:12,039 - INFO - Decoder coeffs loss: 0.35820960998535156
2026-04-09 17:04:12,039 - INFO - Prev coeffs loss: 0.16799817979335785
2026-04-09 17:04:12,039 - INFO - Encoder smooth loss: 0.20987935364246368
2026-04-09 17:04:12,040 - INFO - Decoder smooth loss: 0.18543361127376556
2026-04-09 17:04:12,040 - INFO - Prev smooth loss: 0.11885781586170197
2026-04-09 17:04:12,040 - INFO - KL loss: 9.101576805114746
2026-04-09 17:04:12,041 - INFO - Total loss: 12.818710327148438
2026-04-09 17:04:12,108 - INFO - Reconstruction loss: 8.140959739685059
2026-04-09 17:04:12,108 - INFO - Encoder coeffs loss: 0.3122304081916809
2026-04-09 17:04:12,109 - INFO - Decoder coeffs loss: 0.3653499484062195
2026-04-09 17:04:12,109 - INFO - Prev coeffs loss: 0.16852641105651855
2026-04-09 17:04:12,109 - INFO - Encoder smooth loss: 0.214202880859375
2026-04-09 17:04:12,110 - INFO - Decoder smooth loss: 0.18900266289710999
2026-04-09 17:04:12,110 - INFO - Prev smooth loss: 0.11960684508085251
2026-04-09 17:04:12,110 - INFO - KL loss: 10.131949424743652
2026-04-09 17:04:12,111 - INFO - Total loss: 13.891393661499023
2026-04-09 17:04:12,180 - INFO - Reconstruction loss: 7.929652214050293
2026-04-09 17:04:12,181 - INFO - Encoder coeffs loss: 0.3092774748802185
2026-04-09 17:04:12,181 - INFO - Decoder coeffs loss: 0.36191123723983765
2026-04-09 17:04:12,182 - INFO - Prev coeffs loss: 0.16545754671096802
2026-04-09 17:04:12,182 - INFO - Encoder smooth loss: 0.21204251050949097
2026-04-09 17:04:12,182 - INFO - Decoder smooth loss: 0.18652275204658508
2026-04-09 17:04:12,183 - INFO - Prev smooth loss: 0.11672666668891907
2026-04-09 17:04:12,183 - INFO - KL loss: 10.253543853759766
2026-04-09 17:04:12,183 - INFO - Total loss: 13.732392311096191
2026-04-09 17:04:12,256 - INFO - Reconstruction loss: 8.130637168884277
2026-04-09 17:04:12,256 - INFO - Encoder coeffs loss: 0.31098341941833496
2026-04-09 17:04:12,256 - INFO - Decoder coeffs loss: 0.36476320028305054
2026-04-09 17:04:12,257 - INFO - Prev coeffs loss: 0.1677737832069397
2026-04-09 17:04:12,257 - INFO - Encoder smooth loss: 0.21371230483055115
2026-04-09 17:04:12,257 - INFO - Decoder smooth loss: 0.18771342933177948
2026-04-09 17:04:12,258 - INFO - Prev smooth loss: 0.119232177734375
2026-04-09 17:04:12,258 - INFO - KL loss: 10.5125150680542
2026-04-09 17:04:12,258 - INFO - Total loss: 14.068984985351562
2026-04-09 17:04:12,332 - INFO - Reconstruction loss: 7.207977294921875
2026-04-09 17:04:12,332 - INFO - Encoder coeffs loss: 0.30610862374305725
2026-04-09 17:04:12,332 - INFO - Decoder coeffs loss: 0.3605548143386841
2026-04-09 17:04:12,334 - INFO - Prev coeffs loss: 0.16749826073646545
2026-04-09 17:04:12,334 - INFO - Encoder smooth loss: 0.20916347205638885
2026-04-09 17:04:12,334 - INFO - Decoder smooth loss: 0.18630078434944153
2026-04-09 17:04:12,335 - INFO - Prev smooth loss: 0.11811495572328568
2026-04-09 17:04:12,335 - INFO - KL loss: 8.767967224121094
2026-04-09 17:04:12,335 - INFO - Total loss: 12.265830993652344
2026-04-09 17:04:12,393 - INFO - Epoch 72/5000
2026-04-09 17:04:12,393 - INFO - Epoch training loss: 107.69435787200928
2026-04-09 17:04:12,393 - INFO - -------------------
2026-04-09 17:04:12,424 - INFO - Reconstruction loss: 9.131278991699219
2026-04-09 17:04:12,425 - INFO - Encoder coeffs loss: 0.3113396167755127
2026-04-09 17:04:12,425 - INFO - Decoder coeffs loss: 0.36880117654800415
2026-04-09 17:04:12,426 - INFO - Prev coeffs loss: 0.1686394214630127
2026-04-09 17:04:12,426 - INFO - Encoder smooth loss: 0.21457239985466003
2026-04-09 17:04:12,427 - INFO - Decoder smooth loss: 0.19059015810489655
2026-04-09 17:04:12,427 - INFO - Prev smooth loss: 0.11997710168361664
2026-04-09 17:04:12,427 - INFO - KL loss: 12.0083589553833
2026-04-09 17:04:12,428 - INFO - Total loss: 15.822420120239258
2026-04-09 17:04:12,455 - INFO - Reconstruction loss: 7.934558391571045
2026-04-09 17:04:12,456 - INFO - Encoder coeffs loss: 0.30934640765190125
2026-04-09 17:04:12,456 - INFO - Decoder coeffs loss: 0.3643341064453125
2026-04-09 17:04:12,456 - INFO - Prev coeffs loss: 0.1686505675315857
2026-04-09 17:04:12,457 - INFO - Encoder smooth loss: 0.21216827630996704
2026-04-09 17:04:12,457 - INFO - Decoder smooth loss: 0.18735909461975098
2026-04-09 17:04:12,458 - INFO - Prev smooth loss: 0.119367815554142
2026-04-09 17:04:12,458 - INFO - KL loss: 9.762473106384277
2026-04-09 17:04:12,458 - INFO - Total loss: 13.496406555175781
2026-04-09 17:04:12,458 - INFO - Epoch val loss: 29.31882667541504
2026-04-09 17:04:12,458 - INFO - -------------------
2026-04-09 17:04:12,459 - INFO - Saving model at epoch 72
2026-04-09 17:04:12,459 - INFO - Saving model name: AERCA_nonlinear_ws_5_stride_1_lr_0.0001_epochs_5000_hidden_layer_size_50_num_hidden_layers_8.pt
2026-04-09 17:04:12,561 - INFO - Reconstruction loss: 8.188407897949219
2026-04-09 17:04:12,562 - INFO - Encoder coeffs loss: 0.3096218705177307
2026-04-09 17:04:12,562 - INFO - Decoder coeffs loss: 0.3656560778617859
2026-04-09 17:04:12,562 - INFO - Prev coeffs loss: 0.16781014204025269
2026-04-09 17:04:12,563 - INFO - Encoder smooth loss: 0.2130519151687622
2026-04-09 17:04:12,563 - INFO - Decoder smooth loss: 0.18792572617530823
2026-04-09 17:04:12,563 - INFO - Prev smooth loss: 0.11860063672065735
2026-04-09 17:04:12,563 - INFO - KL loss: 10.256183624267578
2026-04-09 17:04:12,565 - INFO - Total loss: 13.997833251953125
2026-04-09 17:04:12,633 - INFO - Reconstruction loss: 7.827208518981934
2026-04-09 17:04:12,633 - INFO - Encoder coeffs loss: 0.30825644731521606
2026-04-09 17:04:12,634 - INFO - Decoder coeffs loss: 0.3619094491004944
2026-04-09 17:04:12,634 - INFO - Prev coeffs loss: 0.16758903861045837
2026-04-09 17:04:12,634 - INFO - Encoder smooth loss: 0.21088430285453796
2026-04-09 17:04:12,636 - INFO - Decoder smooth loss: 0.18532072007656097
2026-04-09 17:04:12,636 - INFO - Prev smooth loss: 0.118191659450531
2026-04-09 17:04:12,636 - INFO - KL loss: 9.761198043823242
2026-04-09 17:04:12,636 - INFO - Total loss: 13.383883476257324
2026-04-09 17:04:12,709 - INFO - Reconstruction loss: 7.726903438568115
2026-04-09 17:04:12,710 - INFO - Encoder coeffs loss: 0.3109002113342285
2026-04-09 17:04:12,710 - INFO - Decoder coeffs loss: 0.36252355575561523
2026-04-09 17:04:12,710 - INFO - Prev coeffs loss: 0.1669677495956421
2026-04-09 17:04:12,711 - INFO - Encoder smooth loss: 0.21351751685142517
2026-04-09 17:04:12,711 - INFO - Decoder smooth loss: 0.1864265352487564
2026-04-09 17:04:12,711 - INFO - Prev smooth loss: 0.11757436394691467
2026-04-09 17:04:12,711 - INFO - KL loss: 9.87574291229248
2026-04-09 17:04:12,713 - INFO - Total loss: 13.343730926513672
2026-04-09 17:04:12,787 - INFO - Reconstruction loss: 7.568659782409668
2026-04-09 17:04:12,787 - INFO - Encoder coeffs loss: 0.3078729510307312
2026-04-09 17:04:12,788 - INFO - Decoder coeffs loss: 0.3584005534648895
2026-04-09 17:04:12,788 - INFO - Prev coeffs loss: 0.16743263602256775
2026-04-09 17:04:12,788 - INFO - Encoder smooth loss: 0.21038144826889038
2026-04-09 17:04:12,789 - INFO - Decoder smooth loss: 0.18426652252674103
2026-04-09 17:04:12,789 - INFO - Prev smooth loss: 0.11835187673568726
2026-04-09 17:04:12,789 - INFO - KL loss: 9.04905891418457
2026-04-09 17:04:12,790 - INFO - Total loss: 12.766541481018066
2026-04-09 17:04:12,863 - INFO - Reconstruction loss: 8.105010032653809
2026-04-09 17:04:12,863 - INFO - Encoder coeffs loss: 0.3128737807273865
2026-04-09 17:04:12,864 - INFO - Decoder coeffs loss: 0.36549657583236694
2026-04-09 17:04:12,864 - INFO - Prev coeffs loss: 0.16791941225528717
2026-04-09 17:04:12,864 - INFO - Encoder smooth loss: 0.2146657407283783
2026-04-09 17:04:12,865 - INFO - Decoder smooth loss: 0.18780210614204407
2026-04-09 17:04:12,865 - INFO - Prev smooth loss: 0.11908255517482758
2026-04-09 17:04:12,865 - INFO - KL loss: 10.067522048950195
2026-04-09 17:04:12,866 - INFO - Total loss: 13.822691917419434
2026-04-09 17:04:12,940 - INFO - Reconstruction loss: 7.9014058113098145
2026-04-09 17:04:12,941 - INFO - Encoder coeffs loss: 0.3098548352718353
2026-04-09 17:04:12,941 - INFO - Decoder coeffs loss: 0.3619968891143799
2026-04-09 17:04:12,942 - INFO - Prev coeffs loss: 0.16480712592601776
2026-04-09 17:04:12,942 - INFO - Encoder smooth loss: 0.21248169243335724
2026-04-09 17:04:12,942 - INFO - Decoder smooth loss: 0.1853189617395401
2026-04-09 17:04:12,943 - INFO - Prev smooth loss: 0.11615943908691406
2026-04-09 17:04:12,943 - INFO - KL loss: 10.186882019042969
2026-04-09 17:04:12,943 - INFO - Total loss: 13.670156478881836
2026-04-09 17:04:13,017 - INFO - Reconstruction loss: 8.101701736450195
2026-04-09 17:04:13,017 - INFO - Encoder coeffs loss: 0.3115752935409546
2026-04-09 17:04:13,018 - INFO - Decoder coeffs loss: 0.3648969531059265
2026-04-09 17:04:13,018 - INFO - Prev coeffs loss: 0.16724053025245667
2026-04-09 17:04:13,018 - INFO - Encoder smooth loss: 0.21416504681110382
2026-04-09 17:04:13,019 - INFO - Decoder smooth loss: 0.1865471601486206
2026-04-09 17:04:13,019 - INFO - Prev smooth loss: 0.11875422298908234
2026-04-09 17:04:13,019 - INFO - KL loss: 10.450712203979492
2026-04-09 17:04:13,020 - INFO - Total loss: 14.008646965026855
2026-04-09 17:04:13,092 - INFO - Reconstruction loss: 7.182990074157715
2026-04-09 17:04:13,093 - INFO - Encoder coeffs loss: 0.3067377805709839
2026-04-09 17:04:13,093 - INFO - Decoder coeffs loss: 0.36080777645111084
2026-04-09 17:04:13,094 - INFO - Prev coeffs loss: 0.16698843240737915
2026-04-09 17:04:13,094 - INFO - Encoder smooth loss: 0.20962555706501007
2026-04-09 17:04:13,094 - INFO - Decoder smooth loss: 0.1852256953716278
2026-04-09 17:04:13,095 - INFO - Prev smooth loss: 0.11762592941522598
2026-04-09 17:04:13,095 - INFO - KL loss: 8.714256286621094
2026-04-09 17:04:13,095 - INFO - Total loss: 12.213623046875
2026-04-09 17:04:13,139 - INFO - Epoch 73/5000
2026-04-09 17:04:13,139 - INFO - Epoch training loss: 107.20710754394531
2026-04-09 17:04:13,140 - INFO - -------------------
2026-04-09 17:04:13,164 - INFO - Reconstruction loss: 9.106844902038574
2026-04-09 17:04:13,165 - INFO - Encoder coeffs loss: 0.31182506680488586
2026-04-09 17:04:13,165 - INFO - Decoder coeffs loss: 0.3689678907394409
2026-04-09 17:04:13,166 - INFO - Prev coeffs loss: 0.1681661158800125
2026-04-09 17:04:13,166 - INFO - Encoder smooth loss: 0.21499593555927277
2026-04-09 17:04:13,166 - INFO - Decoder smooth loss: 0.18942975997924805
2026-04-09 17:04:13,166 - INFO - Prev smooth loss: 0.11954635381698608
2026-04-09 17:04:13,166 - INFO - KL loss: 11.950933456420898
2026-04-09 17:04:13,168 - INFO - Total loss: 15.768776893615723
2026-04-09 17:04:13,192 - INFO - Reconstruction loss: 7.914467811584473
2026-04-09 17:04:13,193 - INFO - Encoder coeffs loss: 0.30994024872779846
2026-04-09 17:04:13,193 - INFO - Decoder coeffs loss: 0.36458802223205566
2026-04-09 17:04:13,193 - INFO - Prev coeffs loss: 0.1681748628616333
2026-04-09 17:04:13,193 - INFO - Encoder smooth loss: 0.21263642609119415
2026-04-09 17:04:13,194 - INFO - Decoder smooth loss: 0.186253160238266
2026-04-09 17:04:13,194 - INFO - Prev smooth loss: 0.11889509856700897
2026-04-09 17:04:13,194 - INFO - KL loss: 9.714761734008789
2026-04-09 17:04:13,194 - INFO - Total loss: 13.452093124389648
2026-04-09 17:04:13,195 - INFO - Epoch val loss: 29.22087001800537
2026-04-09 17:04:13,195 - INFO - -------------------
2026-04-09 17:04:13,195 - INFO - Saving model at epoch 73
2026-04-09 17:04:13,195 - INFO - Saving model name: AERCA_nonlinear_ws_5_stride_1_lr_0.0001_epochs_5000_hidden_layer_size_50_num_hidden_layers_8.pt
2026-04-09 17:04:13,294 - INFO - Reconstruction loss: 8.15536117553711
2026-04-09 17:04:13,294 - INFO - Encoder coeffs loss: 0.3101026117801666
2026-04-09 17:04:13,294 - INFO - Decoder coeffs loss: 0.3658291697502136
2026-04-09 17:04:13,295 - INFO - Prev coeffs loss: 0.16732780635356903
2026-04-09 17:04:13,295 - INFO - Encoder smooth loss: 0.21345362067222595
2026-04-09 17:04:13,295 - INFO - Decoder smooth loss: 0.18677257001399994
2026-04-09 17:04:13,297 - INFO - Prev smooth loss: 0.11812999099493027
2026-04-09 17:04:13,297 - INFO - KL loss: 10.1903076171875
2026-04-09 17:04:13,297 - INFO - Total loss: 13.931323051452637
2026-04-09 17:04:13,368 - INFO - Reconstruction loss: 7.796542167663574
2026-04-09 17:04:13,368 - INFO - Encoder coeffs loss: 0.3088039457798004
2026-04-09 17:04:13,369 - INFO - Decoder coeffs loss: 0.3620813190937042
2026-04-09 17:04:13,369 - INFO - Prev coeffs loss: 0.16708949208259583
2026-04-09 17:04:13,369 - INFO - Encoder smooth loss: 0.2113238126039505
2026-04-09 17:04:13,370 - INFO - Decoder smooth loss: 0.1841743439435959
2026-04-09 17:04:13,370 - INFO - Prev smooth loss: 0.11771728843450546
2026-04-09 17:04:13,370 - INFO - KL loss: 9.693450927734375
2026-04-09 17:04:13,371 - INFO - Total loss: 13.318862915039062
2026-04-09 17:04:13,443 - INFO - Reconstruction loss: 7.696892261505127
2026-04-09 17:04:13,443 - INFO - Encoder coeffs loss: 0.31142354011535645
2026-04-09 17:04:13,444 - INFO - Decoder coeffs loss: 0.3626975417137146
2026-04-09 17:04:13,444 - INFO - Prev coeffs loss: 0.1663840115070343
2026-04-09 17:04:13,444 - INFO - Encoder smooth loss: 0.21396993100643158
2026-04-09 17:04:13,446 - INFO - Decoder smooth loss: 0.18527820706367493
2026-04-09 17:04:13,446 - INFO - Prev smooth loss: 0.11704062670469284
2026-04-09 17:04:13,446 - INFO - KL loss: 9.807315826416016
2026-04-09 17:04:13,446 - INFO - Total loss: 13.278946876525879
2026-04-09 17:04:13,518 - INFO - Reconstruction loss: 7.543453693389893
2026-04-09 17:04:13,518 - INFO - Encoder coeffs loss: 0.3084980845451355
2026-04-09 17:04:13,518 - INFO - Decoder coeffs loss: 0.3586638569831848
2026-04-09 17:04:13,519 - INFO - Prev coeffs loss: 0.16695339977741241
2026-04-09 17:04:13,519 - INFO - Encoder smooth loss: 0.2108955979347229
2026-04-09 17:04:13,520 - INFO - Decoder smooth loss: 0.18318170309066772
2026-04-09 17:04:13,520 - INFO - Prev smooth loss: 0.11791817843914032
2026-04-09 17:04:13,520 - INFO - KL loss: 8.994667053222656
2026-04-09 17:04:13,520 - INFO - Total loss: 12.71384334564209
2026-04-09 17:04:13,595 - INFO - Reconstruction loss: 8.067106246948242
2026-04-09 17:04:13,596 - INFO - Encoder coeffs loss: 0.3134559988975525
2026-04-09 17:04:13,596 - INFO - Decoder coeffs loss: 0.3657200038433075
2026-04-09 17:04:13,596 - INFO - Prev coeffs loss: 0.1674022376537323
2026-04-09 17:04:13,597 - INFO - Encoder smooth loss: 0.2151668220758438
2026-04-09 17:04:13,597 - INFO - Decoder smooth loss: 0.18668197095394135
2026-04-09 17:04:13,598 - INFO - Prev smooth loss: 0.1186324879527092
2026-04-09 17:04:13,598 - INFO - KL loss: 10.000129699707031
2026-04-09 17:04:13,598 - INFO - Total loss: 13.750700950622559
2026-04-09 17:04:13,673 - INFO - Reconstruction loss: 7.872424602508545
2026-04-09 17:04:13,673 - INFO - Encoder coeffs loss: 0.3104228377342224
2026-04-09 17:04:13,673 - INFO - Decoder coeffs loss: 0.3621801733970642
2026-04-09 17:04:13,675 - INFO - Prev coeffs loss: 0.16421917080879211
2026-04-09 17:04:13,675 - INFO - Encoder smooth loss: 0.212981179356575
2026-04-09 17:04:13,676 - INFO - Decoder smooth loss: 0.1842033565044403
2026-04-09 17:04:13,676 - INFO - Prev smooth loss: 0.11564972251653671
2026-04-09 17:04:13,676 - INFO - KL loss: 10.12044906616211
2026-04-09 17:04:13,676 - INFO - Total loss: 13.607476234436035
2026-04-09 17:04:13,753 - INFO - Reconstruction loss: 8.071990966796875
2026-04-09 17:04:13,754 - INFO - Encoder coeffs loss: 0.31221166253089905
2026-04-09 17:04:13,754 - INFO - Decoder coeffs loss: 0.3651139736175537
2026-04-09 17:04:13,755 - INFO - Prev coeffs loss: 0.1667257398366928
2026-04-09 17:04:13,755 - INFO - Encoder smooth loss: 0.21470589935779572
2026-04-09 17:04:13,756 - INFO - Decoder smooth loss: 0.18545426428318024
2026-04-09 17:04:13,756 - INFO - Prev smooth loss: 0.11830728501081467
2026-04-09 17:04:13,756 - INFO - KL loss: 10.383317947387695
2026-04-09 17:04:13,758 - INFO - Total loss: 13.944910049438477
2026-04-09 17:04:13,839 - INFO - Reconstruction loss: 7.15916109085083
2026-04-09 17:04:13,839 - INFO - Encoder coeffs loss: 0.30747419595718384
2026-04-09 17:04:13,840 - INFO - Decoder coeffs loss: 0.3611636161804199
2026-04-09 17:04:13,840 - INFO - Prev coeffs loss: 0.16645145416259766
2026-04-09 17:04:13,841 - INFO - Encoder smooth loss: 0.2102069854736328
2026-04-09 17:04:13,841 - INFO - Decoder smooth loss: 0.18422770500183105
2026-04-09 17:04:13,841 - INFO - Prev smooth loss: 0.11713295429944992
2026-04-09 17:04:13,842 - INFO - KL loss: 8.659592628479004
2026-04-09 17:04:13,842 - INFO - Total loss: 12.162286758422852
2026-04-09 17:04:13,894 - INFO - Epoch 74/5000
2026-04-09 17:04:13,894 - INFO - Epoch training loss: 106.70835018157959
2026-04-09 17:04:13,894 - INFO - -------------------
2026-04-09 17:04:13,923 - INFO - Reconstruction loss: 9.082857131958008
2026-04-09 17:04:13,924 - INFO - Encoder coeffs loss: 0.3124808371067047
2026-04-09 17:04:13,924 - INFO - Decoder coeffs loss: 0.36926043033599854
2026-04-09 17:04:13,924 - INFO - Prev coeffs loss: 0.16767828166484833
2026-04-09 17:04:13,925 - INFO - Encoder smooth loss: 0.21557068824768066
2026-04-09 17:04:13,925 - INFO - Decoder smooth loss: 0.1883535236120224
2026-04-09 17:04:13,925 - INFO - Prev smooth loss: 0.11912332475185394
2026-04-09 17:04:13,925 - INFO - KL loss: 11.896753311157227
2026-04-09 17:04:13,926 - INFO - Total loss: 15.717467308044434
2026-04-09 17:04:13,954 - INFO - Reconstruction loss: 7.894312858581543
2026-04-09 17:04:13,955 - INFO - Encoder coeffs loss: 0.3107038736343384
2026-04-09 17:04:13,955 - INFO - Decoder coeffs loss: 0.3649292588233948
2026-04-09 17:04:13,956 - INFO - Prev coeffs loss: 0.16767820715904236
2026-04-09 17:04:13,956 - INFO - Encoder smooth loss: 0.2132607400417328
2026-04-09 17:04:13,956 - INFO - Decoder smooth loss: 0.18521161377429962
2026-04-09 17:04:13,957 - INFO - Prev smooth loss: 0.11842392385005951
2026-04-09 17:04:13,957 - INFO - KL loss: 9.662650108337402
2026-04-09 17:04:13,957 - INFO - Total loss: 13.405740737915039
2026-04-09 17:04:13,957 - INFO - Epoch val loss: 29.123208045959473
2026-04-09 17:04:13,957 - INFO - -------------------
2026-04-09 17:04:13,957 - INFO - Saving model at epoch 74
2026-04-09 17:04:13,959 - INFO - Saving model name: AERCA_nonlinear_ws_5_stride_1_lr_0.0001_epochs_5000_hidden_layer_size_50_num_hidden_layers_8.pt
2026-04-09 17:04:14,070 - INFO - Reconstruction loss: 8.121575355529785
2026-04-09 17:04:14,070 - INFO - Encoder coeffs loss: 0.31075140833854675
2026-04-09 17:04:14,071 - INFO - Decoder coeffs loss: 0.366096556186676
2026-04-09 17:04:14,071 - INFO - Prev coeffs loss: 0.16682074964046478
2026-04-09 17:04:14,071 - INFO - Encoder smooth loss: 0.21400898694992065
2026-04-09 17:04:14,072 - INFO - Decoder smooth loss: 0.1856931447982788
2026-04-09 17:04:14,072 - INFO - Prev smooth loss: 0.11766111105680466
2026-04-09 17:04:14,072 - INFO - KL loss: 10.121702194213867
2026-04-09 17:04:14,073 - INFO - Total loss: 13.86294174194336
2026-04-09 17:04:14,149 - INFO - Reconstruction loss: 7.766600131988525
2026-04-09 17:04:14,150 - INFO - Encoder coeffs loss: 0.30958229303359985
2026-04-09 17:04:14,150 - INFO - Decoder coeffs loss: 0.3623473048210144
2026-04-09 17:04:14,150 - INFO - Prev coeffs loss: 0.16654731333255768
2026-04-09 17:04:14,152 - INFO - Encoder smooth loss: 0.21195457875728607
2026-04-09 17:04:14,152 - INFO - Decoder smooth loss: 0.1830972135066986
2026-04-09 17:04:14,152 - INFO - Prev smooth loss: 0.11723090708255768
2026-04-09 17:04:14,152 - INFO - KL loss: 9.626708984375
2026-04-09 17:04:14,153 - INFO - Total loss: 13.25533390045166
2026-04-09 17:04:14,230 - INFO - Reconstruction loss: 7.6654791831970215
2026-04-09 17:04:14,231 - INFO - Encoder coeffs loss: 0.31225502490997314
2026-04-09 17:04:14,231 - INFO - Decoder coeffs loss: 0.3629290759563446
2026-04-09 17:04:14,232 - INFO - Prev coeffs loss: 0.1657760739326477
2026-04-09 17:04:14,232 - INFO - Encoder smooth loss: 0.21467317640781403
2026-04-09 17:04:14,232 - INFO - Decoder smooth loss: 0.1841701716184616
2026-04-09 17:04:14,233 - INFO - Prev smooth loss: 0.11650216579437256
2026-04-09 17:04:14,233 - INFO - KL loss: 9.735157012939453
2026-04-09 17:04:14,233 - INFO - Total loss: 13.211211204528809
2026-04-09 17:04:14,321 - INFO - Reconstruction loss: 7.5180816650390625
2026-04-09 17:04:14,322 - INFO - Encoder coeffs loss: 0.3094216585159302
2026-04-09 17:04:14,323 - INFO - Decoder coeffs loss: 0.35904133319854736
2026-04-09 17:04:14,323 - INFO - Prev coeffs loss: 0.16648033261299133
2026-04-09 17:04:14,323 - INFO - Encoder smooth loss: 0.21166732907295227
2026-04-09 17:04:14,324 - INFO - Decoder smooth loss: 0.18216365575790405
2026-04-09 17:04:14,324 - INFO - Prev smooth loss: 0.11749736964702606
2026-04-09 17:04:14,325 - INFO - KL loss: 8.942487716674805
2026-04-09 17:04:14,325 - INFO - Total loss: 12.662461280822754
2026-04-09 17:04:14,407 - INFO - Reconstruction loss: 8.030664443969727
2026-04-09 17:04:14,407 - INFO - Encoder coeffs loss: 0.3143348693847656
2026-04-09 17:04:14,408 - INFO - Decoder coeffs loss: 0.36604374647140503
2026-04-09 17:04:14,408 - INFO - Prev coeffs loss: 0.16692443192005157
2026-04-09 17:04:14,409 - INFO - Encoder smooth loss: 0.21592780947685242
2026-04-09 17:04:14,409 - INFO - Decoder smooth loss: 0.18562456965446472
2026-04-09 17:04:14,409 - INFO - Prev smooth loss: 0.11821483075618744
2026-04-09 17:04:14,410 - INFO - KL loss: 9.934656143188477
2026-04-09 17:04:14,410 - INFO - Total loss: 13.681527137756348
2026-04-09 17:04:14,499 - INFO - Reconstruction loss: 7.841940402984619
2026-04-09 17:04:14,500 - INFO - Encoder coeffs loss: 0.31125593185424805
2026-04-09 17:04:14,500 - INFO - Decoder coeffs loss: 0.3624432682991028
2026-04-09 17:04:14,501 - INFO - Prev coeffs loss: 0.16370274126529694
2026-04-09 17:04:14,501 - INFO - Encoder smooth loss: 0.21372734010219574
2026-04-09 17:04:14,501 - INFO - Decoder smooth loss: 0.1831451952457428
2026-04-09 17:04:14,502 - INFO - Prev smooth loss: 0.11518906056880951
2026-04-09 17:04:14,502 - INFO - KL loss: 10.053779602050781
2026-04-09 17:04:14,502 - INFO - Total loss: 13.543561935424805
2026-04-09 17:04:14,591 - INFO - Reconstruction loss: 8.042012214660645
2026-04-09 17:04:14,592 - INFO - Encoder coeffs loss: 0.31307274103164673
2026-04-09 17:04:14,592 - INFO - Decoder coeffs loss: 0.36543235182762146
2026-04-09 17:04:14,593 - INFO - Prev coeffs loss: 0.16629526019096375
2026-04-09 17:04:14,593 - INFO - Encoder smooth loss: 0.21546736359596252
2026-04-09 17:04:14,593 - INFO - Decoder smooth loss: 0.18442806601524353
2026-04-09 17:04:14,595 - INFO - Prev smooth loss: 0.11791657656431198
2026-04-09 17:04:14,595 - INFO - KL loss: 10.315128326416016
2026-04-09 17:04:14,595 - INFO - Total loss: 13.880882263183594
2026-04-09 17:04:14,677 - INFO - Reconstruction loss: 7.1346330642700195
2026-04-09 17:04:14,678 - INFO - Encoder coeffs loss: 0.30836960673332214
2026-04-09 17:04:14,678 - INFO - Decoder coeffs loss: 0.3616105914115906
2026-04-09 17:04:14,679 - INFO - Prev coeffs loss: 0.16602426767349243
2026-04-09 17:04:14,679 - INFO - Encoder smooth loss: 0.21098259091377258
2026-04-09 17:04:14,679 - INFO - Decoder smooth loss: 0.18329128623008728
2026-04-09 17:04:14,680 - INFO - Prev smooth loss: 0.11671905219554901
2026-04-09 17:04:14,680 - INFO - KL loss: 8.604522705078125
2026-04-09 17:04:14,680 - INFO - Total loss: 12.110393524169922
2026-04-09 17:04:14,734 - INFO - Epoch 75/5000
2026-04-09 17:04:14,734 - INFO - Epoch training loss: 106.20831298828125
2026-04-09 17:04:14,734 - INFO - -------------------
2026-04-09 17:04:14,768 - INFO - Reconstruction loss: 9.061299324035645
2026-04-09 17:04:14,769 - INFO - Encoder coeffs loss: 0.3132244348526001
2026-04-09 17:04:14,769 - INFO - Decoder coeffs loss: 0.36964452266693115
2026-04-09 17:04:14,770 - INFO - Prev coeffs loss: 0.16731169819831848
2026-04-09 17:04:14,770 - INFO - Encoder smooth loss: 0.2162836343050003
2026-04-09 17:04:14,770 - INFO - Decoder smooth loss: 0.1873343288898468
2026-04-09 17:04:14,771 - INFO - Prev smooth loss: 0.11878056079149246
2026-04-09 17:04:14,771 - INFO - KL loss: 11.8418550491333
2026-04-09 17:04:14,771 - INFO - Total loss: 15.668516159057617
2026-04-09 17:04:14,805 - INFO - Reconstruction loss: 7.873835563659668
2026-04-09 17:04:14,806 - INFO - Encoder coeffs loss: 0.3115614652633667
2026-04-09 17:04:14,807 - INFO - Decoder coeffs loss: 0.36535757780075073
2026-04-09 17:04:14,807 - INFO - Prev coeffs loss: 0.16729199886322021
2026-04-09 17:04:14,808 - INFO - Encoder smooth loss: 0.21403643488883972
2026-04-09 17:04:14,808 - INFO - Decoder smooth loss: 0.1842244416475296
2026-04-09 17:04:14,808 - INFO - Prev smooth loss: 0.11802693456411362
2026-04-09 17:04:14,809 - INFO - KL loss: 9.610639572143555
2026-04-09 17:04:14,809 - INFO - Total loss: 13.359405517578125
2026-04-09 17:04:14,809 - INFO - Epoch val loss: 29.027921676635742
2026-04-09 17:04:14,809 - INFO - -------------------
2026-04-09 17:04:14,810 - INFO - Saving model at epoch 75
2026-04-09 17:04:14,810 - INFO - Saving model name: AERCA_nonlinear_ws_5_stride_1_lr_0.0001_epochs_5000_hidden_layer_size_50_num_hidden_layers_8.pt
2026-04-09 17:04:14,929 - INFO - Reconstruction loss: 8.088948249816895
2026-04-09 17:04:14,930 - INFO - Encoder coeffs loss: 0.31148481369018555
2026-04-09 17:04:14,930 - INFO - Decoder coeffs loss: 0.36645185947418213
2026-04-09 17:04:14,930 - INFO - Prev coeffs loss: 0.16642910242080688
2026-04-09 17:04:14,930 - INFO - Encoder smooth loss: 0.21470600366592407
2026-04-09 17:04:14,931 - INFO - Decoder smooth loss: 0.1846725046634674
2026-04-09 17:04:14,931 - INFO - Prev smooth loss: 0.11726728826761246
2026-04-09 17:04:14,931 - INFO - KL loss: 10.052145004272461
2026-04-09 17:04:14,931 - INFO - Total loss: 13.795526504516602
2026-04-09 17:04:15,012 - INFO - Reconstruction loss: 7.737437725067139
2026-04-09 17:04:15,012 - INFO - Encoder coeffs loss: 0.31040146946907043
2026-04-09 17:04:15,012 - INFO - Decoder coeffs loss: 0.36269429326057434
2026-04-09 17:04:15,014 - INFO - Prev coeffs loss: 0.16614370048046112
2026-04-09 17:04:15,014 - INFO - Encoder smooth loss: 0.21270214021205902
2026-04-09 17:04:15,014 - INFO - Decoder smooth loss: 0.18207454681396484
2026-04-09 17:04:15,014 - INFO - Prev smooth loss: 0.11683487892150879
2026-04-09 17:04:15,014 - INFO - KL loss: 9.561662673950195
2026-04-09 17:04:15,016 - INFO - Total loss: 13.193695068359375
2026-04-09 17:04:15,101 - INFO - Reconstruction loss: 7.635297775268555
2026-04-09 17:04:15,101 - INFO - Encoder coeffs loss: 0.3130738437175751
2026-04-09 17:04:15,102 - INFO - Decoder coeffs loss: 0.3632536232471466
2026-04-09 17:04:15,102 - INFO - Prev coeffs loss: 0.16530942916870117
2026-04-09 17:04:15,102 - INFO - Encoder smooth loss: 0.21545934677124023
2026-04-09 17:04:15,103 - INFO - Decoder smooth loss: 0.18311211466789246
2026-04-09 17:04:15,103 - INFO - Prev smooth loss: 0.11605667322874069
2026-04-09 17:04:15,103 - INFO - KL loss: 9.662614822387695
2026-04-09 17:04:15,104 - INFO - Total loss: 13.14473819732666
2026-04-09 17:04:15,194 - INFO - Reconstruction loss: 7.4938764572143555
2026-04-09 17:04:15,195 - INFO - Encoder coeffs loss: 0.31030699610710144
2026-04-09 17:04:15,195 - INFO - Decoder coeffs loss: 0.3594704866409302
2026-04-09 17:04:15,196 - INFO - Prev coeffs loss: 0.1661289632320404
2026-04-09 17:04:15,196 - INFO - Encoder smooth loss: 0.21250630915164948
2026-04-09 17:04:15,197 - INFO - Decoder smooth loss: 0.1811886727809906
2026-04-09 17:04:15,197 - INFO - Prev smooth loss: 0.11715453118085861
2026-04-09 17:04:15,197 - INFO - KL loss: 8.889752388000488
2026-04-09 17:04:15,198 - INFO - Total loss: 12.612131118774414
2026-04-09 17:04:15,290 - INFO - Reconstruction loss: 7.995404243469238
2026-04-09 17:04:15,290 - INFO - Encoder coeffs loss: 0.3151192367076874
2026-04-09 17:04:15,291 - INFO - Decoder coeffs loss: 0.36639684438705444
2026-04-09 17:04:15,291 - INFO - Prev coeffs loss: 0.16650739312171936
2026-04-09 17:04:15,292 - INFO - Encoder smooth loss: 0.21670567989349365
2026-04-09 17:04:15,292 - INFO - Decoder smooth loss: 0.1845930963754654
2026-04-09 17:04:15,292 - INFO - Prev smooth loss: 0.11783690750598907
2026-04-09 17:04:15,293 - INFO - KL loss: 9.864304542541504
2026-04-09 17:04:15,293 - INFO - Total loss: 13.611135482788086
2026-04-09 17:04:15,380 - INFO - Reconstruction loss: 7.812004566192627
2026-04-09 17:04:15,381 - INFO - Encoder coeffs loss: 0.31198039650917053
2026-04-09 17:04:15,381 - INFO - Decoder coeffs loss: 0.3627251386642456
2026-04-09 17:04:15,382 - INFO - Prev coeffs loss: 0.16318707168102264
2026-04-09 17:04:15,382 - INFO - Encoder smooth loss: 0.21446922421455383
2026-04-09 17:04:15,382 - INFO - Decoder smooth loss: 0.1821017861366272
2026-04-09 17:04:15,382 - INFO - Prev smooth loss: 0.11472681909799576
2026-04-09 17:04:15,384 - INFO - KL loss: 9.982575416564941
2026-04-09 17:04:15,384 - INFO - Total loss: 13.477888107299805
2026-04-09 17:04:15,461 - INFO - Reconstruction loss: 8.013259887695312
2026-04-09 17:04:15,461 - INFO - Encoder coeffs loss: 0.31379514932632446
2026-04-09 17:04:15,462 - INFO - Decoder coeffs loss: 0.3657890558242798
2026-04-09 17:04:15,462 - INFO - Prev coeffs loss: 0.16583292186260223
2026-04-09 17:04:15,463 - INFO - Encoder smooth loss: 0.21619561314582825
2026-04-09 17:04:15,463 - INFO - Decoder smooth loss: 0.1834222972393036
2026-04-09 17:04:15,463 - INFO - Prev smooth loss: 0.1175035834312439
2026-04-09 17:04:15,463 - INFO - KL loss: 10.251858711242676
2026-04-09 17:04:15,464 - INFO - Total loss: 13.820459365844727
2026-04-09 17:04:15,545 - INFO - Reconstruction loss: 7.109970569610596
2026-04-09 17:04:15,545 - INFO - Encoder coeffs loss: 0.30912742018699646
2026-04-09 17:04:15,546 - INFO - Decoder coeffs loss: 0.36204010248184204
2026-04-09 17:04:15,546 - INFO - Prev coeffs loss: 0.1655271351337433
2026-04-09 17:04:15,547 - INFO - Encoder smooth loss: 0.2117227166891098
2026-04-09 17:04:15,547 - INFO - Decoder smooth loss: 0.18235087394714355
2026-04-09 17:04:15,547 - INFO - Prev smooth loss: 0.11626195162534714
2026-04-09 17:04:15,548 - INFO - KL loss: 8.545270919799805
2026-04-09 17:04:15,548 - INFO - Total loss: 12.056120872497559
2026-04-09 17:04:15,596 - INFO - Epoch 76/5000
2026-04-09 17:04:15,597 - INFO - Epoch training loss: 105.71169471740723
2026-04-09 17:04:15,597 - INFO - -------------------
2026-04-09 17:04:15,631 - INFO - Reconstruction loss: 9.038167953491211
2026-04-09 17:04:15,631 - INFO - Encoder coeffs loss: 0.3138110637664795
2026-04-09 17:04:15,632 - INFO - Decoder coeffs loss: 0.37000197172164917
2026-04-09 17:04:15,633 - INFO - Prev coeffs loss: 0.1668674200773239
2026-04-09 17:04:15,634 - INFO - Encoder smooth loss: 0.21693499386310577
2026-04-09 17:04:15,634 - INFO - Decoder smooth loss: 0.18630920350551605
2026-04-09 17:04:15,635 - INFO - Prev smooth loss: 0.11839663237333298
2026-04-09 17:04:15,635 - INFO - KL loss: 11.783998489379883
2026-04-09 17:04:15,636 - INFO - Total loss: 15.616327285766602
2026-04-09 17:04:15,667 - INFO - Reconstruction loss: 7.853677749633789
2026-04-09 17:04:15,668 - INFO - Encoder coeffs loss: 0.31228142976760864
2026-04-09 17:04:15,668 - INFO - Decoder coeffs loss: 0.36576712131500244
2026-04-09 17:04:15,669 - INFO - Prev coeffs loss: 0.16682259738445282
2026-04-09 17:04:15,669 - INFO - Encoder smooth loss: 0.2147703617811203
2026-04-09 17:04:15,669 - INFO - Decoder smooth loss: 0.18324050307273865
2026-04-09 17:04:15,670 - INFO - Prev smooth loss: 0.11758198589086533
2026-04-09 17:04:15,670 - INFO - KL loss: 9.555740356445312
2026-04-09 17:04:15,670 - INFO - Total loss: 13.311779975891113
2026-04-09 17:04:15,671 - INFO - Epoch val loss: 28.928107261657715
2026-04-09 17:04:15,671 - INFO - -------------------
2026-04-09 17:04:15,671 - INFO - Saving model at epoch 76
2026-04-09 17:04:15,671 - INFO - Saving model name: AERCA_nonlinear_ws_5_stride_1_lr_0.0001_epochs_5000_hidden_layer_size_50_num_hidden_layers_8.pt
2026-04-09 17:04:15,785 - INFO - Reconstruction loss: 8.05660629272461
2026-04-09 17:04:15,785 - INFO - Encoder coeffs loss: 0.31207001209259033
2026-04-09 17:04:15,786 - INFO - Decoder coeffs loss: 0.3667849898338318
2026-04-09 17:04:15,787 - INFO - Prev coeffs loss: 0.16596047580242157
2026-04-09 17:04:15,787 - INFO - Encoder smooth loss: 0.21534739434719086
2026-04-09 17:04:15,788 - INFO - Decoder smooth loss: 0.18365830183029175
2026-04-09 17:04:15,788 - INFO - Prev smooth loss: 0.11683263629674911
2026-04-09 17:04:15,788 - INFO - KL loss: 9.981634140014648
2026-04-09 17:04:15,789 - INFO - Total loss: 13.727750778198242
2026-04-09 17:04:15,874 - INFO - Reconstruction loss: 7.706635475158691
2026-04-09 17:04:15,874 - INFO - Encoder coeffs loss: 0.31108105182647705
2026-04-09 17:04:15,875 - INFO - Decoder coeffs loss: 0.36302703619003296
2026-04-09 17:04:15,875 - INFO - Prev coeffs loss: 0.16566216945648193
2026-04-09 17:04:15,877 - INFO - Encoder smooth loss: 0.2134023904800415
2026-04-09 17:04:15,877 - INFO - Decoder smooth loss: 0.18106816709041595
2026-04-09 17:04:15,878 - INFO - Prev smooth loss: 0.11639446020126343
2026-04-09 17:04:15,878 - INFO - KL loss: 9.493671417236328
2026-04-09 17:04:15,878 - INFO - Total loss: 13.128787994384766
2026-04-09 17:04:15,963 - INFO - Reconstruction loss: 7.605928421020508
2026-04-09 17:04:15,964 - INFO - Encoder coeffs loss: 0.3137444853782654
2026-04-09 17:04:15,965 - INFO - Decoder coeffs loss: 0.3636088967323303
2026-04-09 17:04:15,965 - INFO - Prev coeffs loss: 0.16476663947105408
2026-04-09 17:04:15,966 - INFO - Encoder smooth loss: 0.21618753671646118
2026-04-09 17:04:15,966 - INFO - Decoder smooth loss: 0.18208253383636475
2026-04-09 17:04:15,966 - INFO - Prev smooth loss: 0.1155768558382988
2026-04-09 17:04:15,967 - INFO - KL loss: 9.593175888061523
2026-04-09 17:04:15,967 - INFO - Total loss: 13.080499649047852
2026-04-09 17:04:16,062 - INFO - Reconstruction loss: 7.469712257385254
2026-04-09 17:04:16,062 - INFO - Encoder coeffs loss: 0.3110697865486145
2026-04-09 17:04:16,063 - INFO - Decoder coeffs loss: 0.35991305112838745
2026-04-09 17:04:16,063 - INFO - Prev coeffs loss: 0.16574281454086304
2026-04-09 17:04:16,063 - INFO - Encoder smooth loss: 0.2133014053106308
2026-04-09 17:04:16,064 - INFO - Decoder smooth loss: 0.18024122714996338
2026-04-09 17:04:16,064 - INFO - Prev smooth loss: 0.11680466681718826
2026-04-09 17:04:16,064 - INFO - KL loss: 8.833759307861328
2026-04-09 17:04:16,065 - INFO - Total loss: 12.560128211975098
2026-04-09 17:04:16,154 - INFO - Reconstruction loss: 7.958838939666748
2026-04-09 17:04:16,155 - INFO - Encoder coeffs loss: 0.315804660320282
2026-04-09 17:04:16,155 - INFO - Decoder coeffs loss: 0.36678990721702576
2026-04-09 17:04:16,156 - INFO - Prev coeffs loss: 0.16611823439598083
2026-04-09 17:04:16,156 - INFO - Encoder smooth loss: 0.21745328605175018
2026-04-09 17:04:16,157 - INFO - Decoder smooth loss: 0.1836022287607193
2026-04-09 17:04:16,157 - INFO - Prev smooth loss: 0.11750471591949463
2026-04-09 17:04:16,157 - INFO - KL loss: 9.790277481079102
2026-04-09 17:04:16,159 - INFO - Total loss: 13.537613868713379
2026-04-09 17:04:16,246 - INFO - Reconstruction loss: 7.7812113761901855
2026-04-09 17:04:16,246 - INFO - Encoder coeffs loss: 0.3126140534877777
2026-04-09 17:04:16,247 - INFO - Decoder coeffs loss: 0.3630742132663727
2026-04-09 17:04:16,247 - INFO - Prev coeffs loss: 0.1627550721168518
2026-04-09 17:04:16,247 - INFO - Encoder smooth loss: 0.2151762843132019
2026-04-09 17:04:16,248 - INFO - Decoder smooth loss: 0.1811087727546692
2026-04-09 17:04:16,248 - INFO - Prev smooth loss: 0.11434353142976761
2026-04-09 17:04:16,248 - INFO - KL loss: 9.906609535217285
2026-04-09 17:04:16,248 - INFO - Total loss: 13.409051895141602
2026-04-09 17:04:16,331 - INFO - Reconstruction loss: 7.9840521812438965
2026-04-09 17:04:16,332 - INFO - Encoder coeffs loss: 0.31448614597320557
2026-04-09 17:04:16,332 - INFO - Decoder coeffs loss: 0.36625587940216064
2026-04-09 17:04:16,333 - INFO - Prev coeffs loss: 0.16546311974525452
2026-04-09 17:04:16,333 - INFO - Encoder smooth loss: 0.21693003177642822
2026-04-09 17:04:16,333 - INFO - Decoder smooth loss: 0.1824825555086136
2026-04-09 17:04:16,334 - INFO - Prev smooth loss: 0.11718204617500305
2026-04-09 17:04:16,334 - INFO - KL loss: 10.191057205200195
2026-04-09 17:04:16,335 - INFO - Total loss: 13.760981559753418
2026-04-09 17:04:16,420 - INFO - Reconstruction loss: 7.0842742919921875
2026-04-09 17:04:16,421 - INFO - Encoder coeffs loss: 0.3099506199359894
2026-04-09 17:04:16,422 - INFO - Decoder coeffs loss: 0.3625568449497223
2026-04-09 17:04:16,422 - INFO - Prev coeffs loss: 0.1651177555322647
2026-04-09 17:04:16,423 - INFO - Encoder smooth loss: 0.21252824366092682
2026-04-09 17:04:16,423 - INFO - Decoder smooth loss: 0.1814618706703186
2026-04-09 17:04:16,424 - INFO - Prev smooth loss: 0.11589173227548599
2026-04-09 17:04:16,424 - INFO - KL loss: 8.481039047241211
2026-04-09 17:04:16,424 - INFO - Total loss: 11.998547554016113
2026-04-09 17:04:16,482 - INFO - Epoch 77/5000
2026-04-09 17:04:16,482 - INFO - Epoch training loss: 105.20336151123047
2026-04-09 17:04:16,482 - INFO - -------------------
2026-04-09 17:04:16,515 - INFO - Reconstruction loss: 9.01451587677002
2026-04-09 17:04:16,516 - INFO - Encoder coeffs loss: 0.31453484296798706
2026-04-09 17:04:16,516 - INFO - Decoder coeffs loss: 0.3704708218574524
2026-04-09 17:04:16,517 - INFO - Prev coeffs loss: 0.166507750749588
2026-04-09 17:04:16,517 - INFO - Encoder smooth loss: 0.21768523752689362
2026-04-09 17:04:16,517 - INFO - Decoder smooth loss: 0.18534152209758759
2026-04-09 17:04:16,517 - INFO - Prev smooth loss: 0.11810269951820374
2026-04-09 17:04:16,518 - INFO - KL loss: 11.725061416625977
2026-04-09 17:04:16,518 - INFO - Total loss: 15.56336784362793
2026-04-09 17:04:16,550 - INFO - Reconstruction loss: 7.831325054168701
2026-04-09 17:04:16,550 - INFO - Encoder coeffs loss: 0.3131560683250427
2026-04-09 17:04:16,550 - INFO - Decoder coeffs loss: 0.36627107858657837
2026-04-09 17:04:16,551 - INFO - Prev coeffs loss: 0.16642983257770538
2026-04-09 17:04:16,551 - INFO - Encoder smooth loss: 0.21562829613685608
2026-04-09 17:04:16,551 - INFO - Decoder smooth loss: 0.18230868875980377
2026-04-09 17:04:16,552 - INFO - Prev smooth loss: 0.1172177866101265
2026-04-09 17:04:16,552 - INFO - KL loss: 9.492086410522461
2026-04-09 17:04:16,552 - INFO - Total loss: 13.25787353515625
2026-04-09 17:04:16,553 - INFO - Epoch val loss: 28.82124137878418
2026-04-09 17:04:16,553 - INFO - -------------------
2026-04-09 17:04:16,553 - INFO - Saving model at epoch 77
2026-04-09 17:04:16,553 - INFO - Saving model name: AERCA_nonlinear_ws_5_stride_1_lr_0.0001_epochs_5000_hidden_layer_size_50_num_hidden_layers_8.pt
2026-04-09 17:04:16,669 - INFO - Reconstruction loss: 8.022558212280273
2026-04-09 17:04:16,670 - INFO - Encoder coeffs loss: 0.31280094385147095
2026-04-09 17:04:16,671 - INFO - Decoder coeffs loss: 0.36723825335502625
2026-04-09 17:04:16,671 - INFO - Prev coeffs loss: 0.16557666659355164
2026-04-09 17:04:16,672 - INFO - Encoder smooth loss: 0.21609865128993988
2026-04-09 17:04:16,672 - INFO - Decoder smooth loss: 0.18269966542720795
2026-04-09 17:04:16,672 - INFO - Prev smooth loss: 0.11648625135421753
2026-04-09 17:04:16,672 - INFO - KL loss: 9.909224510192871
2026-04-09 17:04:16,673 - INFO - Total loss: 13.657621383666992
2026-04-09 17:04:16,762 - INFO - Reconstruction loss: 7.675349712371826
2026-04-09 17:04:16,763 - INFO - Encoder coeffs loss: 0.3119775354862213
2026-04-09 17:04:16,763 - INFO - Decoder coeffs loss: 0.36349165439605713
2026-04-09 17:04:16,764 - INFO - Prev coeffs loss: 0.16523084044456482
2026-04-09 17:04:16,764 - INFO - Encoder smooth loss: 0.21425941586494446
2026-04-09 17:04:16,765 - INFO - Decoder smooth loss: 0.18012653291225433
2026-04-09 17:04:16,765 - INFO - Prev smooth loss: 0.11601158231496811
2026-04-09 17:04:16,765 - INFO - KL loss: 9.426586151123047
2026-04-09 17:04:16,766 - INFO - Total loss: 13.064191818237305
2026-04-09 17:04:16,853 - INFO - Reconstruction loss: 7.577078342437744
2026-04-09 17:04:16,854 - INFO - Encoder coeffs loss: 0.3146952986717224
2026-04-09 17:04:16,854 - INFO - Decoder coeffs loss: 0.36409229040145874
2026-04-09 17:04:16,854 - INFO - Prev coeffs loss: 0.16424739360809326
2026-04-09 17:04:16,856 - INFO - Encoder smooth loss: 0.2171104997396469
2026-04-09 17:04:16,857 - INFO - Decoder smooth loss: 0.18111824989318848
2026-04-09 17:04:16,857 - INFO - Prev smooth loss: 0.11513356119394302
2026-04-09 17:04:16,857 - INFO - KL loss: 9.523990631103516
2026-04-09 17:04:16,858 - INFO - Total loss: 13.017271995544434
2026-04-09 17:04:16,950 - INFO - Reconstruction loss: 7.445746421813965
2026-04-09 17:04:16,950 - INFO - Encoder coeffs loss: 0.31213369965553284
2026-04-09 17:04:16,951 - INFO - Decoder coeffs loss: 0.3605046272277832
2026-04-09 17:04:16,951 - INFO - Prev coeffs loss: 0.16533464193344116
2026-04-09 17:04:16,952 - INFO - Encoder smooth loss: 0.21430279314517975
2026-04-09 17:04:16,952 - INFO - Decoder smooth loss: 0.1793626993894577
2026-04-09 17:04:16,952 - INFO - Prev smooth loss: 0.1164456158876419
2026-04-09 17:04:16,953 - INFO - KL loss: 8.780517578125
2026-04-09 17:04:16,953 - INFO - Total loss: 12.51004695892334
2026-04-09 17:04:17,046 - INFO - Reconstruction loss: 7.922147274017334
2026-04-09 17:04:17,046 - INFO - Encoder coeffs loss: 0.3168315589427948
2026-04-09 17:04:17,047 - INFO - Decoder coeffs loss: 0.3672804832458496
2026-04-09 17:04:17,047 - INFO - Prev coeffs loss: 0.1656682938337326
2026-04-09 17:04:17,048 - INFO - Encoder smooth loss: 0.21844403445720673
2026-04-09 17:04:17,048 - INFO - Decoder smooth loss: 0.1826525330543518
2026-04-09 17:04:17,049 - INFO - Prev smooth loss: 0.1171397790312767
2026-04-09 17:04:17,049 - INFO - KL loss: 9.714961051940918
2026-04-09 17:04:17,049 - INFO - Total loss: 13.46363639831543
2026-04-09 17:04:17,129 - INFO - Reconstruction loss: 7.749349117279053
2026-04-09 17:04:17,130 - INFO - Encoder coeffs loss: 0.31361106038093567
2026-04-09 17:04:17,130 - INFO - Decoder coeffs loss: 0.3634878396987915
2026-04-09 17:04:17,131 - INFO - Prev coeffs loss: 0.16225704550743103
2026-04-09 17:04:17,131 - INFO - Encoder smooth loss: 0.21613939106464386
2026-04-09 17:04:17,132 - INFO - Decoder smooth loss: 0.18015311658382416
2026-04-09 17:04:17,132 - INFO - Prev smooth loss: 0.11391596496105194
2026-04-09 17:04:17,132 - INFO - KL loss: 9.829416275024414
2026-04-09 17:04:17,133 - INFO - Total loss: 13.338839530944824
2026-04-09 17:04:17,211 - INFO - Reconstruction loss: 7.953269958496094
2026-04-09 17:04:17,212 - INFO - Encoder coeffs loss: 0.3154853284358978
2026-04-09 17:04:17,212 - INFO - Decoder coeffs loss: 0.36675381660461426
2026-04-09 17:04:17,213 - INFO - Prev coeffs loss: 0.1650404930114746
2026-04-09 17:04:17,213 - INFO - Encoder smooth loss: 0.21789631247520447
2026-04-09 17:04:17,213 - INFO - Decoder smooth loss: 0.18156012892723083
2026-04-09 17:04:17,214 - INFO - Prev smooth loss: 0.1168208196759224
2026-04-09 17:04:17,214 - INFO - KL loss: 10.124853134155273
2026-04-09 17:04:17,216 - INFO - Total loss: 13.697474479675293
2026-04-09 17:04:17,299 - INFO - Reconstruction loss: 7.056722640991211
2026-04-09 17:04:17,299 - INFO - Encoder coeffs loss: 0.3110107183456421
2026-04-09 17:04:17,300 - INFO - Decoder coeffs loss: 0.36308443546295166
2026-04-09 17:04:17,300 - INFO - Prev coeffs loss: 0.1646716296672821
2026-04-09 17:04:17,301 - INFO - Encoder smooth loss: 0.2135288566350937
2026-04-09 17:04:17,301 - INFO - Decoder smooth loss: 0.18057894706726074
2026-04-09 17:04:17,301 - INFO - Prev smooth loss: 0.11549635231494904
2026-04-09 17:04:17,302 - INFO - KL loss: 8.409961700439453
2026-04-09 17:04:17,302 - INFO - Total loss: 11.935888290405273
2026-04-09 17:04:17,353 - INFO - Epoch 78/5000
2026-04-09 17:04:17,353 - INFO - Epoch training loss: 104.68497085571289
2026-04-09 17:04:17,353 - INFO - -------------------
2026-04-09 17:04:17,384 - INFO - Reconstruction loss: 8.99092960357666
2026-04-09 17:04:17,384 - INFO - Encoder coeffs loss: 0.31539082527160645
2026-04-09 17:04:17,384 - INFO - Decoder coeffs loss: 0.37098073959350586
2026-04-09 17:04:17,384 - INFO - Prev coeffs loss: 0.16613586246967316
2026-04-09 17:04:17,385 - INFO - Encoder smooth loss: 0.21854935586452484
2026-04-09 17:04:17,385 - INFO - Decoder smooth loss: 0.18440425395965576
2026-04-09 17:04:17,385 - INFO - Prev smooth loss: 0.11779904365539551
2026-04-09 17:04:17,386 - INFO - KL loss: 11.665042877197266
2026-04-09 17:04:17,386 - INFO - Total loss: 15.510082244873047
2026-04-09 17:04:17,414 - INFO - Reconstruction loss: 7.80855131149292
2026-04-09 17:04:17,414 - INFO - Encoder coeffs loss: 0.31417882442474365
2026-04-09 17:04:17,415 - INFO - Decoder coeffs loss: 0.3667992949485779
2026-04-09 17:04:17,415 - INFO - Prev coeffs loss: 0.1660321205854416
2026-04-09 17:04:17,415 - INFO - Encoder smooth loss: 0.2166304588317871
2026-04-09 17:04:17,416 - INFO - Decoder smooth loss: 0.1814032644033432
2026-04-09 17:04:17,416 - INFO - Prev smooth loss: 0.11685043573379517
2026-04-09 17:04:17,416 - INFO - KL loss: 9.424764633178711
2026-04-09 17:04:17,417 - INFO - Total loss: 13.201881408691406
2026-04-09 17:04:17,417 - INFO - Epoch val loss: 28.711963653564453
2026-04-09 17:04:17,417 - INFO - -------------------
2026-04-09 17:04:17,417 - INFO - Saving model at epoch 78
2026-04-09 17:04:17,417 - INFO - Saving model name: AERCA_nonlinear_ws_5_stride_1_lr_0.0001_epochs_5000_hidden_layer_size_50_num_hidden_layers_8.pt
2026-04-09 17:04:17,725 - INFO - Reconstruction loss: 7.989361763000488
2026-04-09 17:04:17,726 - INFO - Encoder coeffs loss: 0.31367558240890503
2026-04-09 17:04:17,726 - INFO - Decoder coeffs loss: 0.367733895778656
2026-04-09 17:04:17,728 - INFO - Prev coeffs loss: 0.16518619656562805
2026-04-09 17:04:17,728 - INFO - Encoder smooth loss: 0.2169838696718216
2026-04-09 17:04:17,728 - INFO - Decoder smooth loss: 0.18176378309726715
2026-04-09 17:04:17,728 - INFO - Prev smooth loss: 0.11613734066486359
2026-04-09 17:04:17,729 - INFO - KL loss: 9.838042259216309
2026-04-09 17:04:17,729 - INFO - Total loss: 13.589122772216797
2026-04-09 17:04:17,818 - INFO - Reconstruction loss: 7.643250465393066
2026-04-09 17:04:17,819 - INFO - Encoder coeffs loss: 0.3129432201385498
2026-04-09 17:04:17,819 - INFO - Decoder coeffs loss: 0.3639981746673584
2026-04-09 17:04:17,820 - INFO - Prev coeffs loss: 0.16482283174991608
2026-04-09 17:04:17,820 - INFO - Encoder smooth loss: 0.21521732211112976
2026-04-09 17:04:17,821 - INFO - Decoder smooth loss: 0.1792236566543579
2026-04-09 17:04:17,821 - INFO - Prev smooth loss: 0.11564913392066956
2026-04-09 17:04:17,821 - INFO - KL loss: 9.35841178894043
2026-04-09 17:04:17,822 - INFO - Total loss: 12.998383522033691
2026-04-09 17:04:17,902 - INFO - Reconstruction loss: 7.547506332397461
2026-04-09 17:04:17,903 - INFO - Encoder coeffs loss: 0.31561142206192017
2026-04-09 17:04:17,903 - INFO - Decoder coeffs loss: 0.3646053075790405
2026-04-09 17:04:17,904 - INFO - Prev coeffs loss: 0.16376346349716187
2026-04-09 17:04:17,904 - INFO - Encoder smooth loss: 0.21808171272277832
2026-04-09 17:04:17,905 - INFO - Decoder smooth loss: 0.18018674850463867
2026-04-09 17:04:17,905 - INFO - Prev smooth loss: 0.11471715569496155
2026-04-09 17:04:17,905 - INFO - KL loss: 9.453919410705566
2026-04-09 17:04:17,906 - INFO - Total loss: 12.952949523925781
2026-04-09 17:04:17,984 - INFO - Reconstruction loss: 7.422238349914551
2026-04-09 17:04:17,984 - INFO - Encoder coeffs loss: 0.3130788207054138
2026-04-09 17:04:17,984 - INFO - Decoder coeffs loss: 0.3611186146736145
2026-04-09 17:04:17,985 - INFO - Prev coeffs loss: 0.1649787425994873
2026-04-09 17:04:17,985 - INFO - Encoder smooth loss: 0.21530558168888092
2026-04-09 17:04:17,986 - INFO - Decoder smooth loss: 0.17854201793670654
2026-04-09 17:04:17,986 - INFO - Prev smooth loss: 0.11612942069768906
2026-04-09 17:04:17,986 - INFO - KL loss: 8.728102684020996
2026-04-09 17:04:17,986 - INFO - Total loss: 12.460866928100586
2026-04-09 17:04:18,045 - INFO - Reconstruction loss: 7.885783672332764
2026-04-09 17:04:18,046 - INFO - Encoder coeffs loss: 0.31760507822036743
2026-04-09 17:04:18,047 - INFO - Decoder coeffs loss: 0.36780041456222534
2026-04-09 17:04:18,047 - INFO - Prev coeffs loss: 0.1652730107307434
2026-04-09 17:04:18,048 - INFO - Encoder smooth loss: 0.21935643255710602
2026-04-09 17:04:18,048 - INFO - Decoder smooth loss: 0.18177254498004913
2026-04-09 17:04:18,048 - INFO - Prev smooth loss: 0.1168212741613388
2026-04-09 17:04:18,048 - INFO - KL loss: 9.64159870147705
2026-04-09 17:04:18,049 - INFO - Total loss: 13.390897750854492
2026-04-09 17:04:18,130 - INFO - Reconstruction loss: 7.718917369842529
2026-04-09 17:04:18,131 - INFO - Encoder coeffs loss: 0.3142854571342468
2026-04-09 17:04:18,131 - INFO - Decoder coeffs loss: 0.3639313578605652
2026-04-09 17:04:18,132 - INFO - Prev coeffs loss: 0.16178900003433228
2026-04-09 17:04:18,132 - INFO - Encoder smooth loss: 0.21698874235153198
2026-04-09 17:04:18,132 - INFO - Decoder smooth loss: 0.17927400767803192
2026-04-09 17:04:18,133 - INFO - Prev smooth loss: 0.11351980268955231
2026-04-09 17:04:18,133 - INFO - KL loss: 9.75534439086914
2026-04-09 17:04:18,133 - INFO - Total loss: 13.271483421325684
2026-04-09 17:04:18,213 - INFO - Reconstruction loss: 7.9215312004089355
2026-04-09 17:04:18,213 - INFO - Encoder coeffs loss: 0.31613945960998535
2026-04-09 17:04:18,214 - INFO - Decoder coeffs loss: 0.3672669529914856
2026-04-09 17:04:18,214 - INFO - Prev coeffs loss: 0.16462820768356323
2026-04-09 17:04:18,214 - INFO - Encoder smooth loss: 0.21873517334461212
2026-04-09 17:04:18,214 - INFO - Decoder smooth loss: 0.180723637342453
2026-04-09 17:04:18,215 - INFO - Prev smooth loss: 0.11647726595401764
2026-04-09 17:04:18,215 - INFO - KL loss: 10.055925369262695
2026-04-09 17:04:18,215 - INFO - Total loss: 13.631479263305664
2026-04-09 17:04:18,295 - INFO - Reconstruction loss: 7.031425952911377
2026-04-09 17:04:18,296 - INFO - Encoder coeffs loss: 0.3117162883281708
2026-04-09 17:04:18,296 - INFO - Decoder coeffs loss: 0.3636854887008667
2026-04-09 17:04:18,296 - INFO - Prev coeffs loss: 0.16423532366752625
2026-04-09 17:04:18,297 - INFO - Encoder smooth loss: 0.21439379453659058
2026-04-09 17:04:18,297 - INFO - Decoder smooth loss: 0.17979583144187927
2026-04-09 17:04:18,298 - INFO - Prev smooth loss: 0.11512350291013718
2026-04-09 17:04:18,298 - INFO - KL loss: 8.346230506896973
2026-04-09 17:04:18,299 - INFO - Total loss: 11.879015922546387
2026-04-09 17:04:18,352 - INFO - Epoch 79/5000
2026-04-09 17:04:18,352 - INFO - Epoch training loss: 104.17419910430908
2026-04-09 17:04:18,352 - INFO - -------------------
2026-04-09 17:04:18,381 - INFO - Reconstruction loss: 8.968109130859375
2026-04-09 17:04:18,381 - INFO - Encoder coeffs loss: 0.31590136885643005
2026-04-09 17:04:18,383 - INFO - Decoder coeffs loss: 0.3715376555919647
2026-04-09 17:04:18,384 - INFO - Prev coeffs loss: 0.16576889157295227
2026-04-09 17:04:18,384 - INFO - Encoder smooth loss: 0.21929943561553955
2026-04-09 17:04:18,385 - INFO - Decoder smooth loss: 0.18356363475322723
2026-04-09 17:04:18,385 - INFO - Prev smooth loss: 0.11751668900251389
2026-04-09 17:04:18,385 - INFO - KL loss: 11.608983039855957
2026-04-09 17:04:18,386 - INFO - Total loss: 15.459394454956055
2026-04-09 17:04:18,414 - INFO - Reconstruction loss: 7.78682804107666
2026-04-09 17:04:18,415 - INFO - Encoder coeffs loss: 0.3148229718208313
2026-04-09 17:04:18,415 - INFO - Decoder coeffs loss: 0.3674081563949585
2026-04-09 17:04:18,415 - INFO - Prev coeffs loss: 0.16563847661018372
2026-04-09 17:04:18,416 - INFO - Encoder smooth loss: 0.2174745500087738
2026-04-09 17:04:18,416 - INFO - Decoder smooth loss: 0.18060432374477386
2026-04-09 17:04:18,416 - INFO - Prev smooth loss: 0.11650357395410538
2026-04-09 17:04:18,416 - INFO - KL loss: 9.366195678710938
2026-04-09 17:04:18,417 - INFO - Total loss: 13.151151657104492
2026-04-09 17:04:18,417 - INFO - Epoch val loss: 28.610546112060547
2026-04-09 17:04:18,417 - INFO - -------------------
2026-04-09 17:04:18,417 - INFO - Saving model at epoch 79
2026-04-09 17:04:18,417 - INFO - Saving model name: AERCA_nonlinear_ws_5_stride_1_lr_0.0001_epochs_5000_hidden_layer_size_50_num_hidden_layers_8.pt
2026-04-09 17:04:18,688 - INFO - Reconstruction loss: 7.958367824554443
2026-04-09 17:04:18,689 - INFO - Encoder coeffs loss: 0.31421101093292236
2026-04-09 17:04:18,689 - INFO - Decoder coeffs loss: 0.3682871460914612
2026-04-09 17:04:18,690 - INFO - Prev coeffs loss: 0.16479870676994324
2026-04-09 17:04:18,690 - INFO - Encoder smooth loss: 0.217753067612648
2026-04-09 17:04:18,690 - INFO - Decoder smooth loss: 0.18093018233776093
2026-04-09 17:04:18,692 - INFO - Prev smooth loss: 0.11580640822649002
2026-04-09 17:04:18,692 - INFO - KL loss: 9.769828796386719
2026-04-09 17:04:18,693 - INFO - Total loss: 13.524175643920898
2026-04-09 17:04:18,759 - INFO - Reconstruction loss: 7.611393451690674
2026-04-09 17:04:18,759 - INFO - Encoder coeffs loss: 0.31357771158218384
2026-04-09 17:04:18,760 - INFO - Decoder coeffs loss: 0.364512175321579
2026-04-09 17:04:18,760 - INFO - Prev coeffs loss: 0.16440847516059875
2026-04-09 17:04:18,761 - INFO - Encoder smooth loss: 0.21604743599891663
2026-04-09 17:04:18,761 - INFO - Decoder smooth loss: 0.17839550971984863
2026-04-09 17:04:18,761 - INFO - Prev smooth loss: 0.11530309170484543
2026-04-09 17:04:18,761 - INFO - KL loss: 9.287858963012695
2026-04-09 17:04:18,762 - INFO - Total loss: 12.931445121765137
2026-04-09 17:04:18,820 - INFO - Reconstruction loss: 7.5167670249938965
2026-04-09 17:04:18,821 - INFO - Encoder coeffs loss: 0.31620723009109497
2026-04-09 17:04:18,821 - INFO - Decoder coeffs loss: 0.36512792110443115
2026-04-09 17:04:18,821 - INFO - Prev coeffs loss: 0.1632772535085678
2026-04-09 17:04:18,823 - INFO - Encoder smooth loss: 0.2189042568206787
2026-04-09 17:04:18,823 - INFO - Decoder smooth loss: 0.17931240797042847
2026-04-09 17:04:18,823 - INFO - Prev smooth loss: 0.11432495713233948
2026-04-09 17:04:18,823 - INFO - KL loss: 9.382235527038574
2026-04-09 17:04:18,824 - INFO - Total loss: 12.88646125793457
2026-04-09 17:04:18,895 - INFO - Reconstruction loss: 7.398425579071045
2026-04-09 17:04:18,895 - INFO - Encoder coeffs loss: 0.31383898854255676
2026-04-09 17:04:18,896 - INFO - Decoder coeffs loss: 0.3617252707481384
2026-04-09 17:04:18,896 - INFO - Prev coeffs loss: 0.1646258533000946
2026-04-09 17:04:18,896 - INFO - Encoder smooth loss: 0.21624656021595
2026-04-09 17:04:18,897 - INFO - Decoder smooth loss: 0.17776243388652802
2026-04-09 17:04:18,897 - INFO - Prev smooth loss: 0.11583992093801498
2026-04-09 17:04:18,897 - INFO - KL loss: 8.672866821289062
2026-04-09 17:04:18,898 - INFO - Total loss: 12.409878730773926
2026-04-09 17:04:18,965 - INFO - Reconstruction loss: 7.848779201507568
2026-04-09 17:04:18,966 - INFO - Encoder coeffs loss: 0.3183354139328003
2026-04-09 17:04:18,966 - INFO - Decoder coeffs loss: 0.3683614730834961
2026-04-09 17:04:18,966 - INFO - Prev coeffs loss: 0.16488012671470642
2026-04-09 17:04:18,967 - INFO - Encoder smooth loss: 0.22028273344039917
2026-04-09 17:04:18,967 - INFO - Decoder smooth loss: 0.18095113337039948
2026-04-09 17:04:18,967 - INFO - Prev smooth loss: 0.11653544753789902
2026-04-09 17:04:18,967 - INFO - KL loss: 9.570146560668945
2026-04-09 17:04:18,968 - INFO - Total loss: 13.318526268005371
2026-04-09 17:04:19,189 - INFO - Reconstruction loss: 7.689172744750977
2026-04-09 17:04:19,191 - INFO - Encoder coeffs loss: 0.3150434195995331
2026-04-09 17:04:19,191 - INFO - Decoder coeffs loss: 0.3643984794616699
2026-04-09 17:04:19,192 - INFO - Prev coeffs loss: 0.1613454818725586
2026-04-09 17:04:19,193 - INFO - Encoder smooth loss: 0.217921644449234
2026-04-09 17:04:19,193 - INFO - Decoder smooth loss: 0.17845404148101807
2026-04-09 17:04:19,199 - INFO - Prev smooth loss: 0.11316999047994614
2026-04-09 17:04:19,199 - INFO - KL loss: 9.682289123535156
2026-04-09 17:04:19,200 - INFO - Total loss: 13.205484390258789
2026-04-09 17:04:20,272 - INFO - Reconstruction loss: 7.889033317565918
2026-04-09 17:04:20,273 - INFO - Encoder coeffs loss: 0.3169540762901306
2026-04-09 17:04:20,273 - INFO - Decoder coeffs loss: 0.36781734228134155
2026-04-09 17:04:20,274 - INFO - Prev coeffs loss: 0.1642669141292572
2026-04-09 17:04:20,274 - INFO - Encoder smooth loss: 0.2196963131427765
2026-04-09 17:04:20,275 - INFO - Decoder smooth loss: 0.17994073033332825
2026-04-09 17:04:20,275 - INFO - Prev smooth loss: 0.11619453877210617
2026-04-09 17:04:20,275 - INFO - KL loss: 9.987709999084473
2026-04-09 17:04:20,276 - INFO - Total loss: 13.565322875976562
2026-04-09 17:04:20,372 - INFO - Reconstruction loss: 7.006907939910889
2026-04-09 17:04:20,372 - INFO - Encoder coeffs loss: 0.31267184019088745
2026-04-09 17:04:20,373 - INFO - Decoder coeffs loss: 0.36432158946990967
2026-04-09 17:04:20,374 - INFO - Prev coeffs loss: 0.16388067603111267
2026-04-09 17:04:20,374 - INFO - Encoder smooth loss: 0.2154398411512375
2026-04-09 17:04:20,374 - INFO - Decoder smooth loss: 0.17905771732330322
2026-04-09 17:04:20,375 - INFO - Prev smooth loss: 0.11483094841241837
2026-04-09 17:04:20,375 - INFO - KL loss: 8.282709121704102
2026-04-09 17:04:20,376 - INFO - Total loss: 11.8233642578125
2026-04-09 17:04:20,436 - INFO - Epoch 80/5000
2026-04-09 17:04:20,436 - INFO - Epoch training loss: 103.66465854644775
2026-04-09 17:04:20,437 - INFO - -------------------
2026-04-09 17:04:20,474 - INFO - Reconstruction loss: 8.946029663085938
2026-04-09 17:04:20,476 - INFO - Encoder coeffs loss: 0.3167074918746948
2026-04-09 17:04:20,477 - INFO - Decoder coeffs loss: 0.3721396327018738
2026-04-09 17:04:20,477 - INFO - Prev coeffs loss: 0.16547800600528717
2026-04-09 17:04:20,478 - INFO - Encoder smooth loss: 0.22025896608829498
2026-04-09 17:04:20,478 - INFO - Decoder smooth loss: 0.18279021978378296
2026-04-09 17:04:20,479 - INFO - Prev smooth loss: 0.1173115074634552
2026-04-09 17:04:20,479 - INFO - KL loss: 11.55152702331543
2026-04-09 17:04:20,480 - INFO - Total loss: 15.409135818481445
2026-04-09 17:04:20,517 - INFO - Reconstruction loss: 7.765582084655762
2026-04-09 17:04:20,518 - INFO - Encoder coeffs loss: 0.31576165556907654
2026-04-09 17:04:20,518 - INFO - Decoder coeffs loss: 0.3680475056171417
2026-04-09 17:04:20,519 - INFO - Prev coeffs loss: 0.16532401740550995
2026-04-09 17:04:20,520 - INFO - Encoder smooth loss: 0.2185409963130951
2026-04-09 17:04:20,520 - INFO - Decoder smooth loss: 0.17985722422599792
2026-04-09 17:04:20,520 - INFO - Prev smooth loss: 0.1162378191947937
2026-04-09 17:04:20,521 - INFO - KL loss: 9.304032325744629
2026-04-09 17:04:20,522 - INFO - Total loss: 13.099481582641602
2026-04-09 17:04:20,522 - INFO - Epoch val loss: 28.508617401123047
2026-04-09 17:04:20,522 - INFO - -------------------
2026-04-09 17:04:20,522 - INFO - Saving model at epoch 80
2026-04-09 17:04:20,522 - INFO - Saving model name: AERCA_nonlinear_ws_5_stride_1_lr_0.0001_epochs_5000_hidden_layer_size_50_num_hidden_layers_8.pt
2026-04-09 17:04:20,638 - INFO - Reconstruction loss: 7.92772912979126
2026-04-09 17:04:20,639 - INFO - Encoder coeffs loss: 0.3150472044944763
2026-04-09 17:04:20,640 - INFO - Decoder coeffs loss: 0.36889195442199707
2026-04-09 17:04:20,641 - INFO - Prev coeffs loss: 0.16448882222175598
2026-04-09 17:04:20,641 - INFO - Encoder smooth loss: 0.21873505413532257
2026-04-09 17:04:20,641 - INFO - Decoder smooth loss: 0.1801670640707016
2026-04-09 17:04:20,642 - INFO - Prev smooth loss: 0.11555662751197815
2026-04-09 17:04:20,642 - INFO - KL loss: 9.702118873596191
2026-04-09 17:04:20,643 - INFO - Total loss: 13.46023178100586
2026-04-09 17:04:20,737 - INFO - Reconstruction loss: 7.581206321716309
2026-04-09 17:04:20,737 - INFO - Encoder coeffs loss: 0.31449732184410095
2026-04-09 17:04:20,738 - INFO - Decoder coeffs loss: 0.36509770154953003
2026-04-09 17:04:20,739 - INFO - Prev coeffs loss: 0.1640590876340866
2026-04-09 17:04:20,739 - INFO - Encoder smooth loss: 0.21709680557250977
2026-04-09 17:04:20,740 - INFO - Decoder smooth loss: 0.17764496803283691
2026-04-09 17:04:20,740 - INFO - Prev smooth loss: 0.11502759158611298
2026-04-09 17:04:20,740 - INFO - KL loss: 9.21875286102295
2026-04-09 17:04:20,741 - INFO - Total loss: 12.867294311523438
2026-04-09 17:04:20,829 - INFO - Reconstruction loss: 7.485042095184326
2026-04-09 17:04:20,829 - INFO - Encoder coeffs loss: 0.31709298491477966
2026-04-09 17:04:20,829 - INFO - Decoder coeffs loss: 0.3657054305076599
2026-04-09 17:04:20,830 - INFO - Prev coeffs loss: 0.16286620497703552
2026-04-09 17:04:20,831 - INFO - Encoder smooth loss: 0.21994657814502716
2026-04-09 17:04:20,832 - INFO - Decoder smooth loss: 0.17851179838180542
2026-04-09 17:04:20,832 - INFO - Prev smooth loss: 0.1140095666050911
2026-04-09 17:04:20,832 - INFO - KL loss: 9.306843757629395
2026-04-09 17:04:20,833 - INFO - Total loss: 12.817529678344727
2026-04-09 17:04:20,931 - INFO - Reconstruction loss: 7.373478889465332
2026-04-09 17:04:20,932 - INFO - Encoder coeffs loss: 0.3148174285888672
2026-04-09 17:04:20,933 - INFO - Decoder coeffs loss: 0.3624209761619568
2026-04-09 17:04:20,933 - INFO - Prev coeffs loss: 0.164296954870224
2026-04-09 17:04:20,933 - INFO - Encoder smooth loss: 0.2173713743686676
2026-04-09 17:04:20,934 - INFO - Decoder smooth loss: 0.17706957459449768
2026-04-09 17:04:20,935 - INFO - Prev smooth loss: 0.11559366434812546
2026-04-09 17:04:20,935 - INFO - KL loss: 8.618925094604492
2026-04-09 17:04:20,936 - INFO - Total loss: 12.358726501464844
2026-04-09 17:04:21,022 - INFO - Reconstruction loss: 7.812736511230469
2026-04-09 17:04:21,024 - INFO - Encoder coeffs loss: 0.3192257881164551
2026-04-09 17:04:21,024 - INFO - Decoder coeffs loss: 0.3690292239189148
2026-04-09 17:04:21,025 - INFO - Prev coeffs loss: 0.1645108014345169
2026-04-09 17:04:21,025 - INFO - Encoder smooth loss: 0.22135509550571442
2026-04-09 17:04:21,026 - INFO - Decoder smooth loss: 0.18021352589130402
2026-04-09 17:04:21,026 - INFO - Prev smooth loss: 0.11628846824169159
2026-04-09 17:04:21,026 - INFO - KL loss: 9.499738693237305
2026-04-09 17:04:21,027 - INFO - Total loss: 13.247917175292969
2026-04-09 17:04:21,124 - INFO - Reconstruction loss: 7.660764694213867
2026-04-09 17:04:21,125 - INFO - Encoder coeffs loss: 0.315909206867218
2026-04-09 17:04:21,126 - INFO - Decoder coeffs loss: 0.3649691939353943
2026-04-09 17:04:21,127 - INFO - Prev coeffs loss: 0.16090719401836395
2026-04-09 17:04:21,127 - INFO - Encoder smooth loss: 0.2189650982618332
2026-04-09 17:04:21,128 - INFO - Decoder smooth loss: 0.1777157187461853
2026-04-09 17:04:21,128 - INFO - Prev smooth loss: 0.11284828931093216
2026-04-09 17:04:21,129 - INFO - KL loss: 9.611625671386719
2026-04-09 17:04:21,129 - INFO - Total loss: 13.142234802246094
2026-04-09 17:04:21,228 - INFO - Reconstruction loss: 7.857418060302734
2026-04-09 17:04:21,228 - INFO - Encoder coeffs loss: 0.3178356885910034
2026-04-09 17:04:21,229 - INFO - Decoder coeffs loss: 0.36848658323287964
2026-04-09 17:04:21,230 - INFO - Prev coeffs loss: 0.16384565830230713
2026-04-09 17:04:21,231 - INFO - Encoder smooth loss: 0.22074422240257263
2026-04-09 17:04:21,231 - INFO - Decoder smooth loss: 0.1792459785938263
2026-04-09 17:04:21,232 - INFO - Prev smooth loss: 0.1158972829580307
2026-04-09 17:04:21,232 - INFO - KL loss: 9.919866561889648
2026-04-09 17:04:21,233 - INFO - Total loss: 13.500378608703613
2026-04-09 17:04:21,330 - INFO - Reconstruction loss: 6.982599258422852
2026-04-09 17:04:21,331 - INFO - Encoder coeffs loss: 0.31367209553718567
2026-04-09 17:04:21,332 - INFO - Decoder coeffs loss: 0.36507803201675415
2026-04-09 17:04:21,332 - INFO - Prev coeffs loss: 0.16340206563472748
2026-04-09 17:04:21,333 - INFO - Encoder smooth loss: 0.21656006574630737
2026-04-09 17:04:21,333 - INFO - Decoder smooth loss: 0.17841127514839172
2026-04-09 17:04:21,334 - INFO - Prev smooth loss: 0.11447246372699738
2026-04-09 17:04:21,334 - INFO - KL loss: 8.221911430358887
2026-04-09 17:04:21,335 - INFO - Total loss: 11.769353866577148
2026-04-09 17:04:21,388 - INFO - Epoch 81/5000
2026-04-09 17:04:21,389 - INFO - Epoch training loss: 103.16366672515869
2026-04-09 17:04:21,389 - INFO - -------------------
2026-04-09 17:04:21,426 - INFO - Reconstruction loss: 8.922713279724121
2026-04-09 17:04:21,426 - INFO - Encoder coeffs loss: 0.3175201416015625
2026-04-09 17:04:21,427 - INFO - Decoder coeffs loss: 0.37285712361335754
2026-04-09 17:04:21,427 - INFO - Prev coeffs loss: 0.1650259792804718
2026-04-09 17:04:21,428 - INFO - Encoder smooth loss: 0.22126494348049164
2026-04-09 17:04:21,429 - INFO - Decoder smooth loss: 0.18209871649742126
2026-04-09 17:04:21,430 - INFO - Prev smooth loss: 0.11701252311468124
2026-04-09 17:04:21,430 - INFO - KL loss: 11.495024681091309
2026-04-09 17:04:21,431 - INFO - Total loss: 15.358116149902344
2026-04-09 17:04:21,466 - INFO - Reconstruction loss: 7.745071887969971
2026-04-09 17:04:21,466 - INFO - Encoder coeffs loss: 0.31671249866485596
2026-04-09 17:04:21,466 - INFO - Decoder coeffs loss: 0.3687920570373535
2026-04-09 17:04:21,467 - INFO - Prev coeffs loss: 0.16485360264778137
2026-04-09 17:04:21,468 - INFO - Encoder smooth loss: 0.21966247260570526
2026-04-09 17:04:21,468 - INFO - Decoder smooth loss: 0.1792016476392746
2026-04-09 17:04:21,469 - INFO - Prev smooth loss: 0.11588513106107712
2026-04-09 17:04:21,469 - INFO - KL loss: 9.242008209228516
2026-04-09 17:04:21,470 - INFO - Total loss: 13.048628807067871
2026-04-09 17:04:21,470 - INFO - Epoch val loss: 28.406744956970215
2026-04-09 17:04:21,470 - INFO - -------------------
2026-04-09 17:04:21,470 - INFO - Saving model at epoch 81
2026-04-09 17:04:21,470 - INFO - Saving model name: AERCA_nonlinear_ws_5_stride_1_lr_0.0001_epochs_5000_hidden_layer_size_50_num_hidden_layers_8.pt
2026-04-09 17:04:21,583 - INFO - Reconstruction loss: 7.896833896636963
2026-04-09 17:04:21,583 - INFO - Encoder coeffs loss: 0.315890371799469
2026-04-09 17:04:21,585 - INFO - Decoder coeffs loss: 0.36961662769317627
2026-04-09 17:04:21,585 - INFO - Prev coeffs loss: 0.16402123868465424
2026-04-09 17:04:21,586 - INFO - Encoder smooth loss: 0.21976670622825623
2026-04-09 17:04:21,586 - INFO - Decoder smooth loss: 0.17949815094470978
2026-04-09 17:04:21,587 - INFO - Prev smooth loss: 0.11521851271390915
2026-04-09 17:04:21,587 - INFO - KL loss: 9.636453628540039
2026-04-09 17:04:21,587 - INFO - Total loss: 13.397066116333008
2026-04-09 17:04:21,675 - INFO - Reconstruction loss: 7.5511274337768555
2026-04-09 17:04:21,676 - INFO - Encoder coeffs loss: 0.31539833545684814
2026-04-09 17:04:21,677 - INFO - Decoder coeffs loss: 0.36578619480133057
2026-04-09 17:04:21,678 - INFO - Prev coeffs loss: 0.16354353725910187
2026-04-09 17:04:21,679 - INFO - Encoder smooth loss: 0.21818718314170837
2026-04-09 17:04:21,679 - INFO - Decoder smooth loss: 0.17697934806346893
2026-04-09 17:04:21,680 - INFO - Prev smooth loss: 0.11465733498334885
2026-04-09 17:04:21,681 - INFO - KL loss: 9.15043830871582
2026-04-09 17:04:21,681 - INFO - Total loss: 12.803622245788574
2026-04-09 17:04:21,765 - INFO - Reconstruction loss: 7.4546990394592285
2026-04-09 17:04:21,765 - INFO - Encoder coeffs loss: 0.31790903210639954
2026-04-09 17:04:21,766 - INFO - Decoder coeffs loss: 0.36637842655181885
2026-04-09 17:04:21,767 - INFO - Prev coeffs loss: 0.1622718721628189
2026-04-09 17:04:21,767 - INFO - Encoder smooth loss: 0.22098124027252197
2026-04-09 17:04:21,768 - INFO - Decoder smooth loss: 0.17778196930885315
2026-04-09 17:04:21,768 - INFO - Prev smooth loss: 0.11358403414487839
2026-04-09 17:04:21,768 - INFO - KL loss: 9.233540534973145
2026-04-09 17:04:21,769 - INFO - Total loss: 12.750923156738281
2026-04-09 17:04:21,854 - INFO - Reconstruction loss: 7.348025798797607
2026-04-09 17:04:21,854 - INFO - Encoder coeffs loss: 0.3156563341617584
2026-04-09 17:04:21,855 - INFO - Decoder coeffs loss: 0.36320817470550537
2026-04-09 17:04:21,856 - INFO - Prev coeffs loss: 0.16378870606422424
2026-04-09 17:04:21,856 - INFO - Encoder smooth loss: 0.21843253076076508
2026-04-09 17:04:21,856 - INFO - Decoder smooth loss: 0.17644914984703064
2026-04-09 17:04:21,857 - INFO - Prev smooth loss: 0.11523261666297913
2026-04-09 17:04:21,857 - INFO - KL loss: 8.566305160522461
2026-04-09 17:04:21,858 - INFO - Total loss: 12.307561874389648
2026-04-09 17:04:21,944 - INFO - Reconstruction loss: 7.776734828948975
2026-04-09 17:04:21,944 - INFO - Encoder coeffs loss: 0.319960355758667
2026-04-09 17:04:21,946 - INFO - Decoder coeffs loss: 0.369785338640213
2026-04-09 17:04:21,946 - INFO - Prev coeffs loss: 0.16397620737552643
2026-04-09 17:04:21,947 - INFO - Encoder smooth loss: 0.22235356271266937
2026-04-09 17:04:21,947 - INFO - Decoder smooth loss: 0.17954237759113312
2026-04-09 17:04:21,948 - INFO - Prev smooth loss: 0.11593138426542282
2026-04-09 17:04:21,948 - INFO - KL loss: 9.431418418884277
2026-04-09 17:04:21,949 - INFO - Total loss: 13.178218841552734
2026-04-09 17:04:22,038 - INFO - Reconstruction loss: 7.633130073547363
2026-04-09 17:04:22,039 - INFO - Encoder coeffs loss: 0.31662923097610474
2026-04-09 17:04:22,039 - INFO - Decoder coeffs loss: 0.36560574173927307
2026-04-09 17:04:22,040 - INFO - Prev coeffs loss: 0.16034233570098877
2026-04-09 17:04:22,040 - INFO - Encoder smooth loss: 0.21994340419769287
2026-04-09 17:04:22,041 - INFO - Decoder smooth loss: 0.1770278662443161
2026-04-09 17:04:22,041 - INFO - Prev smooth loss: 0.1124376505613327
2026-04-09 17:04:22,041 - INFO - KL loss: 9.543134689331055
2026-04-09 17:04:22,042 - INFO - Total loss: 13.080690383911133
2026-04-09 17:04:22,134 - INFO - Reconstruction loss: 7.825989246368408
2026-04-09 17:04:22,135 - INFO - Encoder coeffs loss: 0.3185655474662781
2026-04-09 17:04:22,135 - INFO - Decoder coeffs loss: 0.36920613050460815
2026-04-09 17:04:22,136 - INFO - Prev coeffs loss: 0.16334374248981476
2026-04-09 17:04:22,137 - INFO - Encoder smooth loss: 0.22172272205352783
2026-04-09 17:04:22,138 - INFO - Decoder smooth loss: 0.1785959154367447
2026-04-09 17:04:22,138 - INFO - Prev smooth loss: 0.11553540825843811
2026-04-09 17:04:22,139 - INFO - KL loss: 9.85293960571289
2026-04-09 17:04:22,140 - INFO - Total loss: 13.435944557189941
2026-04-09 17:04:22,230 - INFO - Reconstruction loss: 6.958553314208984
2026-04-09 17:04:22,231 - INFO - Encoder coeffs loss: 0.31451091170310974
2026-04-09 17:04:22,231 - INFO - Decoder coeffs loss: 0.3658912777900696
2026-04-09 17:04:22,232 - INFO - Prev coeffs loss: 0.16290520131587982
2026-04-09 17:04:22,232 - INFO - Encoder smooth loss: 0.21760407090187073
2026-04-09 17:04:22,233 - INFO - Decoder smooth loss: 0.17781244218349457
2026-04-09 17:04:22,233 - INFO - Prev smooth loss: 0.11409037560224533
2026-04-09 17:04:22,233 - INFO - KL loss: 8.164901733398438
2026-04-09 17:04:22,234 - INFO - Total loss: 11.717411041259766
2026-04-09 17:04:22,287 - INFO - Epoch 82/5000
2026-04-09 17:04:22,287 - INFO - Epoch training loss: 102.67143821716309
2026-04-09 17:04:22,287 - INFO - -------------------
2026-04-09 17:04:22,318 - INFO - Reconstruction loss: 8.899710655212402
2026-04-09 17:04:22,319 - INFO - Encoder coeffs loss: 0.31820788979530334
2026-04-09 17:04:22,321 - INFO - Decoder coeffs loss: 0.37361985445022583
2026-04-09 17:04:22,321 - INFO - Prev coeffs loss: 0.16462284326553345
2026-04-09 17:04:22,322 - INFO - Encoder smooth loss: 0.2222147136926651
2026-04-09 17:04:22,322 - INFO - Decoder smooth loss: 0.18145310878753662
2026-04-09 17:04:22,322 - INFO - Prev smooth loss: 0.11672771722078323
2026-04-09 17:04:22,323 - INFO - KL loss: 11.44207763671875
2026-04-09 17:04:22,324 - INFO - Total loss: 15.309173583984375
2026-04-09 17:04:22,358 - INFO - Reconstruction loss: 7.725620746612549
2026-04-09 17:04:22,359 - INFO - Encoder coeffs loss: 0.3175086975097656
2026-04-09 17:04:22,360 - INFO - Decoder coeffs loss: 0.36959198117256165
2026-04-09 17:04:22,360 - INFO - Prev coeffs loss: 0.16443860530853271
2026-04-09 17:04:22,361 - INFO - Encoder smooth loss: 0.22070130705833435
2026-04-09 17:04:22,361 - INFO - Decoder smooth loss: 0.1785963773727417
2026-04-09 17:04:22,361 - INFO - Prev smooth loss: 0.11555565148591995
2026-04-09 17:04:22,362 - INFO - KL loss: 9.186405181884766
2026-04-09 17:04:22,362 - INFO - Total loss: 13.002018928527832
2026-04-09 17:04:22,362 - INFO - Epoch val loss: 28.311192512512207
2026-04-09 17:04:22,362 - INFO - -------------------
2026-04-09 17:04:22,363 - INFO - Saving model at epoch 82
2026-04-09 17:04:22,363 - INFO - Saving model name: AERCA_nonlinear_ws_5_stride_1_lr_0.0001_epochs_5000_hidden_layer_size_50_num_hidden_layers_8.pt
2026-04-09 17:04:22,481 - INFO - Reconstruction loss: 7.865227222442627
2026-04-09 17:04:22,482 - INFO - Encoder coeffs loss: 0.3165931701660156
2026-04-09 17:04:22,483 - INFO - Decoder coeffs loss: 0.37037426233291626
2026-04-09 17:04:22,483 - INFO - Prev coeffs loss: 0.16360577940940857
2026-04-09 17:04:22,484 - INFO - Encoder smooth loss: 0.2207295149564743
2026-04-09 17:04:22,484 - INFO - Decoder smooth loss: 0.17887026071548462
2026-04-09 17:04:22,485 - INFO - Prev smooth loss: 0.11489958316087723
2026-04-09 17:04:22,485 - INFO - KL loss: 9.571861267089844
2026-04-09 17:04:22,485 - INFO - Total loss: 13.333693504333496
2026-04-09 17:04:22,584 - INFO - Reconstruction loss: 7.52161979675293
2026-04-09 17:04:22,585 - INFO - Encoder coeffs loss: 0.3162063956260681
2026-04-09 17:04:22,586 - INFO - Decoder coeffs loss: 0.36648988723754883
2026-04-09 17:04:22,586 - INFO - Prev coeffs loss: 0.1631341129541397
2026-04-09 17:04:22,587 - INFO - Encoder smooth loss: 0.21923618018627167
2026-04-09 17:04:22,587 - INFO - Decoder smooth loss: 0.17635107040405273
2026-04-09 17:04:22,588 - INFO - Prev smooth loss: 0.11434082686901093
2026-04-09 17:04:22,588 - INFO - KL loss: 9.079792022705078
2026-04-09 17:04:22,588 - INFO - Total loss: 12.739394187927246
2026-04-09 17:04:22,681 - INFO - Reconstruction loss: 7.424856662750244
2026-04-09 17:04:22,682 - INFO - Encoder coeffs loss: 0.318689227104187
2026-04-09 17:04:22,682 - INFO - Decoder coeffs loss: 0.36706531047821045
2026-04-09 17:04:22,683 - INFO - Prev coeffs loss: 0.16184788942337036
2026-04-09 17:04:22,683 - INFO - Encoder smooth loss: 0.22201111912727356
2026-04-09 17:04:22,683 - INFO - Decoder smooth loss: 0.17709070444107056
2026-04-09 17:04:22,684 - INFO - Prev smooth loss: 0.11324971169233322
2026-04-09 17:04:22,684 - INFO - KL loss: 9.159557342529297
2026-04-09 17:04:22,685 - INFO - Total loss: 12.684612274169922
2026-04-09 17:04:22,778 - INFO - Reconstruction loss: 7.322650909423828
2026-04-09 17:04:22,778 - INFO - Encoder coeffs loss: 0.3165525197982788
2026-04-09 17:04:22,779 - INFO - Decoder coeffs loss: 0.3639986515045166
2026-04-09 17:04:22,779 - INFO - Prev coeffs loss: 0.16347748041152954
2026-04-09 17:04:22,780 - INFO - Encoder smooth loss: 0.2195577174425125
2026-04-09 17:04:22,781 - INFO - Decoder smooth loss: 0.17586985230445862
2026-04-09 17:04:22,781 - INFO - Prev smooth loss: 0.11497717350721359
2026-04-09 17:04:22,782 - INFO - KL loss: 8.51315689086914
2026-04-09 17:04:22,782 - INFO - Total loss: 12.25644588470459
2026-04-09 17:04:22,866 - INFO - Reconstruction loss: 7.742543697357178
2026-04-09 17:04:22,867 - INFO - Encoder coeffs loss: 0.32078656554222107
2026-04-09 17:04:22,867 - INFO - Decoder coeffs loss: 0.370572566986084
2026-04-09 17:04:22,868 - INFO - Prev coeffs loss: 0.1636621356010437
2026-04-09 17:04:22,868 - INFO - Encoder smooth loss: 0.22343070805072784
2026-04-09 17:04:22,869 - INFO - Decoder smooth loss: 0.1789335310459137
2026-04-09 17:04:22,869 - INFO - Prev smooth loss: 0.11569331586360931
2026-04-09 17:04:22,869 - INFO - KL loss: 9.365694046020508
2026-04-09 17:04:22,870 - INFO - Total loss: 13.111929893493652
2026-04-09 17:04:22,958 - INFO - Reconstruction loss: 7.604316711425781
2026-04-09 17:04:22,958 - INFO - Encoder coeffs loss: 0.31747132539749146
2026-04-09 17:04:22,959 - INFO - Decoder coeffs loss: 0.36624985933303833
2026-04-09 17:04:22,959 - INFO - Prev coeffs loss: 0.1599930226802826
2026-04-09 17:04:22,960 - INFO - Encoder smooth loss: 0.22101446986198425
2026-04-09 17:04:22,961 - INFO - Decoder smooth loss: 0.17640016973018646
2026-04-09 17:04:22,961 - INFO - Prev smooth loss: 0.11214444786310196
2026-04-09 17:04:22,961 - INFO - KL loss: 9.47072696685791
2026-04-09 17:04:22,962 - INFO - Total loss: 13.016315460205078
2026-04-09 17:04:23,048 - INFO - Reconstruction loss: 7.795418739318848
2026-04-09 17:04:23,049 - INFO - Encoder coeffs loss: 0.3194386959075928
2026-04-09 17:04:23,049 - INFO - Decoder coeffs loss: 0.3699421286582947
2026-04-09 17:04:23,050 - INFO - Prev coeffs loss: 0.16303704679012299
2026-04-09 17:04:23,050 - INFO - Encoder smooth loss: 0.22281122207641602
2026-04-09 17:04:23,051 - INFO - Decoder smooth loss: 0.17800579965114594
2026-04-09 17:04:23,051 - INFO - Prev smooth loss: 0.11528652906417847
2026-04-09 17:04:23,051 - INFO - KL loss: 9.783595085144043
2026-04-09 17:04:23,052 - INFO - Total loss: 13.371477127075195
2026-04-09 17:04:23,139 - INFO - Reconstruction loss: 6.934335231781006
2026-04-09 17:04:23,139 - INFO - Encoder coeffs loss: 0.31553560495376587
2026-04-09 17:04:23,139 - INFO - Decoder coeffs loss: 0.36672043800354004
2026-04-09 17:04:23,140 - INFO - Prev coeffs loss: 0.16258300840854645
2026-04-09 17:04:23,141 - INFO - Encoder smooth loss: 0.21880479156970978
2026-04-09 17:04:23,141 - INFO - Decoder smooth loss: 0.17726542055606842
2026-04-09 17:04:23,142 - INFO - Prev smooth loss: 0.11381681263446808
2026-04-09 17:04:23,142 - INFO - KL loss: 8.10552978515625
2026-04-09 17:04:23,143 - INFO - Total loss: 11.66446304321289
2026-04-09 17:04:23,186 - INFO - Epoch 83/5000
2026-04-09 17:04:23,186 - INFO - Epoch training loss: 102.17833137512207
2026-04-09 17:04:23,187 - INFO - -------------------
2026-04-09 17:04:23,220 - INFO - Reconstruction loss: 8.876015663146973
2026-04-09 17:04:23,220 - INFO - Encoder coeffs loss: 0.3190486431121826
2026-04-09 17:04:23,221 - INFO - Decoder coeffs loss: 0.3743927478790283
2026-04-09 17:04:23,221 - INFO - Prev coeffs loss: 0.164314866065979
2026-04-09 17:04:23,222 - INFO - Encoder smooth loss: 0.22327479720115662
2026-04-09 17:04:23,223 - INFO - Decoder smooth loss: 0.1808624267578125
2026-04-09 17:04:23,223 - INFO - Prev smooth loss: 0.11649947613477707
2026-04-09 17:04:23,223 - INFO - KL loss: 11.387897491455078
2026-04-09 17:04:23,224 - INFO - Total loss: 15.259160041809082
2026-04-09 17:04:23,259 - INFO - Reconstruction loss: 7.705641746520996
2026-04-09 17:04:23,260 - INFO - Encoder coeffs loss: 0.318476140499115
2026-04-09 17:04:23,260 - INFO - Decoder coeffs loss: 0.37038981914520264
2026-04-09 17:04:23,261 - INFO - Prev coeffs loss: 0.1641291379928589
2026-04-09 17:04:23,261 - INFO - Encoder smooth loss: 0.2218850702047348
2026-04-09 17:04:23,262 - INFO - Decoder smooth loss: 0.17803193628787994
2026-04-09 17:04:23,262 - INFO - Prev smooth loss: 0.1152917891740799
2026-04-09 17:04:23,263 - INFO - KL loss: 9.126193046569824
2026-04-09 17:04:23,263 - INFO - Total loss: 12.952840805053711
2026-04-09 17:04:23,263 - INFO - Epoch val loss: 28.212000846862793
2026-04-09 17:04:23,264 - INFO - -------------------
2026-04-09 17:04:23,264 - INFO - Saving model at epoch 83
2026-04-09 17:04:23,264 - INFO - Saving model name: AERCA_nonlinear_ws_5_stride_1_lr_0.0001_epochs_5000_hidden_layer_size_50_num_hidden_layers_8.pt
2026-04-09 17:04:23,385 - INFO - Reconstruction loss: 7.833264350891113
2026-04-09 17:04:23,386 - INFO - Encoder coeffs loss: 0.3174537122249603
2026-04-09 17:04:23,386 - INFO - Decoder coeffs loss: 0.37115243077278137
2026-04-09 17:04:23,387 - INFO - Prev coeffs loss: 0.16328738629817963
2026-04-09 17:04:23,388 - INFO - Encoder smooth loss: 0.22181466221809387
2026-04-09 17:04:23,388 - INFO - Decoder smooth loss: 0.1782933622598648
2026-04-09 17:04:23,388 - INFO - Prev smooth loss: 0.1146409884095192
2026-04-09 17:04:23,389 - INFO - KL loss: 9.506656646728516
2026-04-09 17:04:23,389 - INFO - Total loss: 13.269913673400879
2026-04-09 17:04:23,477 - INFO - Reconstruction loss: 7.492650508880615
2026-04-09 17:04:23,477 - INFO - Encoder coeffs loss: 0.31717175245285034
2026-04-09 17:04:23,478 - INFO - Decoder coeffs loss: 0.36722755432128906
2026-04-09 17:04:23,478 - INFO - Prev coeffs loss: 0.162769615650177
2026-04-09 17:04:23,479 - INFO - Encoder smooth loss: 0.2204311341047287
2026-04-09 17:04:23,479 - INFO - Decoder smooth loss: 0.17578519880771637
2026-04-09 17:04:23,479 - INFO - Prev smooth loss: 0.114051453769207
2026-04-09 17:04:23,480 - INFO - KL loss: 9.012890815734863
2026-04-09 17:04:23,480 - INFO - Total loss: 12.677814483642578
2026-04-09 17:04:23,571 - INFO - Reconstruction loss: 7.395228862762451
2026-04-09 17:04:23,571 - INFO - Encoder coeffs loss: 0.31956782937049866
2026-04-09 17:04:23,572 - INFO - Decoder coeffs loss: 0.3677791953086853
2026-04-09 17:04:23,572 - INFO - Prev coeffs loss: 0.16140711307525635
2026-04-09 17:04:23,573 - INFO - Encoder smooth loss: 0.22313833236694336
2026-04-09 17:04:23,573 - INFO - Decoder smooth loss: 0.17644426226615906
2026-04-09 17:04:23,574 - INFO - Prev smooth loss: 0.11290114372968674
2026-04-09 17:04:23,574 - INFO - KL loss: 9.087512016296387
2026-04-09 17:04:23,574 - INFO - Total loss: 12.619604110717773
2026-04-09 17:04:23,659 - INFO - Reconstruction loss: 7.297946453094482
2026-04-09 17:04:23,660 - INFO - Encoder coeffs loss: 0.31748467683792114
2026-04-09 17:04:23,660 - INFO - Decoder coeffs loss: 0.36481380462646484
2026-04-09 17:04:23,661 - INFO - Prev coeffs loss: 0.16310715675354004
2026-04-09 17:04:23,661 - INFO - Encoder smooth loss: 0.22073857486248016
2026-04-09 17:04:23,662 - INFO - Decoder smooth loss: 0.1753341108560562
2026-04-09 17:04:23,662 - INFO - Prev smooth loss: 0.11468348652124405
2026-04-09 17:04:23,662 - INFO - KL loss: 8.462068557739258
2026-04-09 17:04:23,663 - INFO - Total loss: 12.207061767578125
2026-04-09 17:04:23,754 - INFO - Reconstruction loss: 7.7088727951049805
2026-04-09 17:04:23,755 - INFO - Encoder coeffs loss: 0.32157760858535767
2026-04-09 17:04:23,756 - INFO - Decoder coeffs loss: 0.3713752031326294
2026-04-09 17:04:23,756 - INFO - Prev coeffs loss: 0.163251593708992
2026-04-09 17:04:23,757 - INFO - Encoder smooth loss: 0.22451190650463104
2026-04-09 17:04:23,757 - INFO - Decoder smooth loss: 0.17835891246795654
2026-04-09 17:04:23,758 - INFO - Prev smooth loss: 0.11538759618997574
2026-04-09 17:04:23,758 - INFO - KL loss: 9.300259590148926
2026-04-09 17:04:23,759 - INFO - Total loss: 13.046234130859375
2026-04-09 17:04:23,845 - INFO - Reconstruction loss: 7.576699256896973
2026-04-09 17:04:23,846 - INFO - Encoder coeffs loss: 0.318196177482605
2026-04-09 17:04:23,846 - INFO - Decoder coeffs loss: 0.36689919233322144
2026-04-09 17:04:23,847 - INFO - Prev coeffs loss: 0.15952768921852112
2026-04-09 17:04:23,847 - INFO - Encoder smooth loss: 0.2220378816127777
2026-04-09 17:04:23,847 - INFO - Decoder smooth loss: 0.17579013109207153
2026-04-09 17:04:23,848 - INFO - Prev smooth loss: 0.1117730513215065
2026-04-09 17:04:23,848 - INFO - KL loss: 9.397628784179688
2026-04-09 17:04:23,849 - INFO - Total loss: 12.95262622833252
2026-04-09 17:04:23,942 - INFO - Reconstruction loss: 7.764276504516602
2026-04-09 17:04:23,943 - INFO - Encoder coeffs loss: 0.3201484978199005
2026-04-09 17:04:23,944 - INFO - Decoder coeffs loss: 0.37068861722946167
2026-04-09 17:04:23,944 - INFO - Prev coeffs loss: 0.16260366141796112
2026-04-09 17:04:23,945 - INFO - Encoder smooth loss: 0.22382134199142456
2026-04-09 17:04:23,945 - INFO - Decoder smooth loss: 0.1774362176656723
2026-04-09 17:04:23,945 - INFO - Prev smooth loss: 0.11494800448417664
2026-04-09 17:04:23,946 - INFO - KL loss: 9.714179992675781
2026-04-09 17:04:23,946 - INFO - Total loss: 13.306190490722656
2026-04-09 17:04:24,033 - INFO - Reconstruction loss: 6.9114909172058105
2026-04-09 17:04:24,034 - INFO - Encoder coeffs loss: 0.3163359463214874
2026-04-09 17:04:24,034 - INFO - Decoder coeffs loss: 0.36759495735168457
2026-04-09 17:04:24,035 - INFO - Prev coeffs loss: 0.162135049700737
2026-04-09 17:04:24,035 - INFO - Encoder smooth loss: 0.21988946199417114
2026-04-09 17:04:24,036 - INFO - Decoder smooth loss: 0.1767517328262329
2026-04-09 17:04:24,036 - INFO - Prev smooth loss: 0.11344999074935913
2026-04-09 17:04:24,037 - INFO - KL loss: 8.050536155700684
2026-04-09 17:04:24,037 - INFO - Total loss: 11.614837646484375
2026-04-09 17:04:24,084 - INFO - Epoch 84/5000
2026-04-09 17:04:24,084 - INFO - Epoch training loss: 101.69428253173828
2026-04-09 17:04:24,084 - INFO - -------------------
2026-04-09 17:04:24,121 - INFO - Reconstruction loss: 8.851587295532227
2026-04-09 17:04:24,121 - INFO - Encoder coeffs loss: 0.31968414783477783
2026-04-09 17:04:24,122 - INFO - Decoder coeffs loss: 0.37517139315605164
2026-04-09 17:04:24,122 - INFO - Prev coeffs loss: 0.163895383477211
2026-04-09 17:04:24,123 - INFO - Encoder smooth loss: 0.224239319562912
2026-04-09 17:04:24,123 - INFO - Decoder smooth loss: 0.18028901517391205
2026-04-09 17:04:24,124 - INFO - Prev smooth loss: 0.116182841360569
2026-04-09 17:04:24,124 - INFO - KL loss: 11.333854675292969
2026-04-09 17:04:24,124 - INFO - Total loss: 15.208246231079102
2026-04-09 17:04:24,160 - INFO - Reconstruction loss: 7.686306953430176
2026-04-09 17:04:24,161 - INFO - Encoder coeffs loss: 0.31921011209487915
2026-04-09 17:04:24,161 - INFO - Decoder coeffs loss: 0.37123239040374756
2026-04-09 17:04:24,162 - INFO - Prev coeffs loss: 0.16371439397335052
2026-04-09 17:04:24,162 - INFO - Encoder smooth loss: 0.22293861210346222
2026-04-09 17:04:24,162 - INFO - Decoder smooth loss: 0.17750172317028046
2026-04-09 17:04:24,163 - INFO - Prev smooth loss: 0.11494385451078415
2026-04-09 17:04:24,163 - INFO - KL loss: 9.070789337158203
2026-04-09 17:04:24,163 - INFO - Total loss: 12.906472206115723
2026-04-09 17:04:24,164 - INFO - Epoch val loss: 28.114718437194824
2026-04-09 17:04:24,164 - INFO - -------------------
2026-04-09 17:04:24,164 - INFO - Saving model at epoch 84
2026-04-09 17:04:24,164 - INFO - Saving model name: AERCA_nonlinear_ws_5_stride_1_lr_0.0001_epochs_5000_hidden_layer_size_50_num_hidden_layers_8.pt
2026-04-09 17:04:24,281 - INFO - Reconstruction loss: 7.800647258758545
2026-04-09 17:04:24,282 - INFO - Encoder coeffs loss: 0.3180929720401764
2026-04-09 17:04:24,283 - INFO - Decoder coeffs loss: 0.3719485402107239
2026-04-09 17:04:24,283 - INFO - Prev coeffs loss: 0.16286244988441467
2026-04-09 17:04:24,284 - INFO - Encoder smooth loss: 0.22279170155525208
2026-04-09 17:04:24,284 - INFO - Decoder smooth loss: 0.1777368187904358
2026-04-09 17:04:24,285 - INFO - Prev smooth loss: 0.11430040001869202
2026-04-09 17:04:24,285 - INFO - KL loss: 9.440452575683594
2026-04-09 17:04:24,285 - INFO - Total loss: 13.204740524291992
2026-04-09 17:04:24,374 - INFO - Reconstruction loss: 7.463436126708984
2026-04-09 17:04:24,375 - INFO - Encoder coeffs loss: 0.3178732693195343
2026-04-09 17:04:24,375 - INFO - Decoder coeffs loss: 0.3679853677749634
2026-04-09 17:04:24,376 - INFO - Prev coeffs loss: 0.16233718395233154
2026-04-09 17:04:24,376 - INFO - Encoder smooth loss: 0.22147132456302643
2026-04-09 17:04:24,377 - INFO - Decoder smooth loss: 0.1752425581216812
2026-04-09 17:04:24,377 - INFO - Prev smooth loss: 0.11370672285556793
2026-04-09 17:04:24,377 - INFO - KL loss: 8.943485260009766
2026-04-09 17:04:24,378 - INFO - Total loss: 12.614487648010254
2026-04-09 17:04:24,465 - INFO - Reconstruction loss: 7.366646766662598
2026-04-09 17:04:24,466 - INFO - Encoder coeffs loss: 0.32019558548927307
2026-04-09 17:04:24,467 - INFO - Decoder coeffs loss: 0.3685258626937866
2026-04-09 17:04:24,467 - INFO - Prev coeffs loss: 0.1609123796224594
2026-04-09 17:04:24,468 - INFO - Encoder smooth loss: 0.22411514818668365
2026-04-09 17:04:24,468 - INFO - Decoder smooth loss: 0.17582601308822632
2026-04-09 17:04:24,469 - INFO - Prev smooth loss: 0.11250506341457367
2026-04-09 17:04:24,469 - INFO - KL loss: 9.017966270446777
2026-04-09 17:04:24,470 - INFO - Total loss: 12.556669235229492
2026-04-09 17:04:24,558 - INFO - Reconstruction loss: 7.27388858795166
2026-04-09 17:04:24,559 - INFO - Encoder coeffs loss: 0.3182419538497925
2026-04-09 17:04:24,559 - INFO - Decoder coeffs loss: 0.3656550645828247
2026-04-09 17:04:24,560 - INFO - Prev coeffs loss: 0.16272974014282227
2026-04-09 17:04:24,560 - INFO - Encoder smooth loss: 0.22183088958263397
2026-04-09 17:04:24,561 - INFO - Decoder smooth loss: 0.17483292520046234
2026-04-09 17:04:24,561 - INFO - Prev smooth loss: 0.11437395960092545
2026-04-09 17:04:24,562 - INFO - KL loss: 8.411086082458496
2026-04-09 17:04:24,562 - INFO - Total loss: 12.15826416015625
2026-04-09 17:04:24,653 - INFO - Reconstruction loss: 7.675796031951904
2026-04-09 17:04:24,654 - INFO - Encoder coeffs loss: 0.3222813010215759
2026-04-09 17:04:24,654 - INFO - Decoder coeffs loss: 0.3722045123577118
2026-04-09 17:04:24,655 - INFO - Prev coeffs loss: 0.16288135945796967
2026-04-09 17:04:24,655 - INFO - Encoder smooth loss: 0.22555863857269287
2026-04-09 17:04:24,655 - INFO - Decoder smooth loss: 0.17782509326934814
2026-04-09 17:04:24,656 - INFO - Prev smooth loss: 0.1151028648018837
2026-04-09 17:04:24,656 - INFO - KL loss: 9.237794876098633
2026-04-09 17:04:24,657 - INFO - Total loss: 12.982621192932129
2026-04-09 17:04:24,773 - INFO - Reconstruction loss: 7.548090934753418
2026-04-09 17:04:24,774 - INFO - Encoder coeffs loss: 0.31890517473220825
2026-04-09 17:04:24,774 - INFO - Decoder coeffs loss: 0.367557555437088
2026-04-09 17:04:24,775 - INFO - Prev coeffs loss: 0.15914061665534973
2026-04-09 17:04:24,775 - INFO - Encoder smooth loss: 0.22306962311267853
2026-04-09 17:04:24,775 - INFO - Decoder smooth loss: 0.17521847784519196
2026-04-09 17:04:24,776 - INFO - Prev smooth loss: 0.11145040392875671
2026-04-09 17:04:24,776 - INFO - KL loss: 9.323698043823242
2026-04-09 17:04:24,777 - INFO - Total loss: 12.88761043548584
2026-04-09 17:04:24,859 - INFO - Reconstruction loss: 7.733943462371826
2026-04-09 17:04:24,860 - INFO - Encoder coeffs loss: 0.320913702249527
2026-04-09 17:04:24,860 - INFO - Decoder coeffs loss: 0.3714607357978821
2026-04-09 17:04:24,861 - INFO - Prev coeffs loss: 0.16227445006370544
2026-04-09 17:04:24,861 - INFO - Encoder smooth loss: 0.2248859852552414
2026-04-09 17:04:24,861 - INFO - Decoder smooth loss: 0.17691321671009064
2026-04-09 17:04:24,862 - INFO - Prev smooth loss: 0.1146770790219307
2026-04-09 17:04:24,862 - INFO - KL loss: 9.645620346069336
2026-04-09 17:04:24,862 - INFO - Total loss: 13.242315292358398
2026-04-09 17:04:24,951 - INFO - Reconstruction loss: 6.888004779815674
2026-04-09 17:04:24,952 - INFO - Encoder coeffs loss: 0.317274272441864
2026-04-09 17:04:24,953 - INFO - Decoder coeffs loss: 0.3684690594673157
2026-04-09 17:04:24,953 - INFO - Prev coeffs loss: 0.16181419789791107
2026-04-09 17:04:24,953 - INFO - Encoder smooth loss: 0.22109417617321014
2026-04-09 17:04:24,954 - INFO - Decoder smooth loss: 0.17626118659973145
2026-04-09 17:04:24,955 - INFO - Prev smooth loss: 0.11317823827266693
2026-04-09 17:04:24,956 - INFO - KL loss: 7.989860534667969
2026-04-09 17:04:24,957 - INFO - Total loss: 11.561980247497559
2026-04-09 17:04:25,006 - INFO - Epoch 85/5000
2026-04-09 17:04:25,006 - INFO - Epoch training loss: 101.20868873596191
2026-04-09 17:04:25,007 - INFO - -------------------
2026-04-09 17:04:25,041 - INFO - Reconstruction loss: 8.828296661376953
2026-04-09 17:04:25,041 - INFO - Encoder coeffs loss: 0.3204936683177948
2026-04-09 17:04:25,042 - INFO - Decoder coeffs loss: 0.3759743273258209
2026-04-09 17:04:25,043 - INFO - Prev coeffs loss: 0.16358964145183563
2026-04-09 17:04:25,043 - INFO - Encoder smooth loss: 0.22533157467842102
2026-04-09 17:04:25,044 - INFO - Decoder smooth loss: 0.17974044382572174
2026-04-09 17:04:25,044 - INFO - Prev smooth loss: 0.11595405638217926
2026-04-09 17:04:25,044 - INFO - KL loss: 11.277366638183594
2026-04-09 17:04:25,045 - INFO - Total loss: 15.157522201538086
2026-04-09 17:04:25,078 - INFO - Reconstruction loss: 7.666168689727783
2026-04-09 17:04:25,079 - INFO - Encoder coeffs loss: 0.3201428949832916
2026-04-09 17:04:25,079 - INFO - Decoder coeffs loss: 0.3720834255218506
2026-04-09 17:04:25,080 - INFO - Prev coeffs loss: 0.16342124342918396
2026-04-09 17:04:25,081 - INFO - Encoder smooth loss: 0.22415199875831604
2026-04-09 17:04:25,081 - INFO - Decoder smooth loss: 0.17699046432971954
2026-04-09 17:04:25,082 - INFO - Prev smooth loss: 0.11469291895627975
2026-04-09 17:04:25,082 - INFO - KL loss: 9.009754180908203
2026-04-09 17:04:25,083 - INFO - Total loss: 12.856786727905273
2026-04-09 17:04:25,083 - INFO - Epoch val loss: 28.01430892944336
2026-04-09 17:04:25,083 - INFO - -------------------
2026-04-09 17:04:25,083 - INFO - Saving model at epoch 85
2026-04-09 17:04:25,083 - INFO - Saving model name: AERCA_nonlinear_ws_5_stride_1_lr_0.0001_epochs_5000_hidden_layer_size_50_num_hidden_layers_8.pt
2026-04-09 17:04:25,197 - INFO - Reconstruction loss: 7.767827987670898
2026-04-09 17:04:25,198 - INFO - Encoder coeffs loss: 0.31891748309135437
2026-04-09 17:04:25,199 - INFO - Decoder coeffs loss: 0.37276002764701843
2026-04-09 17:04:25,199 - INFO - Prev coeffs loss: 0.16256140172481537
2026-04-09 17:04:25,200 - INFO - Encoder smooth loss: 0.2239038199186325
2026-04-09 17:04:25,200 - INFO - Decoder smooth loss: 0.17720039188861847
2026-04-09 17:04:25,201 - INFO - Prev smooth loss: 0.11405438929796219
2026-04-09 17:04:25,201 - INFO - KL loss: 9.371712684631348
2026-04-09 17:04:25,202 - INFO - Total loss: 13.138381958007812
2026-04-09 17:04:25,292 - INFO - Reconstruction loss: 7.4354400634765625
2026-04-09 17:04:25,293 - INFO - Encoder coeffs loss: 0.31883394718170166
2026-04-09 17:04:25,293 - INFO - Decoder coeffs loss: 0.36877137422561646
2026-04-09 17:04:25,294 - INFO - Prev coeffs loss: 0.16201019287109375
2026-04-09 17:04:25,295 - INFO - Encoder smooth loss: 0.22272466123104095
2026-04-09 17:04:25,296 - INFO - Decoder smooth loss: 0.17472124099731445
2026-04-09 17:04:25,296 - INFO - Prev smooth loss: 0.11344683915376663
2026-04-09 17:04:25,296 - INFO - KL loss: 8.876537322998047
2026-04-09 17:04:25,297 - INFO - Total loss: 12.553963661193848
2026-04-09 17:04:25,393 - INFO - Reconstruction loss: 7.336361885070801
2026-04-09 17:04:25,393 - INFO - Encoder coeffs loss: 0.321111798286438
2026-04-09 17:04:25,394 - INFO - Decoder coeffs loss: 0.36926859617233276
2026-04-09 17:04:25,395 - INFO - Prev coeffs loss: 0.1604975461959839
2026-04-09 17:04:25,395 - INFO - Encoder smooth loss: 0.22531569004058838
2026-04-09 17:04:25,396 - INFO - Decoder smooth loss: 0.1752159148454666
2026-04-09 17:04:25,396 - INFO - Prev smooth loss: 0.11217434704303741
2026-04-09 17:04:25,396 - INFO - KL loss: 8.944609642028809
2026-04-09 17:04:25,397 - INFO - Total loss: 12.490459442138672
2026-04-09 17:04:25,492 - INFO - Reconstruction loss: 7.250166416168213
2026-04-09 17:04:25,492 - INFO - Encoder coeffs loss: 0.31928637623786926
2026-04-09 17:04:25,493 - INFO - Decoder coeffs loss: 0.36653098464012146
2026-04-09 17:04:25,494 - INFO - Prev coeffs loss: 0.16238629817962646
2026-04-09 17:04:25,494 - INFO - Encoder smooth loss: 0.22314658761024475
2026-04-09 17:04:25,495 - INFO - Decoder smooth loss: 0.17434532940387726
2026-04-09 17:04:25,495 - INFO - Prev smooth loss: 0.11410779505968094
2026-04-09 17:04:25,495 - INFO - KL loss: 8.360761642456055
2026-04-09 17:04:25,496 - INFO - Total loss: 12.110448837280273
2026-04-09 17:04:25,584 - INFO - Reconstruction loss: 7.643331050872803
2026-04-09 17:04:25,585 - INFO - Encoder coeffs loss: 0.32326096296310425
2026-04-09 17:04:25,585 - INFO - Decoder coeffs loss: 0.37304043769836426
2026-04-09 17:04:25,586 - INFO - Prev coeffs loss: 0.16248658299446106
2026-04-09 17:04:25,586 - INFO - Encoder smooth loss: 0.22680990397930145
2026-04-09 17:04:25,587 - INFO - Decoder smooth loss: 0.17728036642074585
2026-04-09 17:04:25,587 - INFO - Prev smooth loss: 0.11482352018356323
2026-04-09 17:04:25,588 - INFO - KL loss: 9.174039840698242
2026-04-09 17:04:25,588 - INFO - Total loss: 12.91920280456543
2026-04-09 17:04:25,681 - INFO - Reconstruction loss: 7.519709587097168
2026-04-09 17:04:25,682 - INFO - Encoder coeffs loss: 0.3198503851890564
2026-04-09 17:04:25,682 - INFO - Decoder coeffs loss: 0.3682413697242737
2026-04-09 17:04:25,683 - INFO - Prev coeffs loss: 0.15868963301181793
2026-04-09 17:04:25,684 - INFO - Encoder smooth loss: 0.22427964210510254
2026-04-09 17:04:25,684 - INFO - Decoder smooth loss: 0.17465683817863464
2026-04-09 17:04:25,684 - INFO - Prev smooth loss: 0.11110742390155792
2026-04-09 17:04:25,685 - INFO - KL loss: 9.252038955688477
2026-04-09 17:04:25,686 - INFO - Total loss: 12.824141502380371
2026-04-09 17:04:25,772 - INFO - Reconstruction loss: 7.704501628875732
2026-04-09 17:04:25,773 - INFO - Encoder coeffs loss: 0.3218575716018677
2026-04-09 17:04:25,774 - INFO - Decoder coeffs loss: 0.3722379207611084
2026-04-09 17:04:25,774 - INFO - Prev coeffs loss: 0.1618584543466568
2026-04-09 17:04:25,775 - INFO - Encoder smooth loss: 0.22608788311481476
2026-04-09 17:04:25,775 - INFO - Decoder smooth loss: 0.17639845609664917
2026-04-09 17:04:25,776 - INFO - Prev smooth loss: 0.1143716350197792
2026-04-09 17:04:25,776 - INFO - KL loss: 9.577842712402344
2026-04-09 17:04:25,776 - INFO - Total loss: 13.179828643798828
2026-04-09 17:04:25,864 - INFO - Reconstruction loss: 6.863385200500488
2026-04-09 17:04:25,865 - INFO - Encoder coeffs loss: 0.318341463804245
2026-04-09 17:04:25,866 - INFO - Decoder coeffs loss: 0.36934182047843933
2026-04-09 17:04:25,866 - INFO - Prev coeffs loss: 0.16136550903320312
2026-04-09 17:04:25,866 - INFO - Encoder smooth loss: 0.22239699959754944
2026-04-09 17:04:25,867 - INFO - Decoder smooth loss: 0.17578396201133728
2026-04-09 17:04:25,868 - INFO - Prev smooth loss: 0.11283465474843979
2026-04-09 17:04:25,868 - INFO - KL loss: 7.929788589477539
2026-04-09 17:04:25,869 - INFO - Total loss: 11.508312225341797
2026-04-09 17:04:25,918 - INFO - Epoch 86/5000
2026-04-09 17:04:25,918 - INFO - Epoch training loss: 100.72473907470703
2026-04-09 17:04:25,918 - INFO - -------------------
2026-04-09 17:04:25,952 - INFO - Reconstruction loss: 8.803047180175781
2026-04-09 17:04:25,953 - INFO - Encoder coeffs loss: 0.3213823735713959
2026-04-09 17:04:25,954 - INFO - Decoder coeffs loss: 0.37676388025283813
2026-04-09 17:04:25,955 - INFO - Prev coeffs loss: 0.16317300498485565
2026-04-09 17:04:25,955 - INFO - Encoder smooth loss: 0.22648511826992035
2026-04-09 17:04:25,955 - INFO - Decoder smooth loss: 0.1792076677083969
2026-04-09 17:04:25,956 - INFO - Prev smooth loss: 0.11567025631666183
2026-04-09 17:04:25,956 - INFO - KL loss: 11.218852996826172
2026-04-09 17:04:25,957 - INFO - Total loss: 15.103814125061035
2026-04-09 17:04:25,992 - INFO - Reconstruction loss: 7.646604061126709
2026-04-09 17:04:25,993 - INFO - Encoder coeffs loss: 0.32114893198013306
2026-04-09 17:04:25,993 - INFO - Decoder coeffs loss: 0.372944176197052
2026-04-09 17:04:25,993 - INFO - Prev coeffs loss: 0.16300652921199799
2026-04-09 17:04:25,994 - INFO - Encoder smooth loss: 0.2254132479429245
2026-04-09 17:04:25,994 - INFO - Decoder smooth loss: 0.17650313675403595
2026-04-09 17:04:25,995 - INFO - Prev smooth loss: 0.11437224596738815
2026-04-09 17:04:25,995 - INFO - KL loss: 8.952489852905273
2026-04-09 17:04:25,996 - INFO - Total loss: 12.809542655944824
2026-04-09 17:04:25,996 - INFO - Epoch val loss: 27.91335678100586
2026-04-09 17:04:25,996 - INFO - -------------------
2026-04-09 17:04:25,996 - INFO - Saving model at epoch 86
2026-04-09 17:04:25,997 - INFO - Saving model name: AERCA_nonlinear_ws_5_stride_1_lr_0.0001_epochs_5000_hidden_layer_size_50_num_hidden_layers_8.pt
2026-04-09 17:04:26,112 - INFO - Reconstruction loss: 7.73537540435791
2026-04-09 17:04:26,112 - INFO - Encoder coeffs loss: 0.3198252022266388
2026-04-09 17:04:26,113 - INFO - Decoder coeffs loss: 0.3735678493976593
2026-04-09 17:04:26,113 - INFO - Prev coeffs loss: 0.16214214265346527
2026-04-09 17:04:26,114 - INFO - Encoder smooth loss: 0.22507312893867493
2026-04-09 17:04:26,114 - INFO - Decoder smooth loss: 0.17668516933918
2026-04-09 17:04:26,115 - INFO - Prev smooth loss: 0.11374771595001221
2026-04-09 17:04:26,115 - INFO - KL loss: 9.303232192993164
2026-04-09 17:04:26,116 - INFO - Total loss: 13.072511672973633
2026-04-09 17:04:26,198 - INFO - Reconstruction loss: 7.407079219818115
2026-04-09 17:04:26,199 - INFO - Encoder coeffs loss: 0.31981340050697327
2026-04-09 17:04:26,199 - INFO - Decoder coeffs loss: 0.369561105966568
2026-04-09 17:04:26,200 - INFO - Prev coeffs loss: 0.16155345737934113
2026-04-09 17:04:26,200 - INFO - Encoder smooth loss: 0.2239910066127777
2026-04-09 17:04:26,201 - INFO - Decoder smooth loss: 0.1742311269044876
2026-04-09 17:04:26,201 - INFO - Prev smooth loss: 0.11311236023902893
2026-04-09 17:04:26,201 - INFO - KL loss: 8.810272216796875
2026-04-09 17:04:26,202 - INFO - Total loss: 12.49334716796875
2026-04-09 17:04:26,285 - INFO - Reconstruction loss: 7.308208465576172
2026-04-09 17:04:26,286 - INFO - Encoder coeffs loss: 0.3219674825668335
2026-04-09 17:04:26,287 - INFO - Decoder coeffs loss: 0.37001192569732666
2026-04-09 17:04:26,287 - INFO - Prev coeffs loss: 0.15995848178863525
2026-04-09 17:04:26,288 - INFO - Encoder smooth loss: 0.22647625207901
2026-04-09 17:04:26,288 - INFO - Decoder smooth loss: 0.17462824285030365
2026-04-09 17:04:26,288 - INFO - Prev smooth loss: 0.11177210509777069
2026-04-09 17:04:26,289 - INFO - KL loss: 8.87367057800293
2026-04-09 17:04:26,289 - INFO - Total loss: 12.427451133728027
2026-04-09 17:04:26,377 - INFO - Reconstruction loss: 7.225722789764404
2026-04-09 17:04:26,378 - INFO - Encoder coeffs loss: 0.320223331451416
2026-04-09 17:04:26,378 - INFO - Decoder coeffs loss: 0.3673948049545288
2026-04-09 17:04:26,379 - INFO - Prev coeffs loss: 0.16194817423820496
2026-04-09 17:04:26,379 - INFO - Encoder smooth loss: 0.22438594698905945
2026-04-09 17:04:26,380 - INFO - Decoder smooth loss: 0.17389115691184998
2026-04-09 17:04:26,380 - INFO - Prev smooth loss: 0.11378109455108643
2026-04-09 17:04:26,380 - INFO - KL loss: 8.312251091003418
2026-04-09 17:04:26,381 - INFO - Total loss: 12.062660217285156
2026-04-09 17:04:26,472 - INFO - Reconstruction loss: 7.610939025878906
2026-04-09 17:04:26,472 - INFO - Encoder coeffs loss: 0.32411056756973267
2026-04-09 17:04:26,473 - INFO - Decoder coeffs loss: 0.37385237216949463
2026-04-09 17:04:26,474 - INFO - Prev coeffs loss: 0.16204887628555298
2026-04-09 17:04:26,474 - INFO - Encoder smooth loss: 0.2279801070690155
2026-04-09 17:04:26,474 - INFO - Decoder smooth loss: 0.17676310241222382
2026-04-09 17:04:26,475 - INFO - Prev smooth loss: 0.1145167350769043
2026-04-09 17:04:26,475 - INFO - KL loss: 9.11291790008545
2026-04-09 17:04:26,476 - INFO - Total loss: 12.857034683227539
2026-04-09 17:04:26,565 - INFO - Reconstruction loss: 7.491121292114258
2026-04-09 17:04:26,566 - INFO - Encoder coeffs loss: 0.3206779956817627
2026-04-09 17:04:26,566 - INFO - Decoder coeffs loss: 0.36887234449386597
2026-04-09 17:04:26,567 - INFO - Prev coeffs loss: 0.15822598338127136
2026-04-09 17:04:26,567 - INFO - Encoder smooth loss: 0.2254294753074646
2026-04-09 17:04:26,568 - INFO - Decoder smooth loss: 0.1741098016500473
2026-04-09 17:04:26,568 - INFO - Prev smooth loss: 0.1107497587800026
2026-04-09 17:04:26,569 - INFO - KL loss: 9.179320335388184
2026-04-09 17:04:26,569 - INFO - Total loss: 12.75981330871582
2026-04-09 17:04:26,658 - INFO - Reconstruction loss: 7.675029277801514
2026-04-09 17:04:26,660 - INFO - Encoder coeffs loss: 0.32272836565971375
2026-04-09 17:04:26,660 - INFO - Decoder coeffs loss: 0.37293919920921326
2026-04-09 17:04:26,661 - INFO - Prev coeffs loss: 0.16146904230117798
2026-04-09 17:04:26,661 - INFO - Encoder smooth loss: 0.22726686298847198
2026-04-09 17:04:26,662 - INFO - Decoder smooth loss: 0.17589706182479858
2026-04-09 17:04:26,663 - INFO - Prev smooth loss: 0.11407788842916489
2026-04-09 17:04:26,663 - INFO - KL loss: 9.509187698364258
2026-04-09 17:04:26,663 - INFO - Total loss: 13.116811752319336
2026-04-09 17:04:26,755 - INFO - Reconstruction loss: 6.838268280029297
2026-04-09 17:04:26,756 - INFO - Encoder coeffs loss: 0.31938645243644714
2026-04-09 17:04:26,756 - INFO - Decoder coeffs loss: 0.37013888359069824
2026-04-09 17:04:26,757 - INFO - Prev coeffs loss: 0.1609821617603302
2026-04-09 17:04:26,757 - INFO - Encoder smooth loss: 0.22372375428676605
2026-04-09 17:04:26,757 - INFO - Decoder smooth loss: 0.1753254234790802
2026-04-09 17:04:26,758 - INFO - Prev smooth loss: 0.1125306636095047
2026-04-09 17:04:26,758 - INFO - KL loss: 7.870798587799072
2026-04-09 17:04:26,759 - INFO - Total loss: 11.454710960388184
2026-04-09 17:04:26,811 - INFO - Epoch 87/5000
2026-04-09 17:04:26,811 - INFO - Epoch training loss: 100.24434089660645
2026-04-09 17:04:26,811 - INFO - -------------------
2026-04-09 17:04:26,849 - INFO - Reconstruction loss: 8.780228614807129
2026-04-09 17:04:26,849 - INFO - Encoder coeffs loss: 0.3222653269767761
2026-04-09 17:04:26,850 - INFO - Decoder coeffs loss: 0.3774664103984833
2026-04-09 17:04:26,850 - INFO - Prev coeffs loss: 0.16284707188606262
2026-04-09 17:04:26,851 - INFO - Encoder smooth loss: 0.22767071425914764
2026-04-09 17:04:26,851 - INFO - Decoder smooth loss: 0.17868773639202118
2026-04-09 17:04:26,851 - INFO - Prev smooth loss: 0.11544019728899002
2026-04-09 17:04:26,852 - INFO - KL loss: 11.161005020141602
2026-04-09 17:04:26,852 - INFO - Total loss: 15.0529203414917
2026-04-09 17:04:26,890 - INFO - Reconstruction loss: 7.628576278686523
2026-04-09 17:04:26,891 - INFO - Encoder coeffs loss: 0.32215675711631775
2026-04-09 17:04:26,892 - INFO - Decoder coeffs loss: 0.3737228512763977
2026-04-09 17:04:26,892 - INFO - Prev coeffs loss: 0.16268154978752136
2026-04-09 17:04:26,893 - INFO - Encoder smooth loss: 0.22671881318092346
2026-04-09 17:04:26,893 - INFO - Decoder smooth loss: 0.17603619396686554
2026-04-09 17:04:26,894 - INFO - Prev smooth loss: 0.1141042709350586
2026-04-09 17:04:26,894 - INFO - KL loss: 8.896394729614258
2026-04-09 17:04:26,894 - INFO - Total loss: 12.764483451843262
2026-04-09 17:04:26,895 - INFO - Epoch val loss: 27.81740379333496
2026-04-09 17:04:26,895 - INFO - -------------------
2026-04-09 17:04:26,895 - INFO - Saving model at epoch 87
2026-04-09 17:04:26,895 - INFO - Saving model name: AERCA_nonlinear_ws_5_stride_1_lr_0.0001_epochs_5000_hidden_layer_size_50_num_hidden_layers_8.pt
2026-04-09 17:04:27,021 - INFO - Reconstruction loss: 7.704247951507568
2026-04-09 17:04:27,021 - INFO - Encoder coeffs loss: 0.32072997093200684
2026-04-09 17:04:27,022 - INFO - Decoder coeffs loss: 0.37428224086761475
2026-04-09 17:04:27,023 - INFO - Prev coeffs loss: 0.16180995106697083
2026-04-09 17:04:27,023 - INFO - Encoder smooth loss: 0.22627797722816467
2026-04-09 17:04:27,024 - INFO - Decoder smooth loss: 0.17619670927524567
2026-04-09 17:04:27,024 - INFO - Prev smooth loss: 0.1134931892156601
2026-04-09 17:04:27,025 - INFO - KL loss: 9.236808776855469
2026-04-09 17:04:27,026 - INFO - Total loss: 13.009047508239746
2026-04-09 17:04:27,119 - INFO - Reconstruction loss: 7.378670692443848
2026-04-09 17:04:27,121 - INFO - Encoder coeffs loss: 0.3208061158657074
2026-04-09 17:04:27,121 - INFO - Decoder coeffs loss: 0.37026840448379517
2026-04-09 17:04:27,122 - INFO - Prev coeffs loss: 0.1612188220024109
2026-04-09 17:04:27,122 - INFO - Encoder smooth loss: 0.22530551254749298
2026-04-09 17:04:27,123 - INFO - Decoder smooth loss: 0.1737695038318634
2026-04-09 17:04:27,123 - INFO - Prev smooth loss: 0.11285153031349182
2026-04-09 17:04:27,124 - INFO - KL loss: 8.742809295654297
2026-04-09 17:04:27,124 - INFO - Total loss: 12.432185173034668
2026-04-09 17:04:27,222 - INFO - Reconstruction loss: 7.279598712921143
2026-04-09 17:04:27,223 - INFO - Encoder coeffs loss: 0.32282084226608276
2026-04-09 17:04:27,224 - INFO - Decoder coeffs loss: 0.37067848443984985
2026-04-09 17:04:27,224 - INFO - Prev coeffs loss: 0.1595744788646698
2026-04-09 17:04:27,225 - INFO - Encoder smooth loss: 0.22766561806201935
2026-04-09 17:04:27,225 - INFO - Decoder smooth loss: 0.1740712970495224
2026-04-09 17:04:27,226 - INFO - Prev smooth loss: 0.11146501451730728
2026-04-09 17:04:27,226 - INFO - KL loss: 8.8026123046875
2026-04-09 17:04:27,227 - INFO - Total loss: 12.364043235778809
2026-04-09 17:04:27,325 - INFO - Reconstruction loss: 7.199803352355957
2026-04-09 17:04:27,326 - INFO - Encoder coeffs loss: 0.32112884521484375
2026-04-09 17:04:27,326 - INFO - Decoder coeffs loss: 0.36819005012512207
2026-04-09 17:04:27,327 - INFO - Prev coeffs loss: 0.161667138338089
2026-04-09 17:04:27,327 - INFO - Encoder smooth loss: 0.2256055623292923
2026-04-09 17:04:27,328 - INFO - Decoder smooth loss: 0.17347237467765808
2026-04-09 17:04:27,328 - INFO - Prev smooth loss: 0.11355207860469818
2026-04-09 17:04:27,329 - INFO - KL loss: 8.263412475585938
2026-04-09 17:04:27,329 - INFO - Total loss: 12.013318061828613
2026-04-09 17:04:27,427 - INFO - Reconstruction loss: 7.579469680786133
2026-04-09 17:04:27,428 - INFO - Encoder coeffs loss: 0.3248790204524994
2026-04-09 17:04:27,429 - INFO - Decoder coeffs loss: 0.37465327978134155
2026-04-09 17:04:27,430 - INFO - Prev coeffs loss: 0.16175027191638947
2026-04-09 17:04:27,430 - INFO - Encoder smooth loss: 0.22907303273677826
2026-04-09 17:04:27,431 - INFO - Decoder smooth loss: 0.17630831897258759
2026-04-09 17:04:27,432 - INFO - Prev smooth loss: 0.11428780853748322
2026-04-09 17:04:27,432 - INFO - KL loss: 9.050917625427246
2026-04-09 17:04:27,433 - INFO - Total loss: 12.795404434204102
2026-04-09 17:04:27,523 - INFO - Reconstruction loss: 7.4632134437561035
2026-04-09 17:04:27,524 - INFO - Encoder coeffs loss: 0.32138434052467346
2026-04-09 17:04:27,525 - INFO - Decoder coeffs loss: 0.36952197551727295
2026-04-09 17:04:27,525 - INFO - Prev coeffs loss: 0.1578880399465561
2026-04-09 17:04:27,526 - INFO - Encoder smooth loss: 0.22646144032478333
2026-04-09 17:04:27,526 - INFO - Decoder smooth loss: 0.17363141477108002
2026-04-09 17:04:27,526 - INFO - Prev smooth loss: 0.11046643555164337
2026-04-09 17:04:27,527 - INFO - KL loss: 9.107544898986816
2026-04-09 17:04:27,527 - INFO - Total loss: 12.696662902832031
2026-04-09 17:04:27,613 - INFO - Reconstruction loss: 7.646717071533203
2026-04-09 17:04:27,614 - INFO - Encoder coeffs loss: 0.32346171140670776
2026-04-09 17:04:27,614 - INFO - Decoder coeffs loss: 0.3736826181411743
2026-04-09 17:04:27,615 - INFO - Prev coeffs loss: 0.161180317401886
2026-04-09 17:04:27,615 - INFO - Encoder smooth loss: 0.2283102571964264
2026-04-09 17:04:27,616 - INFO - Decoder smooth loss: 0.17546707391738892
2026-04-09 17:04:27,616 - INFO - Prev smooth loss: 0.11384110897779465
2026-04-09 17:04:27,617 - INFO - KL loss: 9.442532539367676
2026-04-09 17:04:27,617 - INFO - Total loss: 13.055953979492188
2026-04-09 17:04:27,706 - INFO - Reconstruction loss: 6.8139753341674805
2026-04-09 17:04:27,707 - INFO - Encoder coeffs loss: 0.320287823677063
2026-04-09 17:04:27,708 - INFO - Decoder coeffs loss: 0.3709815740585327
2026-04-09 17:04:27,708 - INFO - Prev coeffs loss: 0.16069653630256653
2026-04-09 17:04:27,709 - INFO - Encoder smooth loss: 0.22490394115447998
2026-04-09 17:04:27,709 - INFO - Decoder smooth loss: 0.1749279797077179
2026-04-09 17:04:27,709 - INFO - Prev smooth loss: 0.11228625476360321
2026-04-09 17:04:27,709 - INFO - KL loss: 7.813009262084961
2026-04-09 17:04:27,711 - INFO - Total loss: 11.402522087097168
2026-04-09 17:04:27,763 - INFO - Epoch 88/5000
2026-04-09 17:04:27,763 - INFO - Epoch training loss: 99.76913738250732
2026-04-09 17:04:27,763 - INFO - -------------------
2026-04-09 17:04:27,800 - INFO - Reconstruction loss: 8.75809383392334
2026-04-09 17:04:27,801 - INFO - Encoder coeffs loss: 0.32302844524383545
2026-04-09 17:04:27,801 - INFO - Decoder coeffs loss: 0.37822166085243225
2026-04-09 17:04:27,802 - INFO - Prev coeffs loss: 0.16256746649742126
2026-04-09 17:04:27,803 - INFO - Encoder smooth loss: 0.2287292331457138
2026-04-09 17:04:27,804 - INFO - Decoder smooth loss: 0.17823223769664764
2026-04-09 17:04:27,804 - INFO - Prev smooth loss: 0.11522948741912842
2026-04-09 17:04:27,804 - INFO - KL loss: 11.105676651000977
2026-04-09 17:04:27,805 - INFO - Total loss: 15.003935813903809
2026-04-09 17:04:27,840 - INFO - Reconstruction loss: 7.610104084014893
2026-04-09 17:04:27,840 - INFO - Encoder coeffs loss: 0.32302263379096985
2026-04-09 17:04:27,841 - INFO - Decoder coeffs loss: 0.3745422959327698
2026-04-09 17:04:27,841 - INFO - Prev coeffs loss: 0.16241055727005005
2026-04-09 17:04:27,842 - INFO - Encoder smooth loss: 0.22787611186504364
2026-04-09 17:04:27,842 - INFO - Decoder smooth loss: 0.17562109231948853
2026-04-09 17:04:27,843 - INFO - Prev smooth loss: 0.11386633664369583
2026-04-09 17:04:27,843 - INFO - KL loss: 8.841480255126953
2026-04-09 17:04:27,844 - INFO - Total loss: 12.719513893127441
2026-04-09 17:04:27,844 - INFO - Epoch val loss: 27.72344970703125
2026-04-09 17:04:27,844 - INFO - -------------------
2026-04-09 17:04:27,844 - INFO - Saving model at epoch 88
2026-04-09 17:04:27,844 - INFO - Saving model name: AERCA_nonlinear_ws_5_stride_1_lr_0.0001_epochs_5000_hidden_layer_size_50_num_hidden_layers_8.pt
2026-04-09 17:04:27,961 - INFO - Reconstruction loss: 7.67258882522583
2026-04-09 17:04:27,962 - INFO - Encoder coeffs loss: 0.3215014934539795
2026-04-09 17:04:27,962 - INFO - Decoder coeffs loss: 0.3750348389148712
2026-04-09 17:04:27,963 - INFO - Prev coeffs loss: 0.16152693331241608
2026-04-09 17:04:27,963 - INFO - Encoder smooth loss: 0.22734010219573975
2026-04-09 17:04:27,964 - INFO - Decoder smooth loss: 0.1757604032754898
2026-04-09 17:04:27,964 - INFO - Prev smooth loss: 0.11326394975185394
2026-04-09 17:04:27,964 - INFO - KL loss: 9.169975280761719
2026-04-09 17:04:27,965 - INFO - Total loss: 12.944790840148926
2026-04-09 17:04:28,052 - INFO - Reconstruction loss: 7.350832939147949
2026-04-09 17:04:28,053 - INFO - Encoder coeffs loss: 0.32170626521110535
2026-04-09 17:04:28,054 - INFO - Decoder coeffs loss: 0.37099355459213257
2026-04-09 17:04:28,054 - INFO - Prev coeffs loss: 0.16090509295463562
2026-04-09 17:04:28,055 - INFO - Encoder smooth loss: 0.22651390731334686
2026-04-09 17:04:28,055 - INFO - Decoder smooth loss: 0.17335903644561768
2026-04-09 17:04:28,056 - INFO - Prev smooth loss: 0.11260145902633667
2026-04-09 17:04:28,056 - INFO - KL loss: 8.675050735473633
2026-04-09 17:04:28,056 - INFO - Total loss: 12.371397972106934
2026-04-09 17:04:28,144 - INFO - Reconstruction loss: 7.251549243927002
2026-04-09 17:04:28,145 - INFO - Encoder coeffs loss: 0.32368195056915283
2026-04-09 17:04:28,146 - INFO - Decoder coeffs loss: 0.3713720738887787
2026-04-09 17:04:28,146 - INFO - Prev coeffs loss: 0.1591806709766388
2026-04-09 17:04:28,147 - INFO - Encoder smooth loss: 0.22883281111717224
2026-04-09 17:04:28,147 - INFO - Decoder smooth loss: 0.17357014119625092
2026-04-09 17:04:28,148 - INFO - Prev smooth loss: 0.1111496239900589
2026-04-09 17:04:28,148 - INFO - KL loss: 8.733805656433105
2026-04-09 17:04:28,149 - INFO - Total loss: 12.302345275878906
2026-04-09 17:04:28,240 - INFO - Reconstruction loss: 7.174076080322266
2026-04-09 17:04:28,241 - INFO - Encoder coeffs loss: 0.32212045788764954
2026-04-09 17:04:28,241 - INFO - Decoder coeffs loss: 0.3690102696418762
2026-04-09 17:04:28,242 - INFO - Prev coeffs loss: 0.16134187579154968
2026-04-09 17:04:28,243 - INFO - Encoder smooth loss: 0.2268877476453781
2026-04-09 17:04:28,243 - INFO - Decoder smooth loss: 0.17310215532779694
2026-04-09 17:04:28,244 - INFO - Prev smooth loss: 0.11329656839370728
2026-04-09 17:04:28,244 - INFO - KL loss: 8.215450286865234
2026-04-09 17:04:28,245 - INFO - Total loss: 11.964680671691895
2026-04-09 17:04:28,337 - INFO - Reconstruction loss: 7.547589302062988
2026-04-09 17:04:28,338 - INFO - Encoder coeffs loss: 0.32577571272850037
2026-04-09 17:04:28,338 - INFO - Decoder coeffs loss: 0.3754802942276001
2026-04-09 17:04:28,339 - INFO - Prev coeffs loss: 0.16138964891433716
2026-04-09 17:04:28,340 - INFO - Encoder smooth loss: 0.23027168214321136
2026-04-09 17:04:28,340 - INFO - Decoder smooth loss: 0.17590126395225525
2026-04-09 17:04:28,341 - INFO - Prev smooth loss: 0.1140286773443222
2026-04-09 17:04:28,341 - INFO - KL loss: 8.989446640014648
2026-04-09 17:04:28,342 - INFO - Total loss: 12.733736991882324
2026-04-09 17:04:28,822 - INFO - Reconstruction loss: 7.435769081115723
2026-04-09 17:04:28,823 - INFO - Encoder coeffs loss: 0.32224684953689575
2026-04-09 17:04:28,823 - INFO - Decoder coeffs loss: 0.3702113926410675
2026-04-09 17:04:28,824 - INFO - Prev coeffs loss: 0.15749427676200867
2026-04-09 17:04:28,824 - INFO - Encoder smooth loss: 0.22763870656490326
2026-04-09 17:04:28,824 - INFO - Decoder smooth loss: 0.17320825159549713
2026-04-09 17:04:28,825 - INFO - Prev smooth loss: 0.11016711592674255
2026-04-09 17:04:28,825 - INFO - KL loss: 9.036077499389648
2026-04-09 17:04:28,825 - INFO - Total loss: 12.63429069519043
2026-04-09 17:04:28,898 - INFO - Reconstruction loss: 7.617197513580322
2026-04-09 17:04:28,899 - INFO - Encoder coeffs loss: 0.32431942224502563
2026-04-09 17:04:28,899 - INFO - Decoder coeffs loss: 0.3744733929634094
2026-04-09 17:04:28,899 - INFO - Prev coeffs loss: 0.16082718968391418
2026-04-09 17:04:28,900 - INFO - Encoder smooth loss: 0.22948475182056427
2026-04-09 17:04:28,900 - INFO - Decoder smooth loss: 0.17509488761425018
2026-04-09 17:04:28,900 - INFO - Prev smooth loss: 0.1135840192437172
2026-04-09 17:04:28,900 - INFO - KL loss: 9.373991966247559
2026-04-09 17:04:28,901 - INFO - Total loss: 12.993085861206055
2026-04-09 17:04:29,335 - INFO - Reconstruction loss: 6.789709568023682
2026-04-09 17:04:29,336 - INFO - Encoder coeffs loss: 0.3212914764881134
2026-04-09 17:04:29,336 - INFO - Decoder coeffs loss: 0.37190359830856323
2026-04-09 17:04:29,336 - INFO - Prev coeffs loss: 0.16033701598644257
2026-04-09 17:04:29,338 - INFO - Encoder smooth loss: 0.22621385753154755
2026-04-09 17:04:29,338 - INFO - Decoder smooth loss: 0.1746036410331726
2026-04-09 17:04:29,338 - INFO - Prev smooth loss: 0.11201561987400055
2026-04-09 17:04:29,339 - INFO - KL loss: 7.755991458892822
2026-04-09 17:04:29,339 - INFO - Total loss: 11.3508882522583
2026-04-09 17:04:29,385 - INFO - Epoch 89/5000
2026-04-09 17:04:29,385 - INFO - Epoch training loss: 99.29521656036377
2026-04-09 17:04:29,385 - INFO - -------------------
2026-04-09 17:04:29,415 - INFO - Reconstruction loss: 8.73562240600586
2026-04-09 17:04:29,415 - INFO - Encoder coeffs loss: 0.3238503336906433
2026-04-09 17:04:29,416 - INFO - Decoder coeffs loss: 0.37905192375183105
2026-04-09 17:04:29,417 - INFO - Prev coeffs loss: 0.16224437952041626
2026-04-09 17:04:29,417 - INFO - Encoder smooth loss: 0.2298855483531952
2026-04-09 17:04:29,417 - INFO - Decoder smooth loss: 0.1778527945280075
2026-04-09 17:04:29,418 - INFO - Prev smooth loss: 0.1150151789188385
2026-04-09 17:04:29,418 - INFO - KL loss: 11.048830032348633
2026-04-09 17:04:29,418 - INFO - Total loss: 14.953987121582031
2026-04-09 17:04:29,445 - INFO - Reconstruction loss: 7.5923614501953125
2026-04-09 17:04:29,445 - INFO - Encoder coeffs loss: 0.32395774126052856
2026-04-09 17:04:29,445 - INFO - Decoder coeffs loss: 0.3754459023475647
2026-04-09 17:04:29,445 - INFO - Prev coeffs loss: 0.16208289563655853
2026-04-09 17:04:29,447 - INFO - Encoder smooth loss: 0.22914616763591766
2026-04-09 17:04:29,447 - INFO - Decoder smooth loss: 0.1752833127975464
2026-04-09 17:04:29,447 - INFO - Prev smooth loss: 0.11361461877822876
2026-04-09 17:04:29,447 - INFO - KL loss: 8.784584999084473
2026-04-09 17:04:29,448 - INFO - Total loss: 12.674419403076172
2026-04-09 17:04:29,449 - INFO - Epoch val loss: 27.628406524658203
2026-04-09 17:04:29,449 - INFO - -------------------
2026-04-09 17:04:29,449 - INFO - Saving model at epoch 89
2026-04-09 17:04:29,449 - INFO - Saving model name: AERCA_nonlinear_ws_5_stride_1_lr_0.0001_epochs_5000_hidden_layer_size_50_num_hidden_layers_8.pt
2026-04-09 17:04:29,547 - INFO - Reconstruction loss: 7.641288757324219
2026-04-09 17:04:29,548 - INFO - Encoder coeffs loss: 0.322335422039032
2026-04-09 17:04:29,548 - INFO - Decoder coeffs loss: 0.3758901059627533
2026-04-09 17:04:29,549 - INFO - Prev coeffs loss: 0.16119801998138428
2026-04-09 17:04:29,549 - INFO - Encoder smooth loss: 0.22849929332733154
2026-04-09 17:04:29,549 - INFO - Decoder smooth loss: 0.17540466785430908
2026-04-09 17:04:29,549 - INFO - Prev smooth loss: 0.11302905529737473
2026-04-09 17:04:29,549 - INFO - KL loss: 9.105128288269043
2026-04-09 17:04:29,551 - INFO - Total loss: 12.882030487060547
2026-04-09 17:04:29,623 - INFO - Reconstruction loss: 7.321258068084717
2026-04-09 17:04:29,625 - INFO - Encoder coeffs loss: 0.3226023018360138
2026-04-09 17:04:29,625 - INFO - Decoder coeffs loss: 0.3718186616897583
2026-04-09 17:04:29,626 - INFO - Prev coeffs loss: 0.16055913269519806
2026-04-09 17:04:29,626 - INFO - Encoder smooth loss: 0.2277754843235016
2026-04-09 17:04:29,626 - INFO - Decoder smooth loss: 0.17303091287612915
2026-04-09 17:04:29,627 - INFO - Prev smooth loss: 0.11234930157661438
2026-04-09 17:04:29,627 - INFO - KL loss: 8.607236862182617
2026-04-09 17:04:29,628 - INFO - Total loss: 12.308944702148438
2026-04-09 17:04:29,706 - INFO - Reconstruction loss: 7.224614143371582
2026-04-09 17:04:29,706 - INFO - Encoder coeffs loss: 0.3244582712650299
2026-04-09 17:04:29,708 - INFO - Decoder coeffs loss: 0.37219691276550293
2026-04-09 17:04:29,708 - INFO - Prev coeffs loss: 0.15881693363189697
2026-04-09 17:04:29,708 - INFO - Encoder smooth loss: 0.22998487949371338
2026-04-09 17:04:29,709 - INFO - Decoder smooth loss: 0.17315886914730072
2026-04-09 17:04:29,709 - INFO - Prev smooth loss: 0.11087349057197571
2026-04-09 17:04:29,709 - INFO - KL loss: 8.666775703430176
2026-04-09 17:04:29,709 - INFO - Total loss: 12.242746353149414
2026-04-09 17:04:29,787 - INFO - Reconstruction loss: 7.149036884307861
2026-04-09 17:04:29,787 - INFO - Encoder coeffs loss: 0.3229641914367676
2026-04-09 17:04:29,788 - INFO - Decoder coeffs loss: 0.3699178099632263
2026-04-09 17:04:29,788 - INFO - Prev coeffs loss: 0.16107997298240662
2026-04-09 17:04:29,788 - INFO - Encoder smooth loss: 0.2280925214290619
2026-04-09 17:04:29,789 - INFO - Decoder smooth loss: 0.1727954000234604
2026-04-09 17:04:29,789 - INFO - Prev smooth loss: 0.11309496313333511
2026-04-09 17:04:29,789 - INFO - KL loss: 8.166491508483887
2026-04-09 17:04:29,789 - INFO - Total loss: 11.916255950927734
2026-04-09 17:04:29,868 - INFO - Reconstruction loss: 7.515819072723389
2026-04-09 17:04:29,869 - INFO - Encoder coeffs loss: 0.3265385031700134
2026-04-09 17:04:29,869 - INFO - Decoder coeffs loss: 0.3764093518257141
2026-04-09 17:04:29,870 - INFO - Prev coeffs loss: 0.16115187108516693
2026-04-09 17:04:29,870 - INFO - Encoder smooth loss: 0.23140820860862732
2026-04-09 17:04:29,870 - INFO - Decoder smooth loss: 0.1755550503730774
2026-04-09 17:04:29,870 - INFO - Prev smooth loss: 0.11385743319988251
2026-04-09 17:04:29,871 - INFO - KL loss: 8.930168151855469
2026-04-09 17:04:29,871 - INFO - Total loss: 12.673362731933594
2026-04-09 17:04:29,947 - INFO - Reconstruction loss: 7.408595085144043
2026-04-09 17:04:29,948 - INFO - Encoder coeffs loss: 0.3230048418045044
2026-04-09 17:04:29,948 - INFO - Decoder coeffs loss: 0.3709653317928314
2026-04-09 17:04:29,948 - INFO - Prev coeffs loss: 0.15723662078380585
2026-04-09 17:04:29,948 - INFO - Encoder smooth loss: 0.22877267003059387
2026-04-09 17:04:29,949 - INFO - Decoder smooth loss: 0.17281748354434967
2026-04-09 17:04:29,949 - INFO - Prev smooth loss: 0.10996003448963165
2026-04-09 17:04:29,949 - INFO - KL loss: 8.964618682861328
2026-04-09 17:04:29,950 - INFO - Total loss: 12.572282791137695
2026-04-09 17:04:30,017 - INFO - Reconstruction loss: 7.5877227783203125
2026-04-09 17:04:30,017 - INFO - Encoder coeffs loss: 0.32509279251098633
2026-04-09 17:04:30,018 - INFO - Decoder coeffs loss: 0.37530604004859924
2026-04-09 17:04:30,018 - INFO - Prev coeffs loss: 0.16060961782932281
2026-04-09 17:04:30,019 - INFO - Encoder smooth loss: 0.23062333464622498
2026-04-09 17:04:30,019 - INFO - Decoder smooth loss: 0.1747390329837799
2026-04-09 17:04:30,019 - INFO - Prev smooth loss: 0.11341328173875809
2026-04-09 17:04:30,019 - INFO - KL loss: 9.306617736816406
2026-04-09 17:04:30,020 - INFO - Total loss: 12.930923461914062
2026-04-09 17:04:30,097 - INFO - Reconstruction loss: 6.765982627868652
2026-04-09 17:04:30,097 - INFO - Encoder coeffs loss: 0.3221796154975891
2026-04-09 17:04:30,098 - INFO - Decoder coeffs loss: 0.37285804748535156
2026-04-09 17:04:30,098 - INFO - Prev coeffs loss: 0.16014054417610168
2026-04-09 17:04:30,098 - INFO - Encoder smooth loss: 0.22744913399219513
2026-04-09 17:04:30,098 - INFO - Decoder smooth loss: 0.17429271340370178
2026-04-09 17:04:30,098 - INFO - Prev smooth loss: 0.1118546724319458
2026-04-09 17:04:30,098 - INFO - KL loss: 7.700660705566406
2026-04-09 17:04:30,100 - INFO - Total loss: 11.300701141357422
2026-04-09 17:04:30,148 - INFO - Epoch 90/5000
2026-04-09 17:04:30,148 - INFO - Epoch training loss: 98.8272476196289
2026-04-09 17:04:30,148 - INFO - -------------------
2026-04-09 17:04:30,176 - INFO - Reconstruction loss: 8.714192390441895
2026-04-09 17:04:30,176 - INFO - Encoder coeffs loss: 0.3245302438735962
2026-04-09 17:04:30,177 - INFO - Decoder coeffs loss: 0.379894882440567
2026-04-09 17:04:30,178 - INFO - Prev coeffs loss: 0.16207614541053772
2026-04-09 17:04:30,178 - INFO - Encoder smooth loss: 0.2309366911649704
2026-04-09 17:04:30,179 - INFO - Decoder smooth loss: 0.17747695744037628
2026-04-09 17:04:30,179 - INFO - Prev smooth loss: 0.11490003764629364
2026-04-09 17:04:30,179 - INFO - KL loss: 10.994629859924316
2026-04-09 17:04:30,179 - INFO - Total loss: 14.906414031982422
2026-04-09 17:04:30,208 - INFO - Reconstruction loss: 7.574627876281738
2026-04-09 17:04:30,208 - INFO - Encoder coeffs loss: 0.3247438669204712
2026-04-09 17:04:30,209 - INFO - Decoder coeffs loss: 0.37637826800346375
2026-04-09 17:04:30,209 - INFO - Prev coeffs loss: 0.16191934049129486
2026-04-09 17:04:30,210 - INFO - Encoder smooth loss: 0.23029614984989166
2026-04-09 17:04:30,210 - INFO - Decoder smooth loss: 0.1749630719423294
2026-04-09 17:04:30,210 - INFO - Prev smooth loss: 0.11346761882305145
2026-04-09 17:04:30,210 - INFO - KL loss: 8.732131958007812
2026-04-09 17:04:30,211 - INFO - Total loss: 12.63157844543457
2026-04-09 17:04:30,211 - INFO - Epoch val loss: 27.537992477416992
2026-04-09 17:04:30,211 - INFO - -------------------
2026-04-09 17:04:30,211 - INFO - Saving model at epoch 90
2026-04-09 17:04:30,211 - INFO - Saving model name: AERCA_nonlinear_ws_5_stride_1_lr_0.0001_epochs_5000_hidden_layer_size_50_num_hidden_layers_8.pt
2026-04-09 17:04:30,309 - INFO - Reconstruction loss: 7.60924768447876
2026-04-09 17:04:30,310 - INFO - Encoder coeffs loss: 0.3230352997779846
2026-04-09 17:04:30,310 - INFO - Decoder coeffs loss: 0.3767475485801697
2026-04-09 17:04:30,310 - INFO - Prev coeffs loss: 0.16102656722068787
2026-04-09 17:04:30,311 - INFO - Encoder smooth loss: 0.2295549213886261
2026-04-09 17:04:30,311 - INFO - Decoder smooth loss: 0.17505189776420593
2026-04-09 17:04:30,311 - INFO - Prev smooth loss: 0.11289249360561371
2026-04-09 17:04:30,312 - INFO - KL loss: 9.039958953857422
2026-04-09 17:04:30,312 - INFO - Total loss: 12.818381309509277
2026-04-09 17:04:30,386 - INFO - Reconstruction loss: 7.293433666229248
2026-04-09 17:04:30,386 - INFO - Encoder coeffs loss: 0.3233371376991272
2026-04-09 17:04:30,387 - INFO - Decoder coeffs loss: 0.37263625860214233
2026-04-09 17:04:30,387 - INFO - Prev coeffs loss: 0.1603700816631317
2026-04-09 17:04:30,388 - INFO - Encoder smooth loss: 0.2289041429758072
2026-04-09 17:04:30,388 - INFO - Decoder smooth loss: 0.17270471155643463
2026-04-09 17:04:30,388 - INFO - Prev smooth loss: 0.11220602691173553
2026-04-09 17:04:30,388 - INFO - KL loss: 8.539302825927734
2026-04-09 17:04:30,389 - INFO - Total loss: 12.248165130615234
2026-04-09 17:04:30,464 - INFO - Reconstruction loss: 7.1974711418151855
2026-04-09 17:04:30,464 - INFO - Encoder coeffs loss: 0.3250524699687958
2026-04-09 17:04:30,465 - INFO - Decoder coeffs loss: 0.372989684343338
2026-04-09 17:04:30,465 - INFO - Prev coeffs loss: 0.15859106183052063
2026-04-09 17:04:30,466 - INFO - Encoder smooth loss: 0.23096834123134613
2026-04-09 17:04:30,466 - INFO - Decoder smooth loss: 0.17274053394794464
2026-04-09 17:04:30,466 - INFO - Prev smooth loss: 0.1106923520565033
2026-04-09 17:04:30,466 - INFO - KL loss: 8.599089622497559
2026-04-09 17:04:30,467 - INFO - Total loss: 12.182533264160156
2026-04-09 17:04:30,542 - INFO - Reconstruction loss: 7.124053001403809
2026-04-09 17:04:30,542 - INFO - Encoder coeffs loss: 0.3236424922943115
2026-04-09 17:04:30,543 - INFO - Decoder coeffs loss: 0.37080222368240356
2026-04-09 17:04:30,543 - INFO - Prev coeffs loss: 0.16092990338802338
2026-04-09 17:04:30,544 - INFO - Encoder smooth loss: 0.2291412055492401
2026-04-09 17:04:30,544 - INFO - Decoder smooth loss: 0.17250514030456543
2026-04-09 17:04:30,546 - INFO - Prev smooth loss: 0.11297547817230225
2026-04-09 17:04:30,546 - INFO - KL loss: 8.11772346496582
2026-04-09 17:04:30,546 - INFO - Total loss: 11.867913246154785
2026-04-09 17:04:30,618 - INFO - Reconstruction loss: 7.4850592613220215
2026-04-09 17:04:30,619 - INFO - Encoder coeffs loss: 0.3271496593952179
2026-04-09 17:04:30,619 - INFO - Decoder coeffs loss: 0.3773069977760315
2026-04-09 17:04:30,620 - INFO - Prev coeffs loss: 0.16100145876407623
2026-04-09 17:04:30,620 - INFO - Encoder smooth loss: 0.23238849639892578
2026-04-09 17:04:30,620 - INFO - Decoder smooth loss: 0.1752302199602127
2026-04-09 17:04:30,620 - INFO - Prev smooth loss: 0.11374424397945404
2026-04-09 17:04:30,621 - INFO - KL loss: 8.873064041137695
2026-04-09 17:04:30,621 - INFO - Total loss: 12.615001678466797
2026-04-09 17:04:30,692 - INFO - Reconstruction loss: 7.381498336791992
2026-04-09 17:04:30,693 - INFO - Encoder coeffs loss: 0.323638379573822
2026-04-09 17:04:30,693 - INFO - Decoder coeffs loss: 0.37166541814804077
2026-04-09 17:04:30,693 - INFO - Prev coeffs loss: 0.1570398360490799
2026-04-09 17:04:30,694 - INFO - Encoder smooth loss: 0.22976866364479065
2026-04-09 17:04:30,694 - INFO - Decoder smooth loss: 0.17245660722255707
2026-04-09 17:04:30,694 - INFO - Prev smooth loss: 0.1097910925745964
2026-04-09 17:04:30,695 - INFO - KL loss: 8.895176887512207
2026-04-09 17:04:30,695 - INFO - Total loss: 12.511266708374023
2026-04-09 17:04:30,768 - INFO - Reconstruction loss: 7.558940410614014
2026-04-09 17:04:30,769 - INFO - Encoder coeffs loss: 0.3258061707019806
2026-04-09 17:04:30,769 - INFO - Decoder coeffs loss: 0.376054048538208
2026-04-09 17:04:30,770 - INFO - Prev coeffs loss: 0.16041827201843262
2026-04-09 17:04:30,770 - INFO - Encoder smooth loss: 0.23168393969535828
2026-04-09 17:04:30,770 - INFO - Decoder smooth loss: 0.1744167059659958
2026-04-09 17:04:30,771 - INFO - Prev smooth loss: 0.11325305700302124
2026-04-09 17:04:30,771 - INFO - KL loss: 9.239224433898926
2026-04-09 17:04:30,771 - INFO - Total loss: 12.869369506835938
2026-04-09 17:04:30,843 - INFO - Reconstruction loss: 6.742314338684082
2026-04-09 17:04:30,845 - INFO - Encoder coeffs loss: 0.323130339384079
2026-04-09 17:04:30,845 - INFO - Decoder coeffs loss: 0.3737223744392395
2026-04-09 17:04:30,845 - INFO - Prev coeffs loss: 0.1599283516407013
2026-04-09 17:04:30,845 - INFO - Encoder smooth loss: 0.2287227362394333
2026-04-09 17:04:30,846 - INFO - Decoder smooth loss: 0.1740015745162964
2026-04-09 17:04:30,847 - INFO - Prev smooth loss: 0.11166487634181976
2026-04-09 17:04:30,847 - INFO - KL loss: 7.64604377746582
2026-04-09 17:04:30,847 - INFO - Total loss: 11.250921249389648
2026-04-09 17:04:30,888 - INFO - Epoch 91/5000
2026-04-09 17:04:30,888 - INFO - Epoch training loss: 98.36355209350586
2026-04-09 17:04:30,888 - INFO - -------------------
2026-04-09 17:04:30,911 - INFO - Reconstruction loss: 8.693799018859863
2026-04-09 17:04:30,911 - INFO - Encoder coeffs loss: 0.325326532125473
2026-04-09 17:04:30,912 - INFO - Decoder coeffs loss: 0.3806467056274414
2026-04-09 17:04:30,912 - INFO - Prev coeffs loss: 0.16184401512145996
2026-04-09 17:04:30,912 - INFO - Encoder smooth loss: 0.23207135498523712
2026-04-09 17:04:30,913 - INFO - Decoder smooth loss: 0.17714142799377441
2026-04-09 17:04:30,913 - INFO - Prev smooth loss: 0.11471690982580185
2026-04-09 17:04:30,913 - INFO - KL loss: 10.94030475616455
2026-04-09 17:04:30,913 - INFO - Total loss: 14.859825134277344
2026-04-09 17:04:30,936 - INFO - Reconstruction loss: 7.557342052459717
2026-04-09 17:04:30,936 - INFO - Encoder coeffs loss: 0.32565274834632874
2026-04-09 17:04:30,937 - INFO - Decoder coeffs loss: 0.3772258162498474
2026-04-09 17:04:30,937 - INFO - Prev coeffs loss: 0.16169455647468567
2026-04-09 17:04:30,937 - INFO - Encoder smooth loss: 0.23153553903102875
2026-04-09 17:04:30,938 - INFO - Decoder smooth loss: 0.17468340694904327
2026-04-09 17:04:30,938 - INFO - Prev smooth loss: 0.11325176060199738
2026-04-09 17:04:30,938 - INFO - KL loss: 8.682918548583984
2026-04-09 17:04:30,938 - INFO - Total loss: 12.59082317352295
2026-04-09 17:04:30,938 - INFO - Epoch val loss: 27.450648307800293
2026-04-09 17:04:30,938 - INFO - -------------------
2026-04-09 17:04:30,938 - INFO - Saving model at epoch 91
2026-04-09 17:04:30,938 - INFO - Saving model name: AERCA_nonlinear_ws_5_stride_1_lr_0.0001_epochs_5000_hidden_layer_size_50_num_hidden_layers_8.pt
2026-04-09 17:04:31,414 - INFO - Reconstruction loss: 7.5771074295043945
2026-04-09 17:04:31,415 - INFO - Encoder coeffs loss: 0.3238608241081238
2026-04-09 17:04:31,415 - INFO - Decoder coeffs loss: 0.377511590719223
2026-04-09 17:04:31,416 - INFO - Prev coeffs loss: 0.16079333424568176
2026-04-09 17:04:31,416 - INFO - Encoder smooth loss: 0.2307007759809494
2026-04-09 17:04:31,416 - INFO - Decoder smooth loss: 0.17473387718200684
2026-04-09 17:04:31,417 - INFO - Prev smooth loss: 0.11269080638885498
2026-04-09 17:04:31,417 - INFO - KL loss: 8.974714279174805
2026-04-09 17:04:31,417 - INFO - Total loss: 12.754610061645508
2026-04-09 17:04:31,483 - INFO - Reconstruction loss: 7.265781879425049
2026-04-09 17:04:31,483 - INFO - Encoder coeffs loss: 0.32423317432403564
2026-04-09 17:04:31,485 - INFO - Decoder coeffs loss: 0.37336838245391846
2026-04-09 17:04:31,485 - INFO - Prev coeffs loss: 0.1600683331489563
2026-04-09 17:04:31,485 - INFO - Encoder smooth loss: 0.23016706109046936
2026-04-09 17:04:31,486 - INFO - Decoder smooth loss: 0.17241959273815155
2026-04-09 17:04:31,486 - INFO - Prev smooth loss: 0.11195246130228043
2026-04-09 17:04:31,486 - INFO - KL loss: 8.472355842590332
2026-04-09 17:04:31,486 - INFO - Total loss: 12.188064575195312
2026-04-09 17:04:31,537 - INFO - Reconstruction loss: 7.170117378234863
2026-04-09 17:04:31,538 - INFO - Encoder coeffs loss: 0.3258092999458313
2026-04-09 17:04:31,538 - INFO - Decoder coeffs loss: 0.3737007975578308
2026-04-09 17:04:31,538 - INFO - Prev coeffs loss: 0.15820518136024475
2026-04-09 17:04:31,538 - INFO - Encoder smooth loss: 0.23208987712860107
2026-04-09 17:04:31,539 - INFO - Decoder smooth loss: 0.17235778272151947
2026-04-09 17:04:31,539 - INFO - Prev smooth loss: 0.11037233471870422
2026-04-09 17:04:31,539 - INFO - KL loss: 8.530472755432129
2026-04-09 17:04:31,539 - INFO - Total loss: 12.121622085571289
2026-04-09 17:04:31,596 - INFO - Reconstruction loss: 7.1005778312683105
2026-04-09 17:04:31,596 - INFO - Encoder coeffs loss: 0.3244068920612335
2026-04-09 17:04:31,597 - INFO - Decoder coeffs loss: 0.37163180112838745
2026-04-09 17:04:31,597 - INFO - Prev coeffs loss: 0.16057023406028748
2026-04-09 17:04:31,597 - INFO - Encoder smooth loss: 0.2302737832069397
2026-04-09 17:04:31,598 - INFO - Decoder smooth loss: 0.1722555011510849
2026-04-09 17:04:31,598 - INFO - Prev smooth loss: 0.11267613619565964
2026-04-09 17:04:31,598 - INFO - KL loss: 8.069557189941406
2026-04-09 17:04:31,599 - INFO - Total loss: 11.821263313293457
2026-04-09 17:04:31,674 - INFO - Reconstruction loss: 7.455753803253174
2026-04-09 17:04:31,675 - INFO - Encoder coeffs loss: 0.32777267694473267
2026-04-09 17:04:31,675 - INFO - Decoder coeffs loss: 0.37817350029945374
2026-04-09 17:04:31,676 - INFO - Prev coeffs loss: 0.16060388088226318
2026-04-09 17:04:31,676 - INFO - Encoder smooth loss: 0.23339448869228363
2026-04-09 17:04:31,676 - INFO - Decoder smooth loss: 0.1749419867992401
2026-04-09 17:04:31,676 - INFO - Prev smooth loss: 0.11343617737293243
2026-04-09 17:04:31,676 - INFO - KL loss: 8.81322193145752
2026-04-09 17:04:31,677 - INFO - Total loss: 12.556526184082031
2026-04-09 17:04:31,738 - INFO - Reconstruction loss: 7.356554985046387
2026-04-09 17:04:31,738 - INFO - Encoder coeffs loss: 0.3241807222366333
2026-04-09 17:04:31,738 - INFO - Decoder coeffs loss: 0.3723943829536438
2026-04-09 17:04:31,739 - INFO - Prev coeffs loss: 0.1565837264060974
2026-04-09 17:04:31,739 - INFO - Encoder smooth loss: 0.23070953786373138
2026-04-09 17:04:31,739 - INFO - Decoder smooth loss: 0.1721380203962326
2026-04-09 17:04:31,739 - INFO - Prev smooth loss: 0.10942824184894562
2026-04-09 17:04:31,740 - INFO - KL loss: 8.828084945678711
2026-04-09 17:04:31,740 - INFO - Total loss: 12.453314781188965
2026-04-09 17:04:31,802 - INFO - Reconstruction loss: 7.530367851257324
2026-04-09 17:04:31,802 - INFO - Encoder coeffs loss: 0.3263362646102905
2026-04-09 17:04:31,803 - INFO - Decoder coeffs loss: 0.376848429441452
2026-04-09 17:04:31,803 - INFO - Prev coeffs loss: 0.15998074412345886
2026-04-09 17:04:31,804 - INFO - Encoder smooth loss: 0.23261114954948425
2026-04-09 17:04:31,804 - INFO - Decoder smooth loss: 0.17413932085037231
2026-04-09 17:04:31,804 - INFO - Prev smooth loss: 0.1129179298877716
2026-04-09 17:04:31,804 - INFO - KL loss: 9.172356605529785
2026-04-09 17:04:31,805 - INFO - Total loss: 12.807962417602539
2026-04-09 17:04:31,872 - INFO - Reconstruction loss: 6.719202041625977
2026-04-09 17:04:31,873 - INFO - Encoder coeffs loss: 0.3238495886325836
2026-04-09 17:04:31,873 - INFO - Decoder coeffs loss: 0.3746339678764343
2026-04-09 17:04:31,873 - INFO - Prev coeffs loss: 0.1594669222831726
2026-04-09 17:04:31,874 - INFO - Encoder smooth loss: 0.22982555627822876
2026-04-09 17:04:31,874 - INFO - Decoder smooth loss: 0.17374904453754425
2026-04-09 17:04:31,875 - INFO - Prev smooth loss: 0.11129752546548843
2026-04-09 17:04:31,875 - INFO - KL loss: 7.592313766479492
2026-04-09 17:04:31,875 - INFO - Total loss: 11.201770782470703
2026-04-09 17:04:31,918 - INFO - Epoch 92/5000
2026-04-09 17:04:31,918 - INFO - Epoch training loss: 97.9051342010498
2026-04-09 17:04:31,918 - INFO - -------------------
2026-04-09 17:04:31,946 - INFO - Reconstruction loss: 8.671650886535645
2026-04-09 17:04:31,946 - INFO - Encoder coeffs loss: 0.32592707872390747
2026-04-09 17:04:31,946 - INFO - Decoder coeffs loss: 0.3814399242401123
2026-04-09 17:04:31,947 - INFO - Prev coeffs loss: 0.16142097115516663
2026-04-09 17:04:31,947 - INFO - Encoder smooth loss: 0.2330714911222458
2026-04-09 17:04:31,947 - INFO - Decoder smooth loss: 0.17683669924736023
2026-04-09 17:04:31,948 - INFO - Prev smooth loss: 0.11440901458263397
2026-04-09 17:04:31,948 - INFO - KL loss: 10.884653091430664
2026-04-09 17:04:31,948 - INFO - Total loss: 14.810530662536621
2026-04-09 17:04:31,974 - INFO - Reconstruction loss: 7.540660858154297
2026-04-09 17:04:31,974 - INFO - Encoder coeffs loss: 0.3263474106788635
2026-04-09 17:04:31,975 - INFO - Decoder coeffs loss: 0.37812238931655884
2026-04-09 17:04:31,975 - INFO - Prev coeffs loss: 0.16127058863639832
2026-04-09 17:04:31,975 - INFO - Encoder smooth loss: 0.23261460661888123
2026-04-09 17:04:31,976 - INFO - Decoder smooth loss: 0.17443440854549408
2026-04-09 17:04:31,976 - INFO - Prev smooth loss: 0.1129026710987091
2026-04-09 17:04:31,976 - INFO - KL loss: 8.636016845703125
2026-04-09 17:04:31,977 - INFO - Total loss: 12.551514625549316
2026-04-09 17:04:31,977 - INFO - Epoch val loss: 27.362045288085938
2026-04-09 17:04:31,977 - INFO - -------------------
2026-04-09 17:04:31,977 - INFO - Saving model at epoch 92
2026-04-09 17:04:31,977 - INFO - Saving model name: AERCA_nonlinear_ws_5_stride_1_lr_0.0001_epochs_5000_hidden_layer_size_50_num_hidden_layers_8.pt
2026-04-09 17:04:32,074 - INFO - Reconstruction loss: 7.544511318206787
2026-04-09 17:04:32,074 - INFO - Encoder coeffs loss: 0.3244747519493103
2026-04-09 17:04:32,075 - INFO - Decoder coeffs loss: 0.3783177435398102
2026-04-09 17:04:32,075 - INFO - Prev coeffs loss: 0.16036763787269592
2026-04-09 17:04:32,076 - INFO - Encoder smooth loss: 0.23169831931591034
2026-04-09 17:04:32,076 - INFO - Decoder smooth loss: 0.17444580793380737
2026-04-09 17:04:32,076 - INFO - Prev smooth loss: 0.11236352473497391
2026-04-09 17:04:32,076 - INFO - KL loss: 8.907651901245117
2026-04-09 17:04:32,077 - INFO - Total loss: 12.68917179107666
2026-04-09 17:04:32,153 - INFO - Reconstruction loss: 7.238593578338623
2026-04-09 17:04:32,154 - INFO - Encoder coeffs loss: 0.32497861981391907
2026-04-09 17:04:32,154 - INFO - Decoder coeffs loss: 0.37413090467453003
2026-04-09 17:04:32,156 - INFO - Prev coeffs loss: 0.15962573885917664
2026-04-09 17:04:32,156 - INFO - Encoder smooth loss: 0.2313232719898224
2026-04-09 17:04:32,156 - INFO - Decoder smooth loss: 0.1721578985452652
2026-04-09 17:04:32,156 - INFO - Prev smooth loss: 0.11161333322525024
2026-04-09 17:04:32,156 - INFO - KL loss: 8.405033111572266
2026-04-09 17:04:32,157 - INFO - Total loss: 12.12802505493164
2026-04-09 17:04:32,226 - INFO - Reconstruction loss: 7.143594741821289
2026-04-09 17:04:32,227 - INFO - Encoder coeffs loss: 0.32650259137153625
2026-04-09 17:04:32,227 - INFO - Decoder coeffs loss: 0.3744024932384491
2026-04-09 17:04:32,228 - INFO - Prev coeffs loss: 0.15772905945777893
2026-04-09 17:04:32,228 - INFO - Encoder smooth loss: 0.23316724598407745
2026-04-09 17:04:32,229 - INFO - Decoder smooth loss: 0.17198123037815094
2026-04-09 17:04:32,229 - INFO - Prev smooth loss: 0.11000098288059235
2026-04-09 17:04:32,229 - INFO - KL loss: 8.46204948425293
2026-04-09 17:04:32,229 - INFO - Total loss: 12.061511993408203
2026-04-09 17:04:32,302 - INFO - Reconstruction loss: 7.07601261138916
2026-04-09 17:04:32,304 - INFO - Encoder coeffs loss: 0.32523369789123535
2026-04-09 17:04:32,304 - INFO - Decoder coeffs loss: 0.37245872616767883
2026-04-09 17:04:32,304 - INFO - Prev coeffs loss: 0.16017645597457886
2026-04-09 17:04:32,305 - INFO - Encoder smooth loss: 0.23145988583564758
2026-04-09 17:04:32,305 - INFO - Decoder smooth loss: 0.17202453315258026
2026-04-09 17:04:32,305 - INFO - Prev smooth loss: 0.11236549913883209
2026-04-09 17:04:32,306 - INFO - KL loss: 8.02249813079834
2026-04-09 17:04:32,306 - INFO - Total loss: 11.774120330810547
2026-04-09 17:04:32,371 - INFO - Reconstruction loss: 7.4273552894592285
2026-04-09 17:04:32,371 - INFO - Encoder coeffs loss: 0.3285272717475891
2026-04-09 17:04:32,372 - INFO - Decoder coeffs loss: 0.37902551889419556
2026-04-09 17:04:32,373 - INFO - Prev coeffs loss: 0.16023056209087372
2026-04-09 17:04:32,373 - INFO - Encoder smooth loss: 0.23449112474918365
2026-04-09 17:04:32,374 - INFO - Decoder smooth loss: 0.17467001080513
2026-04-09 17:04:32,374 - INFO - Prev smooth loss: 0.11315946280956268
2026-04-09 17:04:32,374 - INFO - KL loss: 8.7579927444458
2026-04-09 17:04:32,374 - INFO - Total loss: 12.50140380859375
2026-04-09 17:04:32,446 - INFO - Reconstruction loss: 7.329628944396973
2026-04-09 17:04:32,447 - INFO - Encoder coeffs loss: 0.3249461054801941
2026-04-09 17:04:32,447 - INFO - Decoder coeffs loss: 0.3730793595314026
2026-04-09 17:04:32,448 - INFO - Prev coeffs loss: 0.15618741512298584
2026-04-09 17:04:32,448 - INFO - Encoder smooth loss: 0.23180215060710907
2026-04-09 17:04:32,448 - INFO - Decoder smooth loss: 0.17184068262577057
2026-04-09 17:04:32,448 - INFO - Prev smooth loss: 0.10911259800195694
2026-04-09 17:04:32,449 - INFO - KL loss: 8.759693145751953
2026-04-09 17:04:32,449 - INFO - Total loss: 12.392959594726562
2026-04-09 17:04:32,520 - INFO - Reconstruction loss: 7.5016961097717285
2026-04-09 17:04:32,521 - INFO - Encoder coeffs loss: 0.32711178064346313
2026-04-09 17:04:32,521 - INFO - Decoder coeffs loss: 0.37762972712516785
2026-04-09 17:04:32,522 - INFO - Prev coeffs loss: 0.15963628888130188
2026-04-09 17:04:32,522 - INFO - Encoder smooth loss: 0.2336977869272232
2026-04-09 17:04:32,522 - INFO - Decoder smooth loss: 0.1738981008529663
2026-04-09 17:04:32,523 - INFO - Prev smooth loss: 0.11265140026807785
2026-04-09 17:04:32,523 - INFO - KL loss: 9.105161666870117
2026-04-09 17:04:32,523 - INFO - Total loss: 12.746588706970215
2026-04-09 17:04:32,597 - INFO - Reconstruction loss: 6.696374416351318
2026-04-09 17:04:32,597 - INFO - Encoder coeffs loss: 0.3247775733470917
2026-04-09 17:04:32,598 - INFO - Decoder coeffs loss: 0.37553972005844116
2026-04-09 17:04:32,598 - INFO - Prev coeffs loss: 0.1591336578130722
2026-04-09 17:04:32,598 - INFO - Encoder smooth loss: 0.23104853928089142
2026-04-09 17:04:32,599 - INFO - Decoder smooth loss: 0.17352940142154694
2026-04-09 17:04:32,599 - INFO - Prev smooth loss: 0.11101723462343216
2026-04-09 17:04:32,599 - INFO - KL loss: 7.536281108856201
2026-04-09 17:04:32,600 - INFO - Total loss: 11.15203857421875
2026-04-09 17:04:32,646 - INFO - Epoch 93/5000
2026-04-09 17:04:32,646 - INFO - Epoch training loss: 97.44581985473633
2026-04-09 17:04:32,646 - INFO - -------------------
2026-04-09 17:04:32,673 - INFO - Reconstruction loss: 8.649309158325195
2026-04-09 17:04:32,674 - INFO - Encoder coeffs loss: 0.32667553424835205
2026-04-09 17:04:32,674 - INFO - Decoder coeffs loss: 0.3822726011276245
2026-04-09 17:04:32,675 - INFO - Prev coeffs loss: 0.16114458441734314
2026-04-09 17:04:32,675 - INFO - Encoder smooth loss: 0.23412920534610748
2026-04-09 17:04:32,675 - INFO - Decoder smooth loss: 0.17658624053001404
2026-04-09 17:04:32,676 - INFO - Prev smooth loss: 0.11419784277677536
2026-04-09 17:04:32,676 - INFO - KL loss: 10.828083992004395
2026-04-09 17:04:32,676 - INFO - Total loss: 14.760854721069336
2026-04-09 17:04:32,702 - INFO - Reconstruction loss: 7.524866104125977
2026-04-09 17:04:32,703 - INFO - Encoder coeffs loss: 0.3271896243095398
2026-04-09 17:04:32,703 - INFO - Decoder coeffs loss: 0.3790489435195923
2026-04-09 17:04:32,704 - INFO - Prev coeffs loss: 0.16099561750888824
2026-04-09 17:04:32,704 - INFO - Encoder smooth loss: 0.23375491797924042
2026-04-09 17:04:32,704 - INFO - Decoder smooth loss: 0.17423787713050842
2026-04-09 17:04:32,706 - INFO - Prev smooth loss: 0.11265335232019424
2026-04-09 17:04:32,706 - INFO - KL loss: 8.589058876037598
2026-04-09 17:04:32,706 - INFO - Total loss: 12.513336181640625
2026-04-09 17:04:32,706 - INFO - Epoch val loss: 27.27419090270996
2026-04-09 17:04:32,706 - INFO - -------------------
2026-04-09 17:04:32,706 - INFO - Saving model at epoch 93
2026-04-09 17:04:32,706 - INFO - Saving model name: AERCA_nonlinear_ws_5_stride_1_lr_0.0001_epochs_5000_hidden_layer_size_50_num_hidden_layers_8.pt
2026-04-09 17:04:32,803 - INFO - Reconstruction loss: 7.512902736663818
2026-04-09 17:04:32,803 - INFO - Encoder coeffs loss: 0.3252354860305786
2026-04-09 17:04:32,804 - INFO - Decoder coeffs loss: 0.37915775179862976
2026-04-09 17:04:32,804 - INFO - Prev coeffs loss: 0.16009047627449036
2026-04-09 17:04:32,804 - INFO - Encoder smooth loss: 0.23275156319141388
2026-04-09 17:04:32,805 - INFO - Decoder smooth loss: 0.17421302199363708
2026-04-09 17:04:32,805 - INFO - Prev smooth loss: 0.11213240027427673
2026-04-09 17:04:32,805 - INFO - KL loss: 8.841264724731445
2026-04-09 17:04:32,806 - INFO - Total loss: 12.625325202941895
2026-04-09 17:04:32,878 - INFO - Reconstruction loss: 7.21023416519165
2026-04-09 17:04:32,878 - INFO - Encoder coeffs loss: 0.3258272409439087
2026-04-09 17:04:32,879 - INFO - Decoder coeffs loss: 0.37494349479675293
2026-04-09 17:04:32,879 - INFO - Prev coeffs loss: 0.1593494713306427
2026-04-09 17:04:32,879 - INFO - Encoder smooth loss: 0.23250311613082886
2026-04-09 17:04:32,880 - INFO - Decoder smooth loss: 0.17195585370063782
2026-04-09 17:04:32,880 - INFO - Prev smooth loss: 0.11138097941875458
2026-04-09 17:04:32,880 - INFO - KL loss: 8.338677406311035
2026-04-09 17:04:32,883 - INFO - Total loss: 12.06755256652832
2026-04-09 17:04:32,959 - INFO - Reconstruction loss: 7.117037296295166
2026-04-09 17:04:32,959 - INFO - Encoder coeffs loss: 0.3272259831428528
2026-04-09 17:04:32,960 - INFO - Decoder coeffs loss: 0.3751698136329651
2026-04-09 17:04:32,960 - INFO - Prev coeffs loss: 0.15743577480316162
2026-04-09 17:04:32,961 - INFO - Encoder smooth loss: 0.2342069447040558
2026-04-09 17:04:32,961 - INFO - Decoder smooth loss: 0.1716635525226593
2026-04-09 17:04:32,961 - INFO - Prev smooth loss: 0.10973811149597168
2026-04-09 17:04:32,961 - INFO - KL loss: 8.393047332763672
2026-04-09 17:04:32,962 - INFO - Total loss: 12.001280784606934
2026-04-09 17:04:33,037 - INFO - Reconstruction loss: 7.051243782043457
2026-04-09 17:04:33,038 - INFO - Encoder coeffs loss: 0.3260231614112854
2026-04-09 17:04:33,038 - INFO - Decoder coeffs loss: 0.37335363030433655
2026-04-09 17:04:33,039 - INFO - Prev coeffs loss: 0.15995211899280548
2026-04-09 17:04:33,039 - INFO - Encoder smooth loss: 0.23256413638591766
2026-04-09 17:04:33,039 - INFO - Decoder smooth loss: 0.17184700071811676
2026-04-09 17:04:33,040 - INFO - Prev smooth loss: 0.11215224117040634
2026-04-09 17:04:33,040 - INFO - KL loss: 7.975274085998535
2026-04-09 17:04:33,041 - INFO - Total loss: 11.726827621459961
2026-04-09 17:04:33,119 - INFO - Reconstruction loss: 7.398279666900635
2026-04-09 17:04:33,119 - INFO - Encoder coeffs loss: 0.32917320728302
2026-04-09 17:04:33,120 - INFO - Decoder coeffs loss: 0.3799380958080292
2026-04-09 17:04:33,120 - INFO - Prev coeffs loss: 0.1600145399570465
2026-04-09 17:04:33,121 - INFO - Encoder smooth loss: 0.23545192182064056
2026-04-09 17:04:33,121 - INFO - Decoder smooth loss: 0.17443841695785522
2026-04-09 17:04:33,121 - INFO - Prev smooth loss: 0.11296987533569336
2026-04-09 17:04:33,121 - INFO - KL loss: 8.701025009155273
2026-04-09 17:04:33,122 - INFO - Total loss: 12.444785118103027
2026-04-09 17:04:33,195 - INFO - Reconstruction loss: 7.3034844398498535
2026-04-09 17:04:33,195 - INFO - Encoder coeffs loss: 0.32557085156440735
2026-04-09 17:04:33,196 - INFO - Decoder coeffs loss: 0.37381768226623535
2026-04-09 17:04:33,196 - INFO - Prev coeffs loss: 0.1559107005596161
2026-04-09 17:04:33,197 - INFO - Encoder smooth loss: 0.23275598883628845
2026-04-09 17:04:33,197 - INFO - Decoder smooth loss: 0.17156897485256195
2026-04-09 17:04:33,197 - INFO - Prev smooth loss: 0.10886223614215851
2026-04-09 17:04:33,198 - INFO - KL loss: 8.691418647766113
2026-04-09 17:04:33,198 - INFO - Total loss: 12.333436965942383
2026-04-09 17:04:33,295 - INFO - Reconstruction loss: 7.472886085510254
2026-04-09 17:04:33,296 - INFO - Encoder coeffs loss: 0.3277304768562317
2026-04-09 17:04:33,297 - INFO - Decoder coeffs loss: 0.3784516453742981
2026-04-09 17:04:33,298 - INFO - Prev coeffs loss: 0.15936002135276794
2026-04-09 17:04:33,299 - INFO - Encoder smooth loss: 0.23464590311050415
2026-04-09 17:04:33,299 - INFO - Decoder smooth loss: 0.1736731380224228
2026-04-09 17:04:33,300 - INFO - Prev smooth loss: 0.11242041736841202
2026-04-09 17:04:33,300 - INFO - KL loss: 9.038859367370605
2026-04-09 17:04:33,300 - INFO - Total loss: 12.685455322265625
2026-04-09 17:04:33,692 - INFO - Reconstruction loss: 6.673669338226318
2026-04-09 17:04:33,693 - INFO - Encoder coeffs loss: 0.3255453109741211
2026-04-09 17:04:33,694 - INFO - Decoder coeffs loss: 0.37650367617607117
2026-04-09 17:04:33,694 - INFO - Prev coeffs loss: 0.158812016248703
2026-04-09 17:04:33,695 - INFO - Encoder smooth loss: 0.23214370012283325
2026-04-09 17:04:33,695 - INFO - Decoder smooth loss: 0.17334051430225372
2026-04-09 17:04:33,698 - INFO - Prev smooth loss: 0.11074896901845932
2026-04-09 17:04:33,698 - INFO - KL loss: 7.48189640045166
2026-04-09 17:04:33,701 - INFO - Total loss: 11.103164672851562
2026-04-09 17:04:33,795 - INFO - Epoch 94/5000
2026-04-09 17:04:33,796 - INFO - Epoch training loss: 96.9878282546997
2026-04-09 17:04:33,796 - INFO - -------------------
2026-04-09 17:04:33,852 - INFO - Reconstruction loss: 8.62624454498291
2026-04-09 17:04:33,854 - INFO - Encoder coeffs loss: 0.32729336619377136
2026-04-09 17:04:33,855 - INFO - Decoder coeffs loss: 0.38312727212905884
2026-04-09 17:04:33,855 - INFO - Prev coeffs loss: 0.16081063449382782
2026-04-09 17:04:33,856 - INFO - Encoder smooth loss: 0.23509250581264496
2026-04-09 17:04:33,856 - INFO - Decoder smooth loss: 0.17633205652236938
2026-04-09 17:04:33,857 - INFO - Prev smooth loss: 0.11395805329084396
2026-04-09 17:04:33,857 - INFO - KL loss: 10.772161483764648
2026-04-09 17:04:33,858 - INFO - Total loss: 14.71063232421875
2026-04-09 17:04:33,896 - INFO - Reconstruction loss: 7.507827281951904
2026-04-09 17:04:33,897 - INFO - Encoder coeffs loss: 0.32788586616516113
2026-04-09 17:04:33,897 - INFO - Decoder coeffs loss: 0.38003242015838623
2026-04-09 17:04:33,898 - INFO - Prev coeffs loss: 0.16065746545791626
2026-04-09 17:04:33,898 - INFO - Encoder smooth loss: 0.23478524386882782
2026-04-09 17:04:33,898 - INFO - Decoder smooth loss: 0.1740613579750061
2026-04-09 17:04:33,899 - INFO - Prev smooth loss: 0.11237352341413498
2026-04-09 17:04:33,899 - INFO - KL loss: 8.543745040893555
2026-04-09 17:04:33,900 - INFO - Total loss: 12.474596977233887
2026-04-09 17:04:33,900 - INFO - Epoch val loss: 27.185229301452637
2026-04-09 17:04:33,901 - INFO - -------------------
2026-04-09 17:04:33,901 - INFO - Saving model at epoch 94
2026-04-09 17:04:33,901 - INFO - Saving model name: AERCA_nonlinear_ws_5_stride_1_lr_0.0001_epochs_5000_hidden_layer_size_50_num_hidden_layers_8.pt
2026-04-09 17:04:34,032 - INFO - Reconstruction loss: 7.481335163116455
2026-04-09 17:04:34,033 - INFO - Encoder coeffs loss: 0.3258618712425232
2026-04-09 17:04:34,033 - INFO - Decoder coeffs loss: 0.38003766536712646
2026-04-09 17:04:34,034 - INFO - Prev coeffs loss: 0.15975072979927063
2026-04-09 17:04:34,034 - INFO - Encoder smooth loss: 0.23370663821697235
2026-04-09 17:04:34,034 - INFO - Decoder smooth loss: 0.17399875819683075
2026-04-09 17:04:34,034 - INFO - Prev smooth loss: 0.11187248677015305
2026-04-09 17:04:34,034 - INFO - KL loss: 8.775252342224121
2026-04-09 17:04:34,036 - INFO - Total loss: 12.561574935913086
2026-04-09 17:04:34,110 - INFO - Reconstruction loss: 7.18164587020874
2026-04-09 17:04:34,110 - INFO - Encoder coeffs loss: 0.32653963565826416
2026-04-09 17:04:34,111 - INFO - Decoder coeffs loss: 0.3757973909378052
2026-04-09 17:04:34,111 - INFO - Prev coeffs loss: 0.15896862745285034
2026-04-09 17:04:34,112 - INFO - Encoder smooth loss: 0.2335832566022873
2026-04-09 17:04:34,112 - INFO - Decoder smooth loss: 0.1717701405286789
2026-04-09 17:04:34,113 - INFO - Prev smooth loss: 0.11109668761491776
2026-04-09 17:04:34,113 - INFO - KL loss: 8.273181915283203
2026-04-09 17:04:34,113 - INFO - Total loss: 12.00711441040039
2026-04-09 17:04:34,192 - INFO - Reconstruction loss: 7.090960502624512
2026-04-09 17:04:34,193 - INFO - Encoder coeffs loss: 0.327853798866272
2026-04-09 17:04:34,193 - INFO - Decoder coeffs loss: 0.3759942054748535
2026-04-09 17:04:34,193 - INFO - Prev coeffs loss: 0.15700624883174896
2026-04-09 17:04:34,194 - INFO - Encoder smooth loss: 0.23517745733261108
2026-04-09 17:04:34,194 - INFO - Decoder smooth loss: 0.17137333750724792
2026-04-09 17:04:34,194 - INFO - Prev smooth loss: 0.10940819978713989
2026-04-09 17:04:34,194 - INFO - KL loss: 8.325961112976074
2026-04-09 17:04:34,196 - INFO - Total loss: 11.94234848022461
2026-04-09 17:04:34,272 - INFO - Reconstruction loss: 7.0271220207214355
2026-04-09 17:04:34,273 - INFO - Encoder coeffs loss: 0.3267580270767212
2026-04-09 17:04:34,273 - INFO - Decoder coeffs loss: 0.3742654621601105
2026-04-09 17:04:34,274 - INFO - Prev coeffs loss: 0.15959325432777405
2026-04-09 17:04:34,274 - INFO - Encoder smooth loss: 0.23363599181175232
2026-04-09 17:04:34,275 - INFO - Decoder smooth loss: 0.1716737598180771
2026-04-09 17:04:34,275 - INFO - Prev smooth loss: 0.11187458038330078
2026-04-09 17:04:34,275 - INFO - KL loss: 7.92919921875
2026-04-09 17:04:34,276 - INFO - Total loss: 11.680622100830078
2026-04-09 17:04:34,354 - INFO - Reconstruction loss: 7.369694709777832
2026-04-09 17:04:34,355 - INFO - Encoder coeffs loss: 0.32982319593429565
2026-04-09 17:04:34,355 - INFO - Decoder coeffs loss: 0.38087764382362366
2026-04-09 17:04:34,355 - INFO - Prev coeffs loss: 0.15965566039085388
2026-04-09 17:04:34,357 - INFO - Encoder smooth loss: 0.23643067479133606
2026-04-09 17:04:34,357 - INFO - Decoder smooth loss: 0.17422015964984894
2026-04-09 17:04:34,358 - INFO - Prev smooth loss: 0.11269784718751907
2026-04-09 17:04:34,358 - INFO - KL loss: 8.64480972290039
2026-04-09 17:04:34,358 - INFO - Total loss: 12.388952255249023
2026-04-09 17:04:34,441 - INFO - Reconstruction loss: 7.277470588684082
2026-04-09 17:04:34,441 - INFO - Encoder coeffs loss: 0.32621634006500244
2026-04-09 17:04:34,441 - INFO - Decoder coeffs loss: 0.37456566095352173
2026-04-09 17:04:34,443 - INFO - Prev coeffs loss: 0.15552473068237305
2026-04-09 17:04:34,443 - INFO - Encoder smooth loss: 0.23373457789421082
2026-04-09 17:04:34,444 - INFO - Decoder smooth loss: 0.17131447792053223
2026-04-09 17:04:34,444 - INFO - Prev smooth loss: 0.10854876041412354
2026-04-09 17:04:34,444 - INFO - KL loss: 8.623230934143066
2026-04-09 17:04:34,445 - INFO - Total loss: 12.274038314819336
2026-04-09 17:04:34,523 - INFO - Reconstruction loss: 7.44310188293457
2026-04-09 17:04:34,524 - INFO - Encoder coeffs loss: 0.3283792734146118
2026-04-09 17:04:34,525 - INFO - Decoder coeffs loss: 0.3792712390422821
2026-04-09 17:04:34,525 - INFO - Prev coeffs loss: 0.15901561081409454
2026-04-09 17:04:34,526 - INFO - Encoder smooth loss: 0.23561230301856995
2026-04-09 17:04:34,526 - INFO - Decoder smooth loss: 0.17346549034118652
2026-04-09 17:04:34,526 - INFO - Prev smooth loss: 0.11214488744735718
2026-04-09 17:04:34,526 - INFO - KL loss: 8.97067928314209
2026-04-09 17:04:34,527 - INFO - Total loss: 12.622386932373047
2026-04-09 17:04:34,607 - INFO - Reconstruction loss: 6.651737213134766
2026-04-09 17:04:34,608 - INFO - Encoder coeffs loss: 0.32637661695480347
2026-04-09 17:04:34,608 - INFO - Decoder coeffs loss: 0.37746235728263855
2026-04-09 17:04:34,609 - INFO - Prev coeffs loss: 0.15847021341323853
2026-04-09 17:04:34,609 - INFO - Encoder smooth loss: 0.23327535390853882
2026-04-09 17:04:34,610 - INFO - Decoder smooth loss: 0.17316105961799622
2026-04-09 17:04:34,610 - INFO - Prev smooth loss: 0.11046744883060455
2026-04-09 17:04:34,610 - INFO - KL loss: 7.428903579711914
2026-04-09 17:04:34,611 - INFO - Total loss: 11.055795669555664
2026-04-09 17:04:34,654 - INFO - Epoch 95/5000
2026-04-09 17:04:34,654 - INFO - Epoch training loss: 96.53283309936523
2026-04-09 17:04:34,654 - INFO - -------------------
2026-04-09 17:04:34,679 - INFO - Reconstruction loss: 8.6034517288208
2026-04-09 17:04:34,680 - INFO - Encoder coeffs loss: 0.3279957175254822
2026-04-09 17:04:34,680 - INFO - Decoder coeffs loss: 0.38398832082748413
2026-04-09 17:04:34,680 - INFO - Prev coeffs loss: 0.16049131751060486
2026-04-09 17:04:34,681 - INFO - Encoder smooth loss: 0.23610848188400269
2026-04-09 17:04:34,681 - INFO - Decoder smooth loss: 0.1761007308959961
2026-04-09 17:04:34,681 - INFO - Prev smooth loss: 0.1137114018201828
2026-04-09 17:04:34,681 - INFO - KL loss: 10.717425346374512
2026-04-09 17:04:34,681 - INFO - Total loss: 14.661361694335938
2026-04-09 17:04:34,707 - INFO - Reconstruction loss: 7.491917133331299
2026-04-09 17:04:34,707 - INFO - Encoder coeffs loss: 0.3286704421043396
2026-04-09 17:04:34,708 - INFO - Decoder coeffs loss: 0.38100874423980713
2026-04-09 17:04:34,708 - INFO - Prev coeffs loss: 0.16033923625946045
2026-04-09 17:04:34,708 - INFO - Encoder smooth loss: 0.2358771115541458
2026-04-09 17:04:34,709 - INFO - Decoder smooth loss: 0.17389151453971863
2026-04-09 17:04:34,709 - INFO - Prev smooth loss: 0.11210069805383682
2026-04-09 17:04:34,709 - INFO - KL loss: 8.500713348388672
2026-04-09 17:04:34,709 - INFO - Total loss: 12.438218116760254
2026-04-09 17:04:34,710 - INFO - Epoch val loss: 27.09957981109619
2026-04-09 17:04:34,710 - INFO - -------------------
2026-04-09 17:04:34,710 - INFO - Saving model at epoch 95
2026-04-09 17:04:34,710 - INFO - Saving model name: AERCA_nonlinear_ws_5_stride_1_lr_0.0001_epochs_5000_hidden_layer_size_50_num_hidden_layers_8.pt
2026-04-09 17:04:34,818 - INFO - Reconstruction loss: 7.451193809509277
2026-04-09 17:04:34,819 - INFO - Encoder coeffs loss: 0.32657140493392944
2026-04-09 17:04:34,819 - INFO - Decoder coeffs loss: 0.3809070587158203
2026-04-09 17:04:34,820 - INFO - Prev coeffs loss: 0.1594286859035492
2026-04-09 17:04:34,820 - INFO - Encoder smooth loss: 0.23471540212631226
2026-04-09 17:04:34,820 - INFO - Decoder smooth loss: 0.1737905591726303
2026-04-09 17:04:34,821 - INFO - Prev smooth loss: 0.11161573976278305
2026-04-09 17:04:34,821 - INFO - KL loss: 8.711441040039062
2026-04-09 17:04:34,821 - INFO - Total loss: 12.500428199768066
2026-04-09 17:04:34,891 - INFO - Reconstruction loss: 7.1540679931640625
2026-04-09 17:04:34,891 - INFO - Encoder coeffs loss: 0.32734066247940063
2026-04-09 17:04:34,891 - INFO - Decoder coeffs loss: 0.3766205906867981
2026-04-09 17:04:34,892 - INFO - Prev coeffs loss: 0.15863072872161865
2026-04-09 17:04:34,892 - INFO - Encoder smooth loss: 0.23473002016544342
2026-04-09 17:04:34,892 - INFO - Decoder smooth loss: 0.17158569395542145
2026-04-09 17:04:34,893 - INFO - Prev smooth loss: 0.1108308732509613
2026-04-09 17:04:34,893 - INFO - KL loss: 8.207087516784668
2026-04-09 17:04:34,893 - INFO - Total loss: 11.947481155395508
2026-04-09 17:04:34,963 - INFO - Reconstruction loss: 7.063790321350098
2026-04-09 17:04:34,964 - INFO - Encoder coeffs loss: 0.328553706407547
2026-04-09 17:04:34,964 - INFO - Decoder coeffs loss: 0.37676802277565
2026-04-09 17:04:34,965 - INFO - Prev coeffs loss: 0.1566344052553177
2026-04-09 17:04:34,966 - INFO - Encoder smooth loss: 0.23619528114795685
2026-04-09 17:04:34,966 - INFO - Decoder smooth loss: 0.17106518149375916
2026-04-09 17:04:34,966 - INFO - Prev smooth loss: 0.10911040753126144
2026-04-09 17:04:34,966 - INFO - KL loss: 8.256635665893555
2026-04-09 17:04:34,967 - INFO - Total loss: 11.881271362304688
2026-04-09 17:04:35,047 - INFO - Reconstruction loss: 7.0029144287109375
2026-04-09 17:04:35,047 - INFO - Encoder coeffs loss: 0.32753077149391174
2026-04-09 17:04:35,048 - INFO - Decoder coeffs loss: 0.375153124332428
2026-04-09 17:04:35,048 - INFO - Prev coeffs loss: 0.1592855453491211
2026-04-09 17:04:35,049 - INFO - Encoder smooth loss: 0.23471586406230927
2026-04-09 17:04:35,049 - INFO - Decoder smooth loss: 0.1714911311864853
2026-04-09 17:04:35,050 - INFO - Prev smooth loss: 0.11163464933633804
2026-04-09 17:04:35,050 - INFO - KL loss: 7.883223533630371
2026-04-09 17:04:35,050 - INFO - Total loss: 11.634431838989258
2026-04-09 17:04:35,120 - INFO - Reconstruction loss: 7.3418965339660645
2026-04-09 17:04:35,120 - INFO - Encoder coeffs loss: 0.33045610785484314
2026-04-09 17:04:35,121 - INFO - Decoder coeffs loss: 0.38179564476013184
2026-04-09 17:04:35,121 - INFO - Prev coeffs loss: 0.15934783220291138
2026-04-09 17:04:35,122 - INFO - Encoder smooth loss: 0.23736430704593658
2026-04-09 17:04:35,122 - INFO - Decoder smooth loss: 0.17396946251392365
2026-04-09 17:04:35,122 - INFO - Prev smooth loss: 0.11246730387210846
2026-04-09 17:04:35,122 - INFO - KL loss: 8.587957382202148
2026-04-09 17:04:35,123 - INFO - Total loss: 12.333575248718262
2026-04-09 17:04:35,201 - INFO - Reconstruction loss: 7.251376628875732
2026-04-09 17:04:35,201 - INFO - Encoder coeffs loss: 0.3268345594406128
2026-04-09 17:04:35,202 - INFO - Decoder coeffs loss: 0.37532830238342285
2026-04-09 17:04:35,202 - INFO - Prev coeffs loss: 0.15518929064273834
2026-04-09 17:04:35,203 - INFO - Encoder smooth loss: 0.23466379940509796
2026-04-09 17:04:35,203 - INFO - Decoder smooth loss: 0.1710464209318161
2026-04-09 17:04:35,203 - INFO - Prev smooth loss: 0.10828427970409393
2026-04-09 17:04:35,204 - INFO - KL loss: 8.557377815246582
2026-04-09 17:04:35,204 - INFO - Total loss: 12.215738296508789
2026-04-09 17:04:35,284 - INFO - Reconstruction loss: 7.414814472198486
2026-04-09 17:04:35,285 - INFO - Encoder coeffs loss: 0.3290271461009979
2026-04-09 17:04:35,285 - INFO - Decoder coeffs loss: 0.38009390234947205
2026-04-09 17:04:35,285 - INFO - Prev coeffs loss: 0.15871015191078186
2026-04-09 17:04:35,286 - INFO - Encoder smooth loss: 0.23656855523586273
2026-04-09 17:04:35,286 - INFO - Decoder smooth loss: 0.17323312163352966
2026-04-09 17:04:35,287 - INFO - Prev smooth loss: 0.11190476268529892
2026-04-09 17:04:35,287 - INFO - KL loss: 8.906635284423828
2026-04-09 17:04:35,287 - INFO - Total loss: 12.56290054321289
2026-04-09 17:04:35,363 - INFO - Reconstruction loss: 6.6299614906311035
2026-04-09 17:04:35,364 - INFO - Encoder coeffs loss: 0.3272141218185425
2026-04-09 17:04:35,364 - INFO - Decoder coeffs loss: 0.378379225730896
2026-04-09 17:04:35,365 - INFO - Prev coeffs loss: 0.1581517457962036
2026-04-09 17:04:35,365 - INFO - Encoder smooth loss: 0.23440299928188324
2026-04-09 17:04:35,365 - INFO - Decoder smooth loss: 0.17293792963027954
2026-04-09 17:04:35,366 - INFO - Prev smooth loss: 0.11020944267511368
2026-04-09 17:04:35,366 - INFO - KL loss: 7.37635612487793
2026-04-09 17:04:35,366 - INFO - Total loss: 11.008787155151367
2026-04-09 17:04:35,412 - INFO - Epoch 96/5000
2026-04-09 17:04:35,412 - INFO - Epoch training loss: 96.08461380004883
2026-04-09 17:04:35,413 - INFO - -------------------
2026-04-09 17:04:35,439 - INFO - Reconstruction loss: 8.581993103027344
2026-04-09 17:04:35,439 - INFO - Encoder coeffs loss: 0.32869210839271545
2026-04-09 17:04:35,440 - INFO - Decoder coeffs loss: 0.3847936689853668
2026-04-09 17:04:35,441 - INFO - Prev coeffs loss: 0.1601831465959549
2026-04-09 17:04:35,441 - INFO - Encoder smooth loss: 0.23710684478282928
2026-04-09 17:04:35,441 - INFO - Decoder smooth loss: 0.17583467066287994
2026-04-09 17:04:35,442 - INFO - Prev smooth loss: 0.11348263919353485
2026-04-09 17:04:35,442 - INFO - KL loss: 10.664201736450195
2026-04-09 17:04:35,442 - INFO - Total loss: 14.614140510559082
2026-04-09 17:04:35,470 - INFO - Reconstruction loss: 7.4774861335754395
2026-04-09 17:04:35,470 - INFO - Encoder coeffs loss: 0.3294496536254883
2026-04-09 17:04:35,470 - INFO - Decoder coeffs loss: 0.3819279670715332
2026-04-09 17:04:35,471 - INFO - Prev coeffs loss: 0.16002702713012695
2026-04-09 17:04:35,471 - INFO - Encoder smooth loss: 0.23695141077041626
2026-04-09 17:04:35,471 - INFO - Decoder smooth loss: 0.17367872595787048
2026-04-09 17:04:35,472 - INFO - Prev smooth loss: 0.11184177547693253
2026-04-09 17:04:35,472 - INFO - KL loss: 8.458288192749023
2026-04-09 17:04:35,472 - INFO - Total loss: 12.403568267822266
2026-04-09 17:04:35,472 - INFO - Epoch val loss: 27.017708778381348
2026-04-09 17:04:35,473 - INFO - -------------------
2026-04-09 17:04:35,473 - INFO - Saving model at epoch 96
2026-04-09 17:04:35,473 - INFO - Saving model name: AERCA_nonlinear_ws_5_stride_1_lr_0.0001_epochs_5000_hidden_layer_size_50_num_hidden_layers_8.pt
2026-04-09 17:04:35,573 - INFO - Reconstruction loss: 7.421105861663818
2026-04-09 17:04:35,573 - INFO - Encoder coeffs loss: 0.3272761106491089
2026-04-09 17:04:35,574 - INFO - Decoder coeffs loss: 0.3817095160484314
2026-04-09 17:04:35,574 - INFO - Prev coeffs loss: 0.1591164469718933
2026-04-09 17:04:35,574 - INFO - Encoder smooth loss: 0.23571187257766724
2026-04-09 17:04:35,574 - INFO - Decoder smooth loss: 0.1735408902168274
2026-04-09 17:04:35,575 - INFO - Prev smooth loss: 0.11137495934963226
2026-04-09 17:04:35,575 - INFO - KL loss: 8.646764755249023
2026-04-09 17:04:35,575 - INFO - Total loss: 12.43885326385498
2026-04-09 17:04:35,649 - INFO - Reconstruction loss: 7.126535892486572
2026-04-09 17:04:35,650 - INFO - Encoder coeffs loss: 0.32813096046447754
2026-04-09 17:04:35,650 - INFO - Decoder coeffs loss: 0.3773927688598633
2026-04-09 17:04:35,651 - INFO - Prev coeffs loss: 0.15828397870063782
2026-04-09 17:04:35,651 - INFO - Encoder smooth loss: 0.23585474491119385
2026-04-09 17:04:35,651 - INFO - Decoder smooth loss: 0.17137104272842407
2026-04-09 17:04:35,652 - INFO - Prev smooth loss: 0.1105649322271347
2026-04-09 17:04:35,652 - INFO - KL loss: 8.142586708068848
2026-04-09 17:04:35,652 - INFO - Total loss: 11.888628005981445
2026-04-09 17:04:35,725 - INFO - Reconstruction loss: 7.038357257843018
2026-04-09 17:04:35,725 - INFO - Encoder coeffs loss: 0.3292476534843445
2026-04-09 17:04:35,726 - INFO - Decoder coeffs loss: 0.37750542163848877
2026-04-09 17:04:35,726 - INFO - Prev coeffs loss: 0.1562630534172058
2026-04-09 17:04:35,726 - INFO - Encoder smooth loss: 0.23719480633735657
2026-04-09 17:04:35,727 - INFO - Decoder smooth loss: 0.17074589431285858
2026-04-09 17:04:35,727 - INFO - Prev smooth loss: 0.108818419277668
2026-04-09 17:04:35,727 - INFO - KL loss: 8.191448211669922
2026-04-09 17:04:35,727 - INFO - Total loss: 11.823968887329102
2026-04-09 17:04:35,803 - INFO - Reconstruction loss: 6.979541301727295
2026-04-09 17:04:35,803 - INFO - Encoder coeffs loss: 0.32831642031669617
2026-04-09 17:04:35,804 - INFO - Decoder coeffs loss: 0.3760022222995758
2026-04-09 17:04:35,804 - INFO - Prev coeffs loss: 0.1589660346508026
2026-04-09 17:04:35,804 - INFO - Encoder smooth loss: 0.23580241203308105
2026-04-09 17:04:35,805 - INFO - Decoder smooth loss: 0.17130374908447266
2026-04-09 17:04:35,805 - INFO - Prev smooth loss: 0.11138207465410233
2026-04-09 17:04:35,805 - INFO - KL loss: 7.837592601776123
2026-04-09 17:04:35,806 - INFO - Total loss: 11.589224815368652
2026-04-09 17:04:35,877 - INFO - Reconstruction loss: 7.3138885498046875
2026-04-09 17:04:35,877 - INFO - Encoder coeffs loss: 0.3311257064342499
2026-04-09 17:04:35,878 - INFO - Decoder coeffs loss: 0.38264867663383484
2026-04-09 17:04:35,878 - INFO - Prev coeffs loss: 0.15904085338115692
2026-04-09 17:04:35,878 - INFO - Encoder smooth loss: 0.23833264410495758
2026-04-09 17:04:35,879 - INFO - Decoder smooth loss: 0.17372801899909973
2026-04-09 17:04:35,879 - INFO - Prev smooth loss: 0.11223343759775162
2026-04-09 17:04:35,879 - INFO - KL loss: 8.529401779174805
2026-04-09 17:04:35,880 - INFO - Total loss: 12.277144432067871
2026-04-09 17:04:35,956 - INFO - Reconstruction loss: 7.225542068481445
2026-04-09 17:04:35,957 - INFO - Encoder coeffs loss: 0.32746827602386475
2026-04-09 17:04:35,957 - INFO - Decoder coeffs loss: 0.3760518729686737
2026-04-09 17:04:35,958 - INFO - Prev coeffs loss: 0.15486343204975128
2026-04-09 17:04:35,958 - INFO - Encoder smooth loss: 0.2356196492910385
2026-04-09 17:04:35,959 - INFO - Decoder smooth loss: 0.17080575227737427
2026-04-09 17:04:35,959 - INFO - Prev smooth loss: 0.10801944136619568
2026-04-09 17:04:35,959 - INFO - KL loss: 8.490833282470703
2026-04-09 17:04:35,959 - INFO - Total loss: 12.15737247467041
2026-04-09 17:04:36,031 - INFO - Reconstruction loss: 7.387514591217041
2026-04-09 17:04:36,032 - INFO - Encoder coeffs loss: 0.32964539527893066
2026-04-09 17:04:36,032 - INFO - Decoder coeffs loss: 0.38089245557785034
2026-04-09 17:04:36,033 - INFO - Prev coeffs loss: 0.1584175080060959
2026-04-09 17:04:36,033 - INFO - Encoder smooth loss: 0.23750591278076172
2026-04-09 17:04:36,033 - INFO - Decoder smooth loss: 0.17305903136730194
2026-04-09 17:04:36,034 - INFO - Prev smooth loss: 0.11166498064994812
2026-04-09 17:04:36,034 - INFO - KL loss: 8.846142768859863
2026-04-09 17:04:36,034 - INFO - Total loss: 12.50617790222168
2026-04-09 17:04:36,107 - INFO - Reconstruction loss: 6.608001708984375
2026-04-09 17:04:36,108 - INFO - Encoder coeffs loss: 0.3279677629470825
2026-04-09 17:04:36,109 - INFO - Decoder coeffs loss: 0.37928253412246704
2026-04-09 17:04:36,109 - INFO - Prev coeffs loss: 0.1578720510005951
2026-04-09 17:04:36,110 - INFO - Encoder smooth loss: 0.23546671867370605
2026-04-09 17:04:36,110 - INFO - Decoder smooth loss: 0.17277319729328156
2026-04-09 17:04:36,112 - INFO - Prev smooth loss: 0.10996243357658386
2026-04-09 17:04:36,112 - INFO - KL loss: 7.324544906616211
2026-04-09 17:04:36,112 - INFO - Total loss: 10.961936950683594
2026-04-09 17:04:36,160 - INFO - Epoch 97/5000
2026-04-09 17:04:36,160 - INFO - Epoch training loss: 95.64330673217773
2026-04-09 17:04:36,160 - INFO - -------------------
2026-04-09 17:04:36,186 - INFO - Reconstruction loss: 8.560909271240234
2026-04-09 17:04:36,186 - INFO - Encoder coeffs loss: 0.32928919792175293
2026-04-09 17:04:36,187 - INFO - Decoder coeffs loss: 0.38559290766716003
2026-04-09 17:04:36,187 - INFO - Prev coeffs loss: 0.15993380546569824
2026-04-09 17:04:36,187 - INFO - Encoder smooth loss: 0.2380303591489792
2026-04-09 17:04:36,188 - INFO - Decoder smooth loss: 0.1756526380777359
2026-04-09 17:04:36,188 - INFO - Prev smooth loss: 0.11327823251485825
2026-04-09 17:04:36,188 - INFO - KL loss: 10.613998413085938
2026-04-09 17:04:36,189 - INFO - Total loss: 14.568796157836914
2026-04-09 17:04:36,213 - INFO - Reconstruction loss: 7.463435649871826
2026-04-09 17:04:36,213 - INFO - Encoder coeffs loss: 0.3301275074481964
2026-04-09 17:04:36,213 - INFO - Decoder coeffs loss: 0.3828287124633789
2026-04-09 17:04:36,214 - INFO - Prev coeffs loss: 0.1597786396741867
2026-04-09 17:04:36,214 - INFO - Encoder smooth loss: 0.23793873190879822
2026-04-09 17:04:36,214 - INFO - Decoder smooth loss: 0.1735350787639618
2026-04-09 17:04:36,215 - INFO - Prev smooth loss: 0.1116086021065712
2026-04-09 17:04:36,215 - INFO - KL loss: 8.417096138000488
2026-04-09 17:04:36,215 - INFO - Total loss: 12.369892120361328
2026-04-09 17:04:36,215 - INFO - Epoch val loss: 26.938688278198242
2026-04-09 17:04:36,215 - INFO - -------------------
2026-04-09 17:04:36,216 - INFO - Saving model at epoch 97
2026-04-09 17:04:36,216 - INFO - Saving model name: AERCA_nonlinear_ws_5_stride_1_lr_0.0001_epochs_5000_hidden_layer_size_50_num_hidden_layers_8.pt
2026-04-09 17:04:36,312 - INFO - Reconstruction loss: 7.390511989593506
2026-04-09 17:04:36,313 - INFO - Encoder coeffs loss: 0.32788020372390747
2026-04-09 17:04:36,314 - INFO - Decoder coeffs loss: 0.38248294591903687
2026-04-09 17:04:36,314 - INFO - Prev coeffs loss: 0.1588645875453949
2026-04-09 17:04:36,315 - INFO - Encoder smooth loss: 0.23662810027599335
2026-04-09 17:04:36,315 - INFO - Decoder smooth loss: 0.17335014045238495
2026-04-09 17:04:36,315 - INFO - Prev smooth loss: 0.11115597933530807
2026-04-09 17:04:36,315 - INFO - KL loss: 8.580259323120117
2026-04-09 17:04:36,316 - INFO - Total loss: 12.375823020935059
2026-04-09 17:04:36,391 - INFO - Reconstruction loss: 7.0997090339660645
2026-04-09 17:04:36,392 - INFO - Encoder coeffs loss: 0.3288585841655731
2026-04-09 17:04:36,392 - INFO - Decoder coeffs loss: 0.3781452178955078
2026-04-09 17:04:36,392 - INFO - Prev coeffs loss: 0.158035010099411
2026-04-09 17:04:36,393 - INFO - Encoder smooth loss: 0.23692896962165833
2026-04-09 17:04:36,393 - INFO - Decoder smooth loss: 0.17124059796333313
2026-04-09 17:04:36,393 - INFO - Prev smooth loss: 0.11034223437309265
2026-04-09 17:04:36,393 - INFO - KL loss: 8.07908821105957
2026-04-09 17:04:36,394 - INFO - Total loss: 11.83102798461914
2026-04-09 17:04:36,447 - INFO - Reconstruction loss: 7.0140790939331055
2026-04-09 17:04:36,447 - INFO - Encoder coeffs loss: 0.32992225885391235
2026-04-09 17:04:36,447 - INFO - Decoder coeffs loss: 0.378218412399292
2026-04-09 17:04:36,448 - INFO - Prev coeffs loss: 0.15599530935287476
2026-04-09 17:04:36,448 - INFO - Encoder smooth loss: 0.23818589746952057
2026-04-09 17:04:36,449 - INFO - Decoder smooth loss: 0.1705029457807541
2026-04-09 17:04:36,449 - INFO - Prev smooth loss: 0.10856953263282776
2026-04-09 17:04:36,449 - INFO - KL loss: 8.127167701721191
2026-04-09 17:04:36,449 - INFO - Total loss: 11.768360137939453
2026-04-09 17:04:36,496 - INFO - Reconstruction loss: 6.957355499267578
2026-04-09 17:04:36,497 - INFO - Encoder coeffs loss: 0.32913243770599365
2026-04-09 17:04:36,497 - INFO - Decoder coeffs loss: 0.37684303522109985
2026-04-09 17:04:36,497 - INFO - Prev coeffs loss: 0.15873928368091583
2026-04-09 17:04:36,498 - INFO - Encoder smooth loss: 0.23692874610424042
2026-04-09 17:04:36,498 - INFO - Decoder smooth loss: 0.17121468484401703
2026-04-09 17:04:36,498 - INFO - Prev smooth loss: 0.11117108166217804
2026-04-09 17:04:36,498 - INFO - KL loss: 7.793744087219238
2026-04-09 17:04:36,499 - INFO - Total loss: 11.546241760253906
2026-04-09 17:04:36,543 - INFO - Reconstruction loss: 7.286853790283203
2026-04-09 17:04:36,543 - INFO - Encoder coeffs loss: 0.33186256885528564
2026-04-09 17:04:36,545 - INFO - Decoder coeffs loss: 0.38347887992858887
2026-04-09 17:04:36,545 - INFO - Prev coeffs loss: 0.1587832272052765
2026-04-09 17:04:36,545 - INFO - Encoder smooth loss: 0.23937466740608215
2026-04-09 17:04:36,545 - INFO - Decoder smooth loss: 0.17357362806797028
2026-04-09 17:04:36,546 - INFO - Prev smooth loss: 0.11200769245624542
2026-04-09 17:04:36,546 - INFO - KL loss: 8.476024627685547
2026-04-09 17:04:36,546 - INFO - Total loss: 12.224407196044922
2026-04-09 17:04:36,588 - INFO - Reconstruction loss: 7.198441028594971
2026-04-09 17:04:36,589 - INFO - Encoder coeffs loss: 0.3281935453414917
2026-04-09 17:04:36,589 - INFO - Decoder coeffs loss: 0.3767489194869995
2026-04-09 17:04:36,589 - INFO - Prev coeffs loss: 0.15455655753612518
2026-04-09 17:04:36,589 - INFO - Encoder smooth loss: 0.23667362332344055
2026-04-09 17:04:36,589 - INFO - Decoder smooth loss: 0.17065031826496124
2026-04-09 17:04:36,589 - INFO - Prev smooth loss: 0.10775093734264374
2026-04-09 17:04:36,591 - INFO - KL loss: 8.423206329345703
2026-04-09 17:04:36,591 - INFO - Total loss: 12.097331047058105
2026-04-09 17:04:36,636 - INFO - Reconstruction loss: 7.359520435333252
2026-04-09 17:04:36,636 - INFO - Encoder coeffs loss: 0.3303568959236145
2026-04-09 17:04:36,636 - INFO - Decoder coeffs loss: 0.3816806674003601
2026-04-09 17:04:36,637 - INFO - Prev coeffs loss: 0.1580982506275177
2026-04-09 17:04:36,637 - INFO - Encoder smooth loss: 0.238538458943367
2026-04-09 17:04:36,637 - INFO - Decoder smooth loss: 0.17295721173286438
2026-04-09 17:04:36,637 - INFO - Prev smooth loss: 0.11139890551567078
2026-04-09 17:04:36,638 - INFO - KL loss: 8.784366607666016
2026-04-09 17:04:36,638 - INFO - Total loss: 12.448219299316406
2026-04-09 17:04:36,682 - INFO - Reconstruction loss: 6.585677146911621
2026-04-09 17:04:36,683 - INFO - Encoder coeffs loss: 0.3287980258464813
2026-04-09 17:04:36,683 - INFO - Decoder coeffs loss: 0.38020744919776917
2026-04-09 17:04:36,683 - INFO - Prev coeffs loss: 0.15752412378787994
2026-04-09 17:04:36,683 - INFO - Encoder smooth loss: 0.23661448061466217
2026-04-09 17:04:36,683 - INFO - Decoder smooth loss: 0.17268262803554535
2026-04-09 17:04:36,684 - INFO - Prev smooth loss: 0.10966624319553375
2026-04-09 17:04:36,684 - INFO - KL loss: 7.272837162017822
2026-04-09 17:04:36,684 - INFO - Total loss: 10.914841651916504
2026-04-09 17:04:36,713 - INFO - Epoch 98/5000
2026-04-09 17:04:36,714 - INFO - Epoch training loss: 95.2062520980835
2026-04-09 17:04:36,714 - INFO - -------------------
2026-04-09 17:04:36,735 - INFO - Reconstruction loss: 8.539701461791992
2026-04-09 17:04:36,736 - INFO - Encoder coeffs loss: 0.32990893721580505
2026-04-09 17:04:36,736 - INFO - Decoder coeffs loss: 0.3864445388317108
2026-04-09 17:04:36,736 - INFO - Prev coeffs loss: 0.15957407653331757
2026-04-09 17:04:36,737 - INFO - Encoder smooth loss: 0.23898591101169586
2026-04-09 17:04:36,737 - INFO - Decoder smooth loss: 0.17554336786270142
2026-04-09 17:04:36,737 - INFO - Prev smooth loss: 0.11299986392259598
2026-04-09 17:04:36,738 - INFO - KL loss: 10.566972732543945
2026-04-09 17:04:36,738 - INFO - Total loss: 14.52491569519043
2026-04-09 17:04:36,753 - INFO - Reconstruction loss: 7.44912576675415
2026-04-09 17:04:36,753 - INFO - Encoder coeffs loss: 0.3308391571044922
2026-04-09 17:04:36,754 - INFO - Decoder coeffs loss: 0.3837573826313019
2026-04-09 17:04:36,754 - INFO - Prev coeffs loss: 0.15941570699214935
2026-04-09 17:04:36,754 - INFO - Encoder smooth loss: 0.23896895349025726
2026-04-09 17:04:36,755 - INFO - Decoder smooth loss: 0.173458993434906
2026-04-09 17:04:36,755 - INFO - Prev smooth loss: 0.1112990453839302
2026-04-09 17:04:36,755 - INFO - KL loss: 8.37588882446289
2026-04-09 17:04:36,755 - INFO - Total loss: 12.335939407348633
2026-04-09 17:04:36,755 - INFO - Epoch val loss: 26.860855102539062
2026-04-09 17:04:36,755 - INFO - -------------------
2026-04-09 17:04:36,755 - INFO - Saving model at epoch 98
2026-04-09 17:04:36,755 - INFO - Saving model name: AERCA_nonlinear_ws_5_stride_1_lr_0.0001_epochs_5000_hidden_layer_size_50_num_hidden_layers_8.pt
2026-04-09 17:04:36,828 - INFO - Reconstruction loss: 7.360175132751465
2026-04-09 17:04:36,828 - INFO - Encoder coeffs loss: 0.32850468158721924
2026-04-09 17:04:36,829 - INFO - Decoder coeffs loss: 0.38329869508743286
2026-04-09 17:04:36,829 - INFO - Prev coeffs loss: 0.1585015058517456
2026-04-09 17:04:36,829 - INFO - Encoder smooth loss: 0.23757512867450714
2026-04-09 17:04:36,829 - INFO - Decoder smooth loss: 0.17323559522628784
2026-04-09 17:04:36,830 - INFO - Prev smooth loss: 0.11086110025644302
2026-04-09 17:04:36,830 - INFO - KL loss: 8.514915466308594
2026-04-09 17:04:36,830 - INFO - Total loss: 12.313621520996094
2026-04-09 17:04:36,874 - INFO - Reconstruction loss: 7.072601795196533
2026-04-09 17:04:36,874 - INFO - Encoder coeffs loss: 0.32949650287628174
2026-04-09 17:04:36,875 - INFO - Decoder coeffs loss: 0.3789476156234741
2026-04-09 17:04:36,875 - INFO - Prev coeffs loss: 0.15766093134880066
2026-04-09 17:04:36,875 - INFO - Encoder smooth loss: 0.23792032897472382
2026-04-09 17:04:36,875 - INFO - Decoder smooth loss: 0.17116661369800568
2026-04-09 17:04:36,875 - INFO - Prev smooth loss: 0.11004137992858887
2026-04-09 17:04:36,876 - INFO - KL loss: 8.015016555786133
2026-04-09 17:04:36,876 - INFO - Total loss: 11.772727012634277
2026-04-09 17:04:36,921 - INFO - Reconstruction loss: 6.9911417961120605
2026-04-09 17:04:36,921 - INFO - Encoder coeffs loss: 0.3304094672203064
2026-04-09 17:04:36,922 - INFO - Decoder coeffs loss: 0.3790086507797241
2026-04-09 17:04:36,922 - INFO - Prev coeffs loss: 0.15559569001197815
2026-04-09 17:04:36,922 - INFO - Encoder smooth loss: 0.23899243772029877
2026-04-09 17:04:36,922 - INFO - Decoder smooth loss: 0.170309379696846
2026-04-09 17:04:36,923 - INFO - Prev smooth loss: 0.1082429438829422
2026-04-09 17:04:36,923 - INFO - KL loss: 8.065645217895508
2026-04-09 17:04:36,923 - INFO - Total loss: 11.715243339538574
2026-04-09 17:04:36,967 - INFO - Reconstruction loss: 6.935673236846924
2026-04-09 17:04:36,968 - INFO - Encoder coeffs loss: 0.32970377802848816
2026-04-09 17:04:36,968 - INFO - Decoder coeffs loss: 0.37771040201187134
2026-04-09 17:04:36,968 - INFO - Prev coeffs loss: 0.1583903729915619
2026-04-09 17:04:36,968 - INFO - Encoder smooth loss: 0.23778729140758514
2026-04-09 17:04:36,969 - INFO - Decoder smooth loss: 0.17114409804344177
2026-04-09 17:04:36,969 - INFO - Prev smooth loss: 0.11087857186794281
2026-04-09 17:04:36,969 - INFO - KL loss: 7.748254299163818
2026-04-09 17:04:36,969 - INFO - Total loss: 11.502607345581055
2026-04-09 17:04:37,011 - INFO - Reconstruction loss: 7.260929107666016
2026-04-09 17:04:37,012 - INFO - Encoder coeffs loss: 0.3323432207107544
2026-04-09 17:04:37,012 - INFO - Decoder coeffs loss: 0.3843300938606262
2026-04-09 17:04:37,012 - INFO - Prev coeffs loss: 0.15843108296394348
2026-04-09 17:04:37,013 - INFO - Encoder smooth loss: 0.24012726545333862
2026-04-09 17:04:37,013 - INFO - Decoder smooth loss: 0.17343667149543762
2026-04-09 17:04:37,014 - INFO - Prev smooth loss: 0.11172015219926834
2026-04-09 17:04:37,014 - INFO - KL loss: 8.419190406799316
2026-04-09 17:04:37,014 - INFO - Total loss: 12.170719146728516
2026-04-09 17:04:37,059 - INFO - Reconstruction loss: 7.174185752868652
2026-04-09 17:04:37,059 - INFO - Encoder coeffs loss: 0.32869651913642883
2026-04-09 17:04:37,060 - INFO - Decoder coeffs loss: 0.37746360898017883
2026-04-09 17:04:37,060 - INFO - Prev coeffs loss: 0.1541876345872879
2026-04-09 17:04:37,060 - INFO - Encoder smooth loss: 0.2374582141637802
2026-04-09 17:04:37,060 - INFO - Decoder smooth loss: 0.17049291729927063
2026-04-09 17:04:37,061 - INFO - Prev smooth loss: 0.10743992030620575
2026-04-09 17:04:37,061 - INFO - KL loss: 8.360222816467285
2026-04-09 17:04:37,061 - INFO - Total loss: 12.042166709899902
2026-04-09 17:04:37,114 - INFO - Reconstruction loss: 7.3334126472473145
2026-04-09 17:04:37,114 - INFO - Encoder coeffs loss: 0.3309224247932434
2026-04-09 17:04:37,115 - INFO - Decoder coeffs loss: 0.3824581503868103
2026-04-09 17:04:37,115 - INFO - Prev coeffs loss: 0.15774764120578766
2026-04-09 17:04:37,115 - INFO - Encoder smooth loss: 0.23935535550117493
2026-04-09 17:04:37,115 - INFO - Decoder smooth loss: 0.17284683883190155
2026-04-09 17:04:37,116 - INFO - Prev smooth loss: 0.11111080646514893
2026-04-09 17:04:37,116 - INFO - KL loss: 8.725807189941406
2026-04-09 17:04:37,116 - INFO - Total loss: 12.393536567687988
2026-04-09 17:04:37,159 - INFO - Reconstruction loss: 6.563182830810547
2026-04-09 17:04:37,160 - INFO - Encoder coeffs loss: 0.3295736312866211
2026-04-09 17:04:37,160 - INFO - Decoder coeffs loss: 0.38110166788101196
2026-04-09 17:04:37,160 - INFO - Prev coeffs loss: 0.15716031193733215
2026-04-09 17:04:37,161 - INFO - Encoder smooth loss: 0.23762916028499603
2026-04-09 17:04:37,161 - INFO - Decoder smooth loss: 0.17258013784885406
2026-04-09 17:04:37,161 - INFO - Prev smooth loss: 0.10935532301664352
2026-04-09 17:04:37,161 - INFO - KL loss: 7.222672939300537
2026-04-09 17:04:37,162 - INFO - Total loss: 10.868219375610352
2026-04-09 17:04:37,200 - INFO - Epoch 99/5000
2026-04-09 17:04:37,201 - INFO - Epoch training loss: 94.77884101867676
2026-04-09 17:04:37,201 - INFO - -------------------
2026-04-09 17:04:37,255 - INFO - Reconstruction loss: 8.51952075958252
2026-04-09 17:04:37,256 - INFO - Encoder coeffs loss: 0.33055856823921204
2026-04-09 17:04:37,257 - INFO - Decoder coeffs loss: 0.38724395632743835
2026-04-09 17:04:37,258 - INFO - Prev coeffs loss: 0.1592174768447876
2026-04-09 17:04:37,258 - INFO - Encoder smooth loss: 0.23988769948482513
2026-04-09 17:04:37,259 - INFO - Decoder smooth loss: 0.17542119324207306
2026-04-09 17:04:37,259 - INFO - Prev smooth loss: 0.11272497475147247
2026-04-09 17:04:37,261 - INFO - KL loss: 10.519224166870117
2026-04-09 17:04:37,262 - INFO - Total loss: 14.481659889221191
2026-04-09 17:04:37,331 - INFO - Reconstruction loss: 7.435744285583496
2026-04-09 17:04:37,333 - INFO - Encoder coeffs loss: 0.3315780758857727
2026-04-09 17:04:37,334 - INFO - Decoder coeffs loss: 0.3846502900123596
2026-04-09 17:04:37,336 - INFO - Prev coeffs loss: 0.1590561717748642
2026-04-09 17:04:37,337 - INFO - Encoder smooth loss: 0.23994041979312897
2026-04-09 17:04:37,338 - INFO - Decoder smooth loss: 0.17337632179260254
2026-04-09 17:04:37,339 - INFO - Prev smooth loss: 0.11099590361118317
2026-04-09 17:04:37,339 - INFO - KL loss: 8.337472915649414
2026-04-09 17:04:37,340 - INFO - Total loss: 12.304279327392578
2026-04-09 17:04:37,340 - INFO - Epoch val loss: 26.78593921661377
2026-04-09 17:04:37,340 - INFO - -------------------
2026-04-09 17:04:37,340 - INFO - Saving model at epoch 99
2026-04-09 17:04:37,340 - INFO - Saving model name: AERCA_nonlinear_ws_5_stride_1_lr_0.0001_epochs_5000_hidden_layer_size_50_num_hidden_layers_8.pt
2026-04-09 17:04:37,771 - INFO - Reconstruction loss: 7.329653263092041
2026-04-09 17:04:37,772 - INFO - Encoder coeffs loss: 0.3291562795639038
2026-04-09 17:04:37,772 - INFO - Decoder coeffs loss: 0.38406240940093994
2026-04-09 17:04:37,773 - INFO - Prev coeffs loss: 0.1581433266401291
2026-04-09 17:04:37,774 - INFO - Encoder smooth loss: 0.238470196723938
2026-04-09 17:04:37,774 - INFO - Decoder smooth loss: 0.17311157286167145
2026-04-09 17:04:37,775 - INFO - Prev smooth loss: 0.11057007312774658
2026-04-09 17:04:37,775 - INFO - KL loss: 8.44951343536377
2026-04-09 17:04:37,776 - INFO - Total loss: 12.251167297363281
2026-04-09 17:04:37,842 - INFO - Reconstruction loss: 7.046788215637207
2026-04-09 17:04:37,842 - INFO - Encoder coeffs loss: 0.33027100563049316
2026-04-09 17:04:37,843 - INFO - Decoder coeffs loss: 0.37971293926239014
2026-04-09 17:04:37,843 - INFO - Prev coeffs loss: 0.15727998316287994
2026-04-09 17:04:37,843 - INFO - Encoder smooth loss: 0.23896875977516174
2026-04-09 17:04:37,844 - INFO - Decoder smooth loss: 0.1711045801639557
2026-04-09 17:04:37,844 - INFO - Prev smooth loss: 0.1097404956817627
2026-04-09 17:04:37,844 - INFO - KL loss: 7.95306921005249
2026-04-09 17:04:37,845 - INFO - Total loss: 11.716861724853516
2026-04-09 17:04:37,894 - INFO - Reconstruction loss: 6.967257976531982
2026-04-09 17:04:37,894 - INFO - Encoder coeffs loss: 0.33112362027168274
2026-04-09 17:04:37,895 - INFO - Decoder coeffs loss: 0.37977248430252075
2026-04-09 17:04:37,895 - INFO - Prev coeffs loss: 0.155182883143425
2026-04-09 17:04:37,895 - INFO - Encoder smooth loss: 0.2399556189775467
2026-04-09 17:04:37,895 - INFO - Decoder smooth loss: 0.17014184594154358
2026-04-09 17:04:37,896 - INFO - Prev smooth loss: 0.10792011022567749
2026-04-09 17:04:37,896 - INFO - KL loss: 8.006023406982422
2026-04-09 17:04:37,896 - INFO - Total loss: 11.662317276000977
2026-04-09 17:04:37,938 - INFO - Reconstruction loss: 6.912682056427002
2026-04-09 17:04:37,939 - INFO - Encoder coeffs loss: 0.3305409550666809
2026-04-09 17:04:37,939 - INFO - Decoder coeffs loss: 0.3786044716835022
2026-04-09 17:04:37,939 - INFO - Prev coeffs loss: 0.15801969170570374
2026-04-09 17:04:37,939 - INFO - Encoder smooth loss: 0.23887354135513306
2026-04-09 17:04:37,940 - INFO - Decoder smooth loss: 0.17113330960273743
2026-04-09 17:04:37,940 - INFO - Prev smooth loss: 0.1105879545211792
2026-04-09 17:04:37,940 - INFO - KL loss: 7.706352233886719
2026-04-09 17:04:37,940 - INFO - Total loss: 11.459737777709961
2026-04-09 17:04:37,983 - INFO - Reconstruction loss: 7.2358551025390625
2026-04-09 17:04:37,983 - INFO - Encoder coeffs loss: 0.3330792784690857
2026-04-09 17:04:37,983 - INFO - Decoder coeffs loss: 0.3852130174636841
2026-04-09 17:04:37,984 - INFO - Prev coeffs loss: 0.1580619215965271
2026-04-09 17:04:37,984 - INFO - Encoder smooth loss: 0.2411007285118103
2026-04-09 17:04:37,984 - INFO - Decoder smooth loss: 0.17335398495197296
2026-04-09 17:04:37,985 - INFO - Prev smooth loss: 0.11144259572029114
2026-04-09 17:04:37,985 - INFO - KL loss: 8.365358352661133
2026-04-09 17:04:37,985 - INFO - Total loss: 12.119659423828125
2026-04-09 17:04:38,026 - INFO - Reconstruction loss: 7.148982524871826
2026-04-09 17:04:38,026 - INFO - Encoder coeffs loss: 0.3293973207473755
2026-04-09 17:04:38,026 - INFO - Decoder coeffs loss: 0.3782438039779663
2026-04-09 17:04:38,027 - INFO - Prev coeffs loss: 0.15381357073783875
2026-04-09 17:04:38,027 - INFO - Encoder smooth loss: 0.23843106627464294
2026-04-09 17:04:38,027 - INFO - Decoder smooth loss: 0.17041002213954926
2026-04-09 17:04:38,027 - INFO - Prev smooth loss: 0.10714873671531677
2026-04-09 17:04:38,027 - INFO - KL loss: 8.296343803405762
2026-04-09 17:04:38,028 - INFO - Total loss: 11.985876083374023
2026-04-09 17:04:38,070 - INFO - Reconstruction loss: 7.3071770668029785
2026-04-09 17:04:38,070 - INFO - Encoder coeffs loss: 0.3315770924091339
2026-04-09 17:04:38,070 - INFO - Decoder coeffs loss: 0.3832997679710388
2026-04-09 17:04:38,071 - INFO - Prev coeffs loss: 0.15741091966629028
2026-04-09 17:04:38,071 - INFO - Encoder smooth loss: 0.24027352035045624
2026-04-09 17:04:38,071 - INFO - Decoder smooth loss: 0.17279358208179474
2026-04-09 17:04:38,071 - INFO - Prev smooth loss: 0.11085566133260727
2026-04-09 17:04:38,071 - INFO - KL loss: 8.663763046264648
2026-04-09 17:04:38,072 - INFO - Total loss: 12.337163925170898
2026-04-09 17:04:38,170 - INFO - Reconstruction loss: 6.541373252868652
2026-04-09 17:04:38,170 - INFO - Encoder coeffs loss: 0.33035552501678467
2026-04-09 17:04:38,171 - INFO - Decoder coeffs loss: 0.3820611238479614
2026-04-09 17:04:38,171 - INFO - Prev coeffs loss: 0.1568344682455063
2026-04-09 17:04:38,171 - INFO - Encoder smooth loss: 0.23867516219615936
2026-04-09 17:04:38,172 - INFO - Decoder smooth loss: 0.17254038155078888
2026-04-09 17:04:38,172 - INFO - Prev smooth loss: 0.10909146070480347
2026-04-09 17:04:38,172 - INFO - KL loss: 7.173218727111816
2026-04-09 17:04:38,172 - INFO - Total loss: 10.822761535644531
2026-04-09 17:04:38,208 - INFO - Epoch 100/5000
2026-04-09 17:04:38,208 - INFO - Epoch training loss: 94.35554504394531
2026-04-09 17:04:38,208 - INFO - -------------------
2026-04-09 17:04:38,237 - INFO - Reconstruction loss: 8.499185562133789
2026-04-09 17:04:38,238 - INFO - Encoder coeffs loss: 0.33113735914230347
2026-04-09 17:04:38,239 - INFO - Decoder coeffs loss: 0.3881343603134155
2026-04-09 17:04:38,240 - INFO - Prev coeffs loss: 0.15891999006271362
2026-04-09 17:04:38,240 - INFO - Encoder smooth loss: 0.24074561893939972
2026-04-09 17:04:38,241 - INFO - Decoder smooth loss: 0.17536967992782593
2026-04-09 17:04:38,241 - INFO - Prev smooth loss: 0.1125059500336647
2026-04-09 17:04:38,241 - INFO - KL loss: 10.47390365600586
2026-04-09 17:04:38,242 - INFO - Total loss: 14.439543724060059
2026-04-09 17:04:38,260 - INFO - Reconstruction loss: 7.421476364135742
2026-04-09 17:04:38,260 - INFO - Encoder coeffs loss: 0.3322473168373108
2026-04-09 17:04:38,261 - INFO - Decoder coeffs loss: 0.3856247067451477
2026-04-09 17:04:38,261 - INFO - Prev coeffs loss: 0.15875691175460815
2026-04-09 17:04:38,261 - INFO - Encoder smooth loss: 0.24087059497833252
2026-04-09 17:04:38,261 - INFO - Decoder smooth loss: 0.1733572632074356
2026-04-09 17:04:38,262 - INFO - Prev smooth loss: 0.11074920743703842
2026-04-09 17:04:38,262 - INFO - KL loss: 8.301227569580078
2026-04-09 17:04:38,262 - INFO - Total loss: 12.272892951965332
2026-04-09 17:04:38,262 - INFO - Epoch val loss: 26.71243667602539
2026-04-09 17:04:38,262 - INFO - -------------------
2026-04-09 17:04:38,262 - INFO - Saving model at epoch 100
2026-04-09 17:04:38,262 - INFO - Saving model name: AERCA_nonlinear_ws_5_stride_1_lr_0.0001_epochs_5000_hidden_layer_size_50_num_hidden_layers_8.pt
2026-04-09 17:04:38,338 - INFO - Reconstruction loss: 7.299285411834717
2026-04-09 17:04:38,338 - INFO - Encoder coeffs loss: 0.3297410011291504
2026-04-09 17:04:38,338 - INFO - Decoder coeffs loss: 0.3849056661128998
2026-04-09 17:04:38,339 - INFO - Prev coeffs loss: 0.15784099698066711
2026-04-09 17:04:38,339 - INFO - Encoder smooth loss: 0.23932768404483795
2026-04-09 17:04:38,339 - INFO - Decoder smooth loss: 0.17305129766464233
2026-04-09 17:04:38,339 - INFO - Prev smooth loss: 0.11033393442630768
2026-04-09 17:04:38,340 - INFO - KL loss: 8.384661674499512
2026-04-09 17:04:38,340 - INFO - Total loss: 12.189216613769531
2026-04-09 17:04:38,383 - INFO - Reconstruction loss: 7.021569728851318
2026-04-09 17:04:38,384 - INFO - Encoder coeffs loss: 0.33092212677001953
2026-04-09 17:04:38,384 - INFO - Decoder coeffs loss: 0.3805498480796814
2026-04-09 17:04:38,384 - INFO - Prev coeffs loss: 0.15699070692062378
2026-04-09 17:04:38,385 - INFO - Encoder smooth loss: 0.23991619050502777
2026-04-09 17:04:38,385 - INFO - Decoder smooth loss: 0.17109651863574982
2026-04-09 17:04:38,385 - INFO - Prev smooth loss: 0.10951246321201324
2026-04-09 17:04:38,385 - INFO - KL loss: 7.891881942749023
2026-04-09 17:04:38,385 - INFO - Total loss: 11.662004470825195
2026-04-09 17:04:38,426 - INFO - Reconstruction loss: 6.944023132324219
2026-04-09 17:04:38,427 - INFO - Encoder coeffs loss: 0.3316793739795685
2026-04-09 17:04:38,427 - INFO - Decoder coeffs loss: 0.38061556220054626
2026-04-09 17:04:38,427 - INFO - Prev coeffs loss: 0.15488460659980774
2026-04-09 17:04:38,427 - INFO - Encoder smooth loss: 0.24077293276786804
2026-04-09 17:04:38,428 - INFO - Decoder smooth loss: 0.1700318455696106
2026-04-09 17:04:38,428 - INFO - Prev smooth loss: 0.10767898708581924
2026-04-09 17:04:38,428 - INFO - KL loss: 7.947447299957275
2026-04-09 17:04:38,428 - INFO - Total loss: 11.610578536987305
2026-04-09 17:04:38,474 - INFO - Reconstruction loss: 6.890872001647949
2026-04-09 17:04:38,475 - INFO - Encoder coeffs loss: 0.3312104344367981
2026-04-09 17:04:38,475 - INFO - Decoder coeffs loss: 0.37954676151275635
2026-04-09 17:04:38,475 - INFO - Prev coeffs loss: 0.15775786340236664
2026-04-09 17:04:38,475 - INFO - Encoder smooth loss: 0.239789217710495
2026-04-09 17:04:38,476 - INFO - Decoder smooth loss: 0.17115534842014313
2026-04-09 17:04:38,476 - INFO - Prev smooth loss: 0.11037658154964447
2026-04-09 17:04:38,476 - INFO - KL loss: 7.662803649902344
2026-04-09 17:04:38,476 - INFO - Total loss: 11.417192459106445
2026-04-09 17:04:38,519 - INFO - Reconstruction loss: 7.211947441101074
2026-04-09 17:04:38,519 - INFO - Encoder coeffs loss: 0.3336769938468933
2026-04-09 17:04:38,520 - INFO - Decoder coeffs loss: 0.38619059324264526
2026-04-09 17:04:38,520 - INFO - Prev coeffs loss: 0.1577760875225067
2026-04-09 17:04:38,520 - INFO - Encoder smooth loss: 0.2419210523366928
2026-04-09 17:04:38,520 - INFO - Decoder smooth loss: 0.17333491146564484
2026-04-09 17:04:38,521 - INFO - Prev smooth loss: 0.11122144758701324
2026-04-09 17:04:38,521 - INFO - KL loss: 8.314876556396484
2026-04-09 17:04:38,521 - INFO - Total loss: 12.071446418762207
2026-04-09 17:04:38,563 - INFO - Reconstruction loss: 7.124170780181885
2026-04-09 17:04:38,564 - INFO - Encoder coeffs loss: 0.3300112187862396
2026-04-09 17:04:38,564 - INFO - Decoder coeffs loss: 0.3791072368621826
2026-04-09 17:04:38,564 - INFO - Prev coeffs loss: 0.1534842848777771
2026-04-09 17:04:38,565 - INFO - Encoder smooth loss: 0.23928260803222656
2026-04-09 17:04:38,565 - INFO - Decoder smooth loss: 0.17038056254386902
2026-04-09 17:04:38,565 - INFO - Prev smooth loss: 0.106888048350811
2026-04-09 17:04:38,565 - INFO - KL loss: 8.234893798828125
2026-04-09 17:04:38,565 - INFO - Total loss: 11.931194305419922
2026-04-09 17:04:38,609 - INFO - Reconstruction loss: 7.2809882164001465
2026-04-09 17:04:38,609 - INFO - Encoder coeffs loss: 0.3322586417198181
2026-04-09 17:04:38,610 - INFO - Decoder coeffs loss: 0.3842385411262512
2026-04-09 17:04:38,610 - INFO - Prev coeffs loss: 0.15708723664283752
2026-04-09 17:04:38,610 - INFO - Encoder smooth loss: 0.24115698039531708
2026-04-09 17:04:38,610 - INFO - Decoder smooth loss: 0.17281077802181244
2026-04-09 17:04:38,611 - INFO - Prev smooth loss: 0.11061364412307739
2026-04-09 17:04:38,611 - INFO - KL loss: 8.603652954101562
2026-04-09 17:04:38,611 - INFO - Total loss: 12.281896591186523
2026-04-09 17:04:38,654 - INFO - Reconstruction loss: 6.520610332489014
2026-04-09 17:04:38,654 - INFO - Encoder coeffs loss: 0.33124059438705444
2026-04-09 17:04:38,654 - INFO - Decoder coeffs loss: 0.3831377327442169
2026-04-09 17:04:38,655 - INFO - Prev coeffs loss: 0.15650518238544464
2026-04-09 17:04:38,655 - INFO - Encoder smooth loss: 0.23976217210292816
2026-04-09 17:04:38,655 - INFO - Decoder smooth loss: 0.17257240414619446
2026-04-09 17:04:38,655 - INFO - Prev smooth loss: 0.10882730782032013
2026-04-09 17:04:38,655 - INFO - KL loss: 7.124470233917236
2026-04-09 17:04:38,656 - INFO - Total loss: 10.778868675231934
2026-04-09 17:04:38,683 - INFO - Epoch 101/5000
2026-04-09 17:04:38,683 - INFO - Epoch training loss: 93.94239807128906
2026-04-09 17:04:38,683 - INFO - -------------------
2026-04-09 17:04:38,699 - INFO - Reconstruction loss: 8.47811222076416
2026-04-09 17:04:38,700 - INFO - Encoder coeffs loss: 0.3318942189216614
2026-04-09 17:04:38,700 - INFO - Decoder coeffs loss: 0.3891489505767822
2026-04-09 17:04:38,700 - INFO - Prev coeffs loss: 0.15861132740974426
2026-04-09 17:04:38,701 - INFO - Encoder smooth loss: 0.24171365797519684
2026-04-09 17:04:38,701 - INFO - Decoder smooth loss: 0.17539353668689728
2026-04-09 17:04:38,701 - INFO - Prev smooth loss: 0.11228956282138824
2026-04-09 17:04:38,701 - INFO - KL loss: 10.429117202758789
2026-04-09 17:04:38,702 - INFO - Total loss: 14.397196769714355
2026-04-09 17:04:38,719 - INFO - Reconstruction loss: 7.408381938934326
2026-04-09 17:04:38,719 - INFO - Encoder coeffs loss: 0.3330991268157959
2026-04-09 17:04:38,719 - INFO - Decoder coeffs loss: 0.386738121509552
2026-04-09 17:04:38,720 - INFO - Prev coeffs loss: 0.15844669938087463
2026-04-09 17:04:38,720 - INFO - Encoder smooth loss: 0.24192285537719727
2026-04-09 17:04:38,720 - INFO - Decoder smooth loss: 0.17342789471149445
2026-04-09 17:04:38,720 - INFO - Prev smooth loss: 0.11050312966108322
2026-04-09 17:04:38,720 - INFO - KL loss: 8.267297744750977
2026-04-09 17:04:38,721 - INFO - Total loss: 12.244100570678711
2026-04-09 17:04:38,721 - INFO - Epoch val loss: 26.641297340393066
2026-04-09 17:04:38,721 - INFO - -------------------
2026-04-09 17:04:38,721 - INFO - Saving model at epoch 101
2026-04-09 17:04:38,721 - INFO - Saving model name: AERCA_nonlinear_ws_5_stride_1_lr_0.0001_epochs_5000_hidden_layer_size_50_num_hidden_layers_8.pt
2026-04-09 17:04:38,791 - INFO - Reconstruction loss: 7.269634246826172
2026-04-09 17:04:38,791 - INFO - Encoder coeffs loss: 0.330506831407547
2026-04-09 17:04:38,791 - INFO - Decoder coeffs loss: 0.38587090373039246
2026-04-09 17:04:38,792 - INFO - Prev coeffs loss: 0.15753284096717834
2026-04-09 17:04:38,792 - INFO - Encoder smooth loss: 0.24030336737632751
2026-04-09 17:04:38,792 - INFO - Decoder smooth loss: 0.17307445406913757
2026-04-09 17:04:38,792 - INFO - Prev smooth loss: 0.11010295152664185
2026-04-09 17:04:38,792 - INFO - KL loss: 8.321601867675781
2026-04-09 17:04:38,793 - INFO - Total loss: 12.129131317138672
2026-04-09 17:04:38,835 - INFO - Reconstruction loss: 6.9958176612854
2026-04-09 17:04:38,835 - INFO - Encoder coeffs loss: 0.33176836371421814
2026-04-09 17:04:38,836 - INFO - Decoder coeffs loss: 0.3815183639526367
2026-04-09 17:04:38,836 - INFO - Prev coeffs loss: 0.1566683053970337
2026-04-09 17:04:38,836 - INFO - Encoder smooth loss: 0.2410004436969757
2026-04-09 17:04:38,837 - INFO - Decoder smooth loss: 0.17117053270339966
2026-04-09 17:04:38,837 - INFO - Prev smooth loss: 0.10926949232816696
2026-04-09 17:04:38,837 - INFO - KL loss: 7.833744525909424
2026-04-09 17:04:38,837 - INFO - Total loss: 11.60838794708252
2026-04-09 17:04:38,879 - INFO - Reconstruction loss: 6.920294761657715
2026-04-09 17:04:38,880 - INFO - Encoder coeffs loss: 0.332418292760849
2026-04-09 17:04:38,880 - INFO - Decoder coeffs loss: 0.3815734088420868
2026-04-09 17:04:38,880 - INFO - Prev coeffs loss: 0.1545487642288208
2026-04-09 17:04:38,880 - INFO - Encoder smooth loss: 0.24171088635921478
2026-04-09 17:04:38,881 - INFO - Decoder smooth loss: 0.16999982297420502
2026-04-09 17:04:38,881 - INFO - Prev smooth loss: 0.10742637515068054
2026-04-09 17:04:38,881 - INFO - KL loss: 7.8893842697143555
2026-04-09 17:04:38,882 - INFO - Total loss: 11.558825492858887
2026-04-09 17:04:38,923 - INFO - Reconstruction loss: 6.867796897888184
2026-04-09 17:04:38,923 - INFO - Encoder coeffs loss: 0.33199214935302734
2026-04-09 17:04:38,923 - INFO - Decoder coeffs loss: 0.3805759847164154
2026-04-09 17:04:38,924 - INFO - Prev coeffs loss: 0.15745855867862701
2026-04-09 17:04:38,924 - INFO - Encoder smooth loss: 0.24077555537223816
2026-04-09 17:04:38,924 - INFO - Decoder smooth loss: 0.17123018205165863
2026-04-09 17:04:38,924 - INFO - Prev smooth loss: 0.11014476418495178
2026-04-09 17:04:38,924 - INFO - KL loss: 7.616626739501953
2026-04-09 17:04:38,924 - INFO - Total loss: 11.372198104858398
2026-04-09 17:04:38,969 - INFO - Reconstruction loss: 7.1879377365112305
2026-04-09 17:04:38,969 - INFO - Encoder coeffs loss: 0.334358811378479
2026-04-09 17:04:38,970 - INFO - Decoder coeffs loss: 0.38723230361938477
2026-04-09 17:04:38,970 - INFO - Prev coeffs loss: 0.1574874222278595
2026-04-09 17:04:38,970 - INFO - Encoder smooth loss: 0.2427888810634613
2026-04-09 17:04:38,970 - INFO - Decoder smooth loss: 0.1733502298593521
2026-04-09 17:04:38,970 - INFO - Prev smooth loss: 0.11100931465625763
2026-04-09 17:04:38,971 - INFO - KL loss: 8.262862205505371
2026-04-09 17:04:38,971 - INFO - Total loss: 12.022482872009277
2026-04-09 17:04:39,014 - INFO - Reconstruction loss: 7.099958896636963
2026-04-09 17:04:39,016 - INFO - Encoder coeffs loss: 0.33064866065979004
2026-04-09 17:04:39,017 - INFO - Decoder coeffs loss: 0.3800205588340759
2026-04-09 17:04:39,017 - INFO - Prev coeffs loss: 0.1531703770160675
2026-04-09 17:04:39,017 - INFO - Encoder smooth loss: 0.24014154076576233
2026-04-09 17:04:39,018 - INFO - Decoder smooth loss: 0.17038264870643616
2026-04-09 17:04:39,018 - INFO - Prev smooth loss: 0.10664615035057068
2026-04-09 17:04:39,018 - INFO - KL loss: 8.176373481750488
2026-04-09 17:04:39,018 - INFO - Total loss: 11.878650665283203
2026-04-09 17:04:39,060 - INFO - Reconstruction loss: 7.255642890930176
2026-04-09 17:04:39,060 - INFO - Encoder coeffs loss: 0.3328968286514282
2026-04-09 17:04:39,061 - INFO - Decoder coeffs loss: 0.3852142095565796
2026-04-09 17:04:39,061 - INFO - Prev coeffs loss: 0.15677465498447418
2026-04-09 17:04:39,061 - INFO - Encoder smooth loss: 0.24199794232845306
2026-04-09 17:04:39,061 - INFO - Decoder smooth loss: 0.1728520542383194
2026-04-09 17:04:39,062 - INFO - Prev smooth loss: 0.11038274317979813
2026-04-09 17:04:39,062 - INFO - KL loss: 8.544865608215332
2026-04-09 17:04:39,062 - INFO - Total loss: 12.228134155273438
2026-04-09 17:04:39,105 - INFO - Reconstruction loss: 6.498846054077148
2026-04-09 17:04:39,106 - INFO - Encoder coeffs loss: 0.3320167660713196
2026-04-09 17:04:39,106 - INFO - Decoder coeffs loss: 0.3842315077781677
2026-04-09 17:04:39,106 - INFO - Prev coeffs loss: 0.15616753697395325
2026-04-09 17:04:39,107 - INFO - Encoder smooth loss: 0.24075059592723846
2026-04-09 17:04:39,107 - INFO - Decoder smooth loss: 0.1726052612066269
2026-04-09 17:04:39,107 - INFO - Prev smooth loss: 0.10855498164892197
2026-04-09 17:04:39,107 - INFO - KL loss: 7.07519006729126
2026-04-09 17:04:39,107 - INFO - Total loss: 10.733604431152344
2026-04-09 17:04:39,134 - INFO - Epoch 102/5000
2026-04-09 17:04:39,134 - INFO - Epoch training loss: 93.53141498565674
2026-04-09 17:04:39,134 - INFO - -------------------
2026-04-09 17:04:39,149 - INFO - Reconstruction loss: 8.458364486694336
2026-04-09 17:04:39,150 - INFO - Encoder coeffs loss: 0.3325071930885315
2026-04-09 17:04:39,150 - INFO - Decoder coeffs loss: 0.3901593089103699
2026-04-09 17:04:39,150 - INFO - Prev coeffs loss: 0.1582752764225006
2026-04-09 17:04:39,150 - INFO - Encoder smooth loss: 0.24255318939685822
2026-04-09 17:04:39,151 - INFO - Decoder smooth loss: 0.17542102932929993
2026-04-09 17:04:39,151 - INFO - Prev smooth loss: 0.11204416304826736
2026-04-09 17:04:39,151 - INFO - KL loss: 10.384368896484375
2026-04-09 17:04:39,151 - INFO - Total loss: 14.356030464172363
2026-04-09 17:04:39,168 - INFO - Reconstruction loss: 7.394560813903809
2026-04-09 17:04:39,169 - INFO - Encoder coeffs loss: 0.3337925970554352
2026-04-09 17:04:39,169 - INFO - Decoder coeffs loss: 0.38785192370414734
2026-04-09 17:04:39,169 - INFO - Prev coeffs loss: 0.15810447931289673
2026-04-09 17:04:39,169 - INFO - Encoder smooth loss: 0.24283108115196228
2026-04-09 17:04:39,170 - INFO - Decoder smooth loss: 0.17349301278591156
2026-04-09 17:04:39,170 - INFO - Prev smooth loss: 0.11022557318210602
2026-04-09 17:04:39,170 - INFO - KL loss: 8.232696533203125
2026-04-09 17:04:39,170 - INFO - Total loss: 12.214058876037598
2026-04-09 17:04:39,170 - INFO - Epoch val loss: 26.57008934020996
2026-04-09 17:04:39,171 - INFO - -------------------
2026-04-09 17:04:39,171 - INFO - Saving model at epoch 102
2026-04-09 17:04:39,171 - INFO - Saving model name: AERCA_nonlinear_ws_5_stride_1_lr_0.0001_epochs_5000_hidden_layer_size_50_num_hidden_layers_8.pt
2026-04-09 17:04:39,240 - INFO - Reconstruction loss: 7.240399360656738
2026-04-09 17:04:39,240 - INFO - Encoder coeffs loss: 0.33111995458602905
2026-04-09 17:04:39,241 - INFO - Decoder coeffs loss: 0.3868394196033478
2026-04-09 17:04:39,241 - INFO - Prev coeffs loss: 0.1571929007768631
2026-04-09 17:04:39,241 - INFO - Encoder smooth loss: 0.24114122986793518
2026-04-09 17:04:39,241 - INFO - Decoder smooth loss: 0.17309854924678802
2026-04-09 17:04:39,242 - INFO - Prev smooth loss: 0.10984218865633011
2026-04-09 17:04:39,242 - INFO - KL loss: 8.257012367248535
2026-04-09 17:04:39,242 - INFO - Total loss: 12.068522453308105
2026-04-09 17:04:39,285 - INFO - Reconstruction loss: 6.970856666564941
2026-04-09 17:04:39,286 - INFO - Encoder coeffs loss: 0.3324776291847229
2026-04-09 17:04:39,286 - INFO - Decoder coeffs loss: 0.3824836015701294
2026-04-09 17:04:39,286 - INFO - Prev coeffs loss: 0.15629641711711884
2026-04-09 17:04:39,286 - INFO - Encoder smooth loss: 0.24196398258209229
2026-04-09 17:04:39,287 - INFO - Decoder smooth loss: 0.1712489277124405
2026-04-09 17:04:39,287 - INFO - Prev smooth loss: 0.1089804470539093
2026-04-09 17:04:39,287 - INFO - KL loss: 7.776761531829834
2026-04-09 17:04:39,287 - INFO - Total loss: 11.555963516235352
2026-04-09 17:04:39,327 - INFO - Reconstruction loss: 6.898062229156494
2026-04-09 17:04:39,327 - INFO - Encoder coeffs loss: 0.3330691456794739
2026-04-09 17:04:39,327 - INFO - Decoder coeffs loss: 0.382526159286499
2026-04-09 17:04:39,328 - INFO - Prev coeffs loss: 0.1541418433189392
2026-04-09 17:04:39,328 - INFO - Encoder smooth loss: 0.24257680773735046
2026-04-09 17:04:39,328 - INFO - Decoder smooth loss: 0.1699708104133606
2026-04-09 17:04:39,328 - INFO - Prev smooth loss: 0.10710974037647247
2026-04-09 17:04:39,328 - INFO - KL loss: 7.835346221923828
2026-04-09 17:04:39,329 - INFO - Total loss: 11.510432243347168
2026-04-09 17:04:39,375 - INFO - Reconstruction loss: 6.844276428222656
2026-04-09 17:04:39,375 - INFO - Encoder coeffs loss: 0.3327487111091614
2026-04-09 17:04:39,376 - INFO - Decoder coeffs loss: 0.38155192136764526
2026-04-09 17:04:39,376 - INFO - Prev coeffs loss: 0.1570986658334732
2026-04-09 17:04:39,376 - INFO - Encoder smooth loss: 0.2417614459991455
2026-04-09 17:04:39,376 - INFO - Decoder smooth loss: 0.1712893694639206
2026-04-09 17:04:39,377 - INFO - Prev smooth loss: 0.10985717922449112
2026-04-09 17:04:39,377 - INFO - KL loss: 7.571954727172852
2026-04-09 17:04:39,377 - INFO - Total loss: 11.327407836914062
2026-04-09 17:04:39,419 - INFO - Reconstruction loss: 7.165119647979736
2026-04-09 17:04:39,419 - INFO - Encoder coeffs loss: 0.33499792218208313
2026-04-09 17:04:39,420 - INFO - Decoder coeffs loss: 0.3882010579109192
2026-04-09 17:04:39,420 - INFO - Prev coeffs loss: 0.1571475863456726
2026-04-09 17:04:39,420 - INFO - Encoder smooth loss: 0.24363452196121216
2026-04-09 17:04:39,420 - INFO - Decoder smooth loss: 0.17334021627902985
2026-04-09 17:04:39,421 - INFO - Prev smooth loss: 0.11074111610651016
2026-04-09 17:04:39,421 - INFO - KL loss: 8.212051391601562
2026-04-09 17:04:39,421 - INFO - Total loss: 11.975176811218262
2026-04-09 17:04:39,462 - INFO - Reconstruction loss: 7.076815128326416
2026-04-09 17:04:39,463 - INFO - Encoder coeffs loss: 0.3312316834926605
2026-04-09 17:04:39,463 - INFO - Decoder coeffs loss: 0.38084676861763
2026-04-09 17:04:39,463 - INFO - Prev coeffs loss: 0.1528172791004181
2026-04-09 17:04:39,464 - INFO - Encoder smooth loss: 0.24096621572971344
2026-04-09 17:04:39,464 - INFO - Decoder smooth loss: 0.17035333812236786
2026-04-09 17:04:39,464 - INFO - Prev smooth loss: 0.10635789483785629
2026-04-09 17:04:39,464 - INFO - KL loss: 8.118289947509766
2026-04-09 17:04:39,464 - INFO - Total loss: 11.82724666595459
2026-04-09 17:04:39,506 - INFO - Reconstruction loss: 7.231239318847656
2026-04-09 17:04:39,507 - INFO - Encoder coeffs loss: 0.333417147397995
2026-04-09 17:04:39,507 - INFO - Decoder coeffs loss: 0.386096715927124
2026-04-09 17:04:39,507 - INFO - Prev coeffs loss: 0.15644362568855286
2026-04-09 17:04:39,508 - INFO - Encoder smooth loss: 0.24274690449237823
2026-04-09 17:04:39,508 - INFO - Decoder smooth loss: 0.17285718023777008
2026-04-09 17:04:39,508 - INFO - Prev smooth loss: 0.11012167483568192
2026-04-09 17:04:39,508 - INFO - KL loss: 8.486764907836914
2026-04-09 17:04:39,508 - INFO - Total loss: 12.175463676452637
2026-04-09 17:04:39,550 - INFO - Reconstruction loss: 6.477490425109863
2026-04-09 17:04:39,551 - INFO - Encoder coeffs loss: 0.3326129913330078
2026-04-09 17:04:39,551 - INFO - Decoder coeffs loss: 0.3851899206638336
2026-04-09 17:04:39,551 - INFO - Prev coeffs loss: 0.15583916008472443
2026-04-09 17:04:39,552 - INFO - Encoder smooth loss: 0.24158473312854767
2026-04-09 17:04:39,552 - INFO - Decoder smooth loss: 0.17258386313915253
2026-04-09 17:04:39,552 - INFO - Prev smooth loss: 0.10827556252479553
2026-04-09 17:04:39,552 - INFO - KL loss: 7.026468753814697
2026-04-09 17:04:39,552 - INFO - Total loss: 10.688767433166504
2026-04-09 17:04:39,579 - INFO - Epoch 103/5000
2026-04-09 17:04:39,579 - INFO - Epoch training loss: 93.12898063659668
2026-04-09 17:04:39,579 - INFO - -------------------
2026-04-09 17:04:39,595 - INFO - Reconstruction loss: 8.439312934875488
2026-04-09 17:04:39,596 - INFO - Encoder coeffs loss: 0.3329069912433624
2026-04-09 17:04:39,596 - INFO - Decoder coeffs loss: 0.39103788137435913
2026-04-09 17:04:39,596 - INFO - Prev coeffs loss: 0.15796977281570435
2026-04-09 17:04:39,596 - INFO - Encoder smooth loss: 0.24320930242538452
2026-04-09 17:04:39,596 - INFO - Decoder smooth loss: 0.17539776861667633
2026-04-09 17:04:39,597 - INFO - Prev smooth loss: 0.11180661618709564
2026-04-09 17:04:39,597 - INFO - KL loss: 10.342326164245605
2026-04-09 17:04:39,597 - INFO - Total loss: 14.316640853881836
2026-04-09 17:04:39,611 - INFO - Reconstruction loss: 7.38179349899292
2026-04-09 17:04:39,612 - INFO - Encoder coeffs loss: 0.3342556357383728
2026-04-09 17:04:39,612 - INFO - Decoder coeffs loss: 0.3888183534145355
2026-04-09 17:04:39,612 - INFO - Prev coeffs loss: 0.1577938348054886
2026-04-09 17:04:39,612 - INFO - Encoder smooth loss: 0.24353298544883728
2026-04-09 17:04:39,613 - INFO - Decoder smooth loss: 0.17349690198898315
2026-04-09 17:04:39,613 - INFO - Prev smooth loss: 0.1099572405219078
2026-04-09 17:04:39,613 - INFO - KL loss: 8.199878692626953
2026-04-09 17:04:39,613 - INFO - Total loss: 12.185660362243652
2026-04-09 17:04:39,613 - INFO - Epoch val loss: 26.50230121612549
2026-04-09 17:04:39,613 - INFO - -------------------
2026-04-09 17:04:39,613 - INFO - Saving model at epoch 103
2026-04-09 17:04:39,613 - INFO - Saving model name: AERCA_nonlinear_ws_5_stride_1_lr_0.0001_epochs_5000_hidden_layer_size_50_num_hidden_layers_8.pt
2026-04-09 17:04:39,682 - INFO - Reconstruction loss: 7.210658550262451
2026-04-09 17:04:39,682 - INFO - Encoder coeffs loss: 0.3315141201019287
2026-04-09 17:04:39,683 - INFO - Decoder coeffs loss: 0.3876500725746155
2026-04-09 17:04:39,683 - INFO - Prev coeffs loss: 0.15688610076904297
2026-04-09 17:04:39,683 - INFO - Encoder smooth loss: 0.24179160594940186
2026-04-09 17:04:39,683 - INFO - Decoder smooth loss: 0.17305803298950195
2026-04-09 17:04:39,684 - INFO - Prev smooth loss: 0.10959213972091675
2026-04-09 17:04:39,684 - INFO - KL loss: 8.190464973449707
2026-04-09 17:04:39,684 - INFO - Total loss: 12.00613784790039
2026-04-09 17:04:39,724 - INFO - Reconstruction loss: 6.947786331176758
2026-04-09 17:04:39,724 - INFO - Encoder coeffs loss: 0.3329024612903595
2026-04-09 17:04:39,725 - INFO - Decoder coeffs loss: 0.3833107352256775
2026-04-09 17:04:39,725 - INFO - Prev coeffs loss: 0.15597911179065704
2026-04-09 17:04:39,725 - INFO - Encoder smooth loss: 0.24266575276851654
2026-04-09 17:04:39,725 - INFO - Decoder smooth loss: 0.17126935720443726
2026-04-09 17:04:39,726 - INFO - Prev smooth loss: 0.10872147977352142
2026-04-09 17:04:39,726 - INFO - KL loss: 7.718395233154297
2026-04-09 17:04:39,726 - INFO - Total loss: 11.50440788269043
2026-04-09 17:04:39,767 - INFO - Reconstruction loss: 6.877322673797607
2026-04-09 17:04:39,767 - INFO - Encoder coeffs loss: 0.3334321975708008
2026-04-09 17:04:39,767 - INFO - Decoder coeffs loss: 0.38334131240844727
2026-04-09 17:04:39,768 - INFO - Prev coeffs loss: 0.15379858016967773
2026-04-09 17:04:39,768 - INFO - Encoder smooth loss: 0.2431764453649521
2026-04-09 17:04:39,768 - INFO - Decoder smooth loss: 0.16987988352775574
2026-04-09 17:04:39,768 - INFO - Prev smooth loss: 0.10682884603738785
2026-04-09 17:04:39,768 - INFO - KL loss: 7.780716896057129
2026-04-09 17:04:39,769 - INFO - Total loss: 11.462909698486328
2026-04-09 17:04:39,810 - INFO - Reconstruction loss: 6.8228044509887695
2026-04-09 17:04:39,811 - INFO - Encoder coeffs loss: 0.33325105905532837
2026-04-09 17:04:39,811 - INFO - Decoder coeffs loss: 0.38242053985595703
2026-04-09 17:04:39,811 - INFO - Prev coeffs loss: 0.15677198767662048
2026-04-09 17:04:39,811 - INFO - Encoder smooth loss: 0.24250665307044983
2026-04-09 17:04:39,812 - INFO - Decoder smooth loss: 0.17130227386951447
2026-04-09 17:04:39,812 - INFO - Prev smooth loss: 0.10959164798259735
2026-04-09 17:04:39,812 - INFO - KL loss: 7.528109550476074
2026-04-09 17:04:39,812 - INFO - Total loss: 11.284781455993652
2026-04-09 17:04:39,854 - INFO - Reconstruction loss: 7.142897129058838
2026-04-09 17:04:39,855 - INFO - Encoder coeffs loss: 0.33549338579177856
2026-04-09 17:04:39,855 - INFO - Decoder coeffs loss: 0.3890763223171234
2026-04-09 17:04:39,855 - INFO - Prev coeffs loss: 0.15681052207946777
2026-04-09 17:04:39,855 - INFO - Encoder smooth loss: 0.24433991312980652
2026-04-09 17:04:39,856 - INFO - Decoder smooth loss: 0.1732843816280365
2026-04-09 17:04:39,856 - INFO - Prev smooth loss: 0.11047770082950592
2026-04-09 17:04:39,856 - INFO - KL loss: 8.163328170776367
2026-04-09 17:04:39,856 - INFO - Total loss: 11.929302215576172
2026-04-09 17:04:39,897 - INFO - Reconstruction loss: 7.0539021492004395
2026-04-09 17:04:39,897 - INFO - Encoder coeffs loss: 0.33178281784057617
2026-04-09 17:04:39,898 - INFO - Decoder coeffs loss: 0.3815966844558716
2026-04-09 17:04:39,898 - INFO - Prev coeffs loss: 0.15243682265281677
2026-04-09 17:04:39,898 - INFO - Encoder smooth loss: 0.2417534738779068
2026-04-09 17:04:39,898 - INFO - Decoder smooth loss: 0.17028672993183136
2026-04-09 17:04:39,899 - INFO - Prev smooth loss: 0.10605410486459732
2026-04-09 17:04:39,899 - INFO - KL loss: 8.062749862670898
2026-04-09 17:04:39,899 - INFO - Total loss: 11.77723217010498
2026-04-09 17:04:39,941 - INFO - Reconstruction loss: 7.207019329071045
2026-04-09 17:04:39,941 - INFO - Encoder coeffs loss: 0.3340584635734558
2026-04-09 17:04:39,941 - INFO - Decoder coeffs loss: 0.38693100214004517
2026-04-09 17:04:39,942 - INFO - Prev coeffs loss: 0.1560542732477188
2026-04-09 17:04:39,942 - INFO - Encoder smooth loss: 0.2435973733663559
2026-04-09 17:04:39,942 - INFO - Decoder smooth loss: 0.17283141613006592
2026-04-09 17:04:39,942 - INFO - Prev smooth loss: 0.10982367396354675
2026-04-09 17:04:39,942 - INFO - KL loss: 8.42760944366455
2026-04-09 17:04:39,943 - INFO - Total loss: 12.122471809387207
2026-04-09 17:04:39,984 - INFO - Reconstruction loss: 6.456873416900635
2026-04-09 17:04:39,985 - INFO - Encoder coeffs loss: 0.3334324359893799
2026-04-09 17:04:39,985 - INFO - Decoder coeffs loss: 0.38613161444664
2026-04-09 17:04:39,986 - INFO - Prev coeffs loss: 0.15541647374629974
2026-04-09 17:04:39,986 - INFO - Encoder smooth loss: 0.2426200956106186
2026-04-09 17:04:39,987 - INFO - Decoder smooth loss: 0.17254260182380676
2026-04-09 17:04:39,987 - INFO - Prev smooth loss: 0.10793234407901764
2026-04-09 17:04:39,987 - INFO - KL loss: 6.9797587394714355
2026-04-09 17:04:39,987 - INFO - Total loss: 10.645790100097656
2026-04-09 17:04:40,019 - INFO - Epoch 104/5000
2026-04-09 17:04:40,019 - INFO - Epoch training loss: 92.73303318023682
2026-04-09 17:04:40,019 - INFO - -------------------
2026-04-09 17:04:40,035 - INFO - Reconstruction loss: 8.420461654663086
2026-04-09 17:04:40,036 - INFO - Encoder coeffs loss: 0.33360326290130615
2026-04-09 17:04:40,036 - INFO - Decoder coeffs loss: 0.3919070363044739
2026-04-09 17:04:40,036 - INFO - Prev coeffs loss: 0.15756365656852722
2026-04-09 17:04:40,036 - INFO - Encoder smooth loss: 0.24413782358169556
2026-04-09 17:04:40,037 - INFO - Decoder smooth loss: 0.1753530353307724
2026-04-09 17:04:40,037 - INFO - Prev smooth loss: 0.11150021851062775
2026-04-09 17:04:40,037 - INFO - KL loss: 10.297378540039062
2026-04-09 17:04:40,037 - INFO - Total loss: 14.27618408203125
2026-04-09 17:04:40,053 - INFO - Reconstruction loss: 7.370495796203613
2026-04-09 17:04:40,053 - INFO - Encoder coeffs loss: 0.3350328803062439
2026-04-09 17:04:40,053 - INFO - Decoder coeffs loss: 0.38978326320648193
2026-04-09 17:04:40,054 - INFO - Prev coeffs loss: 0.1573810875415802
2026-04-09 17:04:40,054 - INFO - Encoder smooth loss: 0.24452702701091766
2026-04-09 17:04:40,054 - INFO - Decoder smooth loss: 0.17349334061145782
2026-04-09 17:04:40,054 - INFO - Prev smooth loss: 0.10962139815092087
2026-04-09 17:04:40,054 - INFO - KL loss: 8.167058944702148
2026-04-09 17:04:40,055 - INFO - Total loss: 12.158944129943848
2026-04-09 17:04:40,055 - INFO - Epoch val loss: 26.435128211975098
2026-04-09 17:04:40,055 - INFO - -------------------
2026-04-09 17:04:40,055 - INFO - Saving model at epoch 104
2026-04-09 17:04:40,055 - INFO - Saving model name: AERCA_nonlinear_ws_5_stride_1_lr_0.0001_epochs_5000_hidden_layer_size_50_num_hidden_layers_8.pt
2026-04-09 17:04:40,127 - INFO - Reconstruction loss: 7.1825947761535645
2026-04-09 17:04:40,128 - INFO - Encoder coeffs loss: 0.33220693469047546
2026-04-09 17:04:40,128 - INFO - Decoder coeffs loss: 0.38848552107810974
2026-04-09 17:04:40,128 - INFO - Prev coeffs loss: 0.15648216009140015
2026-04-09 17:04:40,128 - INFO - Encoder smooth loss: 0.24271126091480255
2026-04-09 17:04:40,129 - INFO - Decoder smooth loss: 0.17301759123802185
2026-04-09 17:04:40,129 - INFO - Prev smooth loss: 0.1092788502573967
2026-04-09 17:04:40,129 - INFO - KL loss: 8.130208969116211
2026-04-09 17:04:40,129 - INFO - Total loss: 11.948789596557617
2026-04-09 17:04:40,173 - INFO - Reconstruction loss: 6.924448013305664
2026-04-09 17:04:40,174 - INFO - Encoder coeffs loss: 0.33367377519607544
2026-04-09 17:04:40,174 - INFO - Decoder coeffs loss: 0.384166955947876
2026-04-09 17:04:40,174 - INFO - Prev coeffs loss: 0.15556199848651886
2026-04-09 17:04:40,175 - INFO - Encoder smooth loss: 0.24370259046554565
2026-04-09 17:04:40,175 - INFO - Decoder smooth loss: 0.1712876558303833
2026-04-09 17:04:40,175 - INFO - Prev smooth loss: 0.10839323699474335
2026-04-09 17:04:40,175 - INFO - KL loss: 7.663235664367676
2026-04-09 17:04:40,175 - INFO - Total loss: 11.454459190368652
2026-04-09 17:04:40,218 - INFO - Reconstruction loss: 6.856036186218262
2026-04-09 17:04:40,218 - INFO - Encoder coeffs loss: 0.33410653471946716
2026-04-09 17:04:40,218 - INFO - Decoder coeffs loss: 0.38420355319976807
2026-04-09 17:04:40,219 - INFO - Prev coeffs loss: 0.15337377786636353
2026-04-09 17:04:40,219 - INFO - Encoder smooth loss: 0.24408657848834991
2026-04-09 17:04:40,219 - INFO - Decoder smooth loss: 0.16980436444282532
2026-04-09 17:04:40,219 - INFO - Prev smooth loss: 0.10648427158594131
2026-04-09 17:04:40,219 - INFO - KL loss: 7.726199150085449
2026-04-09 17:04:40,220 - INFO - Total loss: 11.415164947509766
2026-04-09 17:04:40,262 - INFO - Reconstruction loss: 6.800631046295166
2026-04-09 17:04:40,262 - INFO - Encoder coeffs loss: 0.3339492380619049
2026-04-09 17:04:40,263 - INFO - Decoder coeffs loss: 0.38332700729370117
2026-04-09 17:04:40,263 - INFO - Prev coeffs loss: 0.15642133355140686
2026-04-09 17:04:40,263 - INFO - Encoder smooth loss: 0.24344302713871002
2026-04-09 17:04:40,263 - INFO - Decoder smooth loss: 0.1713140606880188
2026-04-09 17:04:40,264 - INFO - Prev smooth loss: 0.10929536819458008
2026-04-09 17:04:40,264 - INFO - KL loss: 7.483953952789307
2026-04-09 17:04:40,264 - INFO - Total loss: 11.241482734680176
2026-04-09 17:04:40,306 - INFO - Reconstruction loss: 7.119690895080566
2026-04-09 17:04:40,306 - INFO - Encoder coeffs loss: 0.3360532522201538
2026-04-09 17:04:40,306 - INFO - Decoder coeffs loss: 0.38996264338493347
2026-04-09 17:04:40,307 - INFO - Prev coeffs loss: 0.15652474761009216
2026-04-09 17:04:40,307 - INFO - Encoder smooth loss: 0.24511244893074036
2026-04-09 17:04:40,307 - INFO - Decoder smooth loss: 0.17320938408374786
2026-04-09 17:04:40,307 - INFO - Prev smooth loss: 0.11022943258285522
2026-04-09 17:04:40,307 - INFO - KL loss: 8.110559463500977
2026-04-09 17:04:40,308 - INFO - Total loss: 11.880516052246094
2026-04-09 17:04:40,352 - INFO - Reconstruction loss: 7.03138542175293
2026-04-09 17:04:40,352 - INFO - Encoder coeffs loss: 0.3322466015815735
2026-04-09 17:04:40,352 - INFO - Decoder coeffs loss: 0.38238638639450073
2026-04-09 17:04:40,352 - INFO - Prev coeffs loss: 0.15217621624469757
2026-04-09 17:04:40,353 - INFO - Encoder smooth loss: 0.24246196448802948
2026-04-09 17:04:40,353 - INFO - Decoder smooth loss: 0.1702125370502472
2026-04-09 17:04:40,353 - INFO - Prev smooth loss: 0.10580918937921524
2026-04-09 17:04:40,353 - INFO - KL loss: 8.007759094238281
2026-04-09 17:04:40,354 - INFO - Total loss: 11.727911949157715
2026-04-09 17:04:40,395 - INFO - Reconstruction loss: 7.183232307434082
2026-04-09 17:04:40,396 - INFO - Encoder coeffs loss: 0.3345491290092468
2026-04-09 17:04:40,396 - INFO - Decoder coeffs loss: 0.3877696394920349
2026-04-09 17:04:40,396 - INFO - Prev coeffs loss: 0.15585285425186157
2026-04-09 17:04:40,397 - INFO - Encoder smooth loss: 0.24429751932621002
2026-04-09 17:04:40,397 - INFO - Decoder smooth loss: 0.17279385030269623
2026-04-09 17:04:40,397 - INFO - Prev smooth loss: 0.10963127762079239
2026-04-09 17:04:40,397 - INFO - KL loss: 8.369026184082031
2026-04-09 17:04:40,398 - INFO - Total loss: 12.070192337036133
2026-04-09 17:04:40,441 - INFO - Reconstruction loss: 6.435389995574951
2026-04-09 17:04:40,442 - INFO - Encoder coeffs loss: 0.33406075835227966
2026-04-09 17:04:40,442 - INFO - Decoder coeffs loss: 0.3870570659637451
2026-04-09 17:04:40,442 - INFO - Prev coeffs loss: 0.15523049235343933
2026-04-09 17:04:40,442 - INFO - Encoder smooth loss: 0.24344776570796967
2026-04-09 17:04:40,443 - INFO - Decoder smooth loss: 0.17250120639801025
2026-04-09 17:04:40,443 - INFO - Prev smooth loss: 0.107736736536026
2026-04-09 17:04:40,443 - INFO - KL loss: 6.934085845947266
2026-04-09 17:04:40,443 - INFO - Total loss: 10.602449417114258
2026-04-09 17:04:40,471 - INFO - Epoch 105/5000
2026-04-09 17:04:40,471 - INFO - Epoch training loss: 92.34096622467041
2026-04-09 17:04:40,471 - INFO - -------------------
2026-04-09 17:04:40,487 - INFO - Reconstruction loss: 8.401447296142578
2026-04-09 17:04:40,487 - INFO - Encoder coeffs loss: 0.3341202735900879
2026-04-09 17:04:40,488 - INFO - Decoder coeffs loss: 0.3927494287490845
2026-04-09 17:04:40,488 - INFO - Prev coeffs loss: 0.15738394856452942
2026-04-09 17:04:40,488 - INFO - Encoder smooth loss: 0.24486926198005676
2026-04-09 17:04:40,488 - INFO - Decoder smooth loss: 0.17532111704349518
2026-04-09 17:04:40,488 - INFO - Prev smooth loss: 0.11133299767971039
2026-04-09 17:04:40,489 - INFO - KL loss: 10.255704879760742
2026-04-09 17:04:40,489 - INFO - Total loss: 14.237187385559082
2026-04-09 17:04:40,503 - INFO - Reconstruction loss: 7.358199119567871
2026-04-09 17:04:40,503 - INFO - Encoder coeffs loss: 0.3356197774410248
2026-04-09 17:04:40,504 - INFO - Decoder coeffs loss: 0.390738308429718
2026-04-09 17:04:40,504 - INFO - Prev coeffs loss: 0.15720447897911072
2026-04-09 17:04:40,504 - INFO - Encoder smooth loss: 0.24529929459095
2026-04-09 17:04:40,504 - INFO - Decoder smooth loss: 0.17350341379642487
2026-04-09 17:04:40,504 - INFO - Prev smooth loss: 0.10943450778722763
2026-04-09 17:04:40,505 - INFO - KL loss: 8.137977600097656
2026-04-09 17:04:40,505 - INFO - Total loss: 12.133088111877441
2026-04-09 17:04:40,505 - INFO - Epoch val loss: 26.370275497436523
2026-04-09 17:04:40,505 - INFO - -------------------
2026-04-09 17:04:40,505 - INFO - Saving model at epoch 105
2026-04-09 17:04:40,505 - INFO - Saving model name: AERCA_nonlinear_ws_5_stride_1_lr_0.0001_epochs_5000_hidden_layer_size_50_num_hidden_layers_8.pt
2026-04-09 17:04:40,580 - INFO - Reconstruction loss: 7.1530914306640625
2026-04-09 17:04:40,581 - INFO - Encoder coeffs loss: 0.3327234089374542
2026-04-09 17:04:40,581 - INFO - Decoder coeffs loss: 0.3892785310745239
2026-04-09 17:04:40,581 - INFO - Prev coeffs loss: 0.15630021691322327
2026-04-09 17:04:40,581 - INFO - Encoder smooth loss: 0.24343489110469818
2026-04-09 17:04:40,582 - INFO - Decoder smooth loss: 0.17298062145709991
2026-04-09 17:04:40,582 - INFO - Prev smooth loss: 0.10910122096538544
2026-04-09 17:04:40,582 - INFO - KL loss: 8.067179679870605
2026-04-09 17:04:40,582 - INFO - Total loss: 11.888590812683105
2026-04-09 17:04:40,623 - INFO - Reconstruction loss: 6.900993824005127
2026-04-09 17:04:40,624 - INFO - Encoder coeffs loss: 0.3342921733856201
2026-04-09 17:04:40,624 - INFO - Decoder coeffs loss: 0.3849891424179077
2026-04-09 17:04:40,624 - INFO - Prev coeffs loss: 0.15536215901374817
2026-04-09 17:04:40,625 - INFO - Encoder smooth loss: 0.24454694986343384
2026-04-09 17:04:40,625 - INFO - Decoder smooth loss: 0.17133033275604248
2026-04-09 17:04:40,625 - INFO - Prev smooth loss: 0.10820113122463226
2026-04-09 17:04:40,625 - INFO - KL loss: 7.606611728668213
2026-04-09 17:04:40,625 - INFO - Total loss: 11.403660774230957
2026-04-09 17:04:40,665 - INFO - Reconstruction loss: 6.834218502044678
2026-04-09 17:04:40,666 - INFO - Encoder coeffs loss: 0.33471110463142395
2026-04-09 17:04:40,666 - INFO - Decoder coeffs loss: 0.3850063681602478
2026-04-09 17:04:40,666 - INFO - Prev coeffs loss: 0.153128519654274
2026-04-09 17:04:40,667 - INFO - Encoder smooth loss: 0.2448788583278656
2026-04-09 17:04:40,667 - INFO - Decoder smooth loss: 0.169755756855011
2026-04-09 17:04:40,667 - INFO - Prev smooth loss: 0.10625990480184555
2026-04-09 17:04:40,667 - INFO - KL loss: 7.671656131744385
2026-04-09 17:04:40,667 - INFO - Total loss: 11.36691665649414
2026-04-09 17:04:40,707 - INFO - Reconstruction loss: 6.778423309326172
2026-04-09 17:04:40,707 - INFO - Encoder coeffs loss: 0.33466053009033203
2026-04-09 17:04:40,707 - INFO - Decoder coeffs loss: 0.38419678807258606
2026-04-09 17:04:40,708 - INFO - Prev coeffs loss: 0.15617118775844574
2026-04-09 17:04:40,708 - INFO - Encoder smooth loss: 0.2443389743566513
2026-04-09 17:04:40,708 - INFO - Decoder smooth loss: 0.1713816523551941
2026-04-09 17:04:40,709 - INFO - Prev smooth loss: 0.10907090455293655
2026-04-09 17:04:40,709 - INFO - KL loss: 7.439182281494141
2026-04-09 17:04:40,709 - INFO - Total loss: 11.197924613952637
2026-04-09 17:04:40,752 - INFO - Reconstruction loss: 7.096527099609375
2026-04-09 17:04:40,753 - INFO - Encoder coeffs loss: 0.33670589327812195
2026-04-09 17:04:40,753 - INFO - Decoder coeffs loss: 0.39083561301231384
2026-04-09 17:04:40,753 - INFO - Prev coeffs loss: 0.1562519073486328
2026-04-09 17:04:40,753 - INFO - Encoder smooth loss: 0.2459346055984497
2026-04-09 17:04:40,753 - INFO - Decoder smooth loss: 0.1732100248336792
2026-04-09 17:04:40,754 - INFO - Prev smooth loss: 0.11000276356935501
2026-04-09 17:04:40,754 - INFO - KL loss: 8.06297779083252
2026-04-09 17:04:40,754 - INFO - Total loss: 11.83448600769043
2026-04-09 17:04:40,796 - INFO - Reconstruction loss: 7.008098125457764
2026-04-09 17:04:40,796 - INFO - Encoder coeffs loss: 0.3328741192817688
2026-04-09 17:04:40,796 - INFO - Decoder coeffs loss: 0.38317179679870605
2026-04-09 17:04:40,797 - INFO - Prev coeffs loss: 0.1518557369709015
2026-04-09 17:04:40,797 - INFO - Encoder smooth loss: 0.24329261481761932
2026-04-09 17:04:40,797 - INFO - Decoder smooth loss: 0.17023274302482605
2026-04-09 17:04:40,798 - INFO - Prev smooth loss: 0.10554292052984238
2026-04-09 17:04:40,798 - INFO - KL loss: 7.949352264404297
2026-04-09 17:04:40,798 - INFO - Total loss: 11.676259994506836
2026-04-09 17:04:40,843 - INFO - Reconstruction loss: 7.158770561218262
2026-04-09 17:04:40,844 - INFO - Encoder coeffs loss: 0.3351982831954956
2026-04-09 17:04:40,844 - INFO - Decoder coeffs loss: 0.38858598470687866
2026-04-09 17:04:40,844 - INFO - Prev coeffs loss: 0.15554767847061157
2026-04-09 17:04:40,844 - INFO - Encoder smooth loss: 0.2451217621564865
2026-04-09 17:04:40,845 - INFO - Decoder smooth loss: 0.17284223437309265
2026-04-09 17:04:40,845 - INFO - Prev smooth loss: 0.10938984155654907
2026-04-09 17:04:40,845 - INFO - KL loss: 8.306356430053711
2026-04-09 17:04:40,845 - INFO - Total loss: 12.015291213989258
2026-04-09 17:04:40,889 - INFO - Reconstruction loss: 6.415308952331543
2026-04-09 17:04:40,889 - INFO - Encoder coeffs loss: 0.33483755588531494
2026-04-09 17:04:40,889 - INFO - Decoder coeffs loss: 0.38797640800476074
2026-04-09 17:04:40,890 - INFO - Prev coeffs loss: 0.1549101173877716
2026-04-09 17:04:40,890 - INFO - Encoder smooth loss: 0.24440638720989227
2026-04-09 17:04:40,890 - INFO - Decoder smooth loss: 0.17253154516220093
2026-04-09 17:04:40,890 - INFO - Prev smooth loss: 0.10747018456459045
2026-04-09 17:04:40,891 - INFO - KL loss: 6.887820243835449
2026-04-09 17:04:40,891 - INFO - Total loss: 10.560285568237305
2026-04-09 17:04:40,917 - INFO - Epoch 106/5000
2026-04-09 17:04:40,917 - INFO - Epoch training loss: 91.94341564178467
2026-04-09 17:04:40,917 - INFO - -------------------
2026-04-09 17:04:40,932 - INFO - Reconstruction loss: 8.383254051208496
2026-04-09 17:04:40,932 - INFO - Encoder coeffs loss: 0.33471858501434326
2026-04-09 17:04:40,932 - INFO - Decoder coeffs loss: 0.39360010623931885
2026-04-09 17:04:40,933 - INFO - Prev coeffs loss: 0.1570761799812317
2026-04-09 17:04:40,933 - INFO - Encoder smooth loss: 0.2456638067960739
2026-04-09 17:04:40,933 - INFO - Decoder smooth loss: 0.1753474771976471
2026-04-09 17:04:40,933 - INFO - Prev smooth loss: 0.11109372973442078
2026-04-09 17:04:40,933 - INFO - KL loss: 10.214778900146484
2026-04-09 17:04:40,934 - INFO - Total loss: 14.199394226074219
2026-04-09 17:04:40,949 - INFO - Reconstruction loss: 7.345876693725586
2026-04-09 17:04:40,949 - INFO - Encoder coeffs loss: 0.3363018035888672
2026-04-09 17:04:40,950 - INFO - Decoder coeffs loss: 0.39168310165405273
2026-04-09 17:04:40,950 - INFO - Prev coeffs loss: 0.15689736604690552
2026-04-09 17:04:40,950 - INFO - Encoder smooth loss: 0.24615824222564697
2026-04-09 17:04:40,950 - INFO - Decoder smooth loss: 0.17357780039310455
2026-04-09 17:04:40,950 - INFO - Prev smooth loss: 0.10917696356773376
2026-04-09 17:04:40,951 - INFO - KL loss: 8.108293533325195
2026-04-09 17:04:40,951 - INFO - Total loss: 12.106921195983887
2026-04-09 17:04:40,951 - INFO - Epoch val loss: 26.306315422058105
2026-04-09 17:04:40,951 - INFO - -------------------
2026-04-09 17:04:40,951 - INFO - Saving model at epoch 106
2026-04-09 17:04:40,951 - INFO - Saving model name: AERCA_nonlinear_ws_5_stride_1_lr_0.0001_epochs_5000_hidden_layer_size_50_num_hidden_layers_8.pt
2026-04-09 17:04:41,021 - INFO - Reconstruction loss: 7.1260528564453125
2026-04-09 17:04:41,021 - INFO - Encoder coeffs loss: 0.33332717418670654
2026-04-09 17:04:41,022 - INFO - Decoder coeffs loss: 0.3901023864746094
2026-04-09 17:04:41,022 - INFO - Prev coeffs loss: 0.15599335730075836
2026-04-09 17:04:41,022 - INFO - Encoder smooth loss: 0.24423255026340485
2026-04-09 17:04:41,023 - INFO - Decoder smooth loss: 0.17301148176193237
2026-04-09 17:04:41,023 - INFO - Prev smooth loss: 0.10885490477085114
2026-04-09 17:04:41,023 - INFO - KL loss: 8.010869026184082
2026-04-09 17:04:41,023 - INFO - Total loss: 11.834247589111328
2026-04-09 17:04:41,065 - INFO - Reconstruction loss: 6.877679824829102
2026-04-09 17:04:41,066 - INFO - Encoder coeffs loss: 0.3349619507789612
2026-04-09 17:04:41,066 - INFO - Decoder coeffs loss: 0.38582760095596313
2026-04-09 17:04:41,066 - INFO - Prev coeffs loss: 0.15505219995975494
2026-04-09 17:04:41,067 - INFO - Encoder smooth loss: 0.24542884528636932
2026-04-09 17:04:41,067 - INFO - Decoder smooth loss: 0.17142264544963837
2026-04-09 17:04:41,067 - INFO - Prev smooth loss: 0.1079472079873085
2026-04-09 17:04:41,067 - INFO - KL loss: 7.551902770996094
2026-04-09 17:04:41,067 - INFO - Total loss: 11.353952407836914
2026-04-09 17:04:41,110 - INFO - Reconstruction loss: 6.813160419464111
2026-04-09 17:04:41,111 - INFO - Encoder coeffs loss: 0.3353196084499359
2026-04-09 17:04:41,111 - INFO - Decoder coeffs loss: 0.3858100175857544
2026-04-09 17:04:41,111 - INFO - Prev coeffs loss: 0.15279322862625122
2026-04-09 17:04:41,111 - INFO - Encoder smooth loss: 0.2456546276807785
2026-04-09 17:04:41,112 - INFO - Decoder smooth loss: 0.169732466340065
2026-04-09 17:04:41,112 - INFO - Prev smooth loss: 0.1059780865907669
2026-04-09 17:04:41,112 - INFO - KL loss: 7.616649627685547
2026-04-09 17:04:41,112 - INFO - Total loss: 11.31912899017334
2026-04-09 17:04:41,155 - INFO - Reconstruction loss: 6.757202625274658
2026-04-09 17:04:41,155 - INFO - Encoder coeffs loss: 0.33536505699157715
2026-04-09 17:04:41,155 - INFO - Decoder coeffs loss: 0.3850522041320801
2026-04-09 17:04:41,156 - INFO - Prev coeffs loss: 0.15587970614433289
2026-04-09 17:04:41,156 - INFO - Encoder smooth loss: 0.24521462619304657
2026-04-09 17:04:41,156 - INFO - Decoder smooth loss: 0.17144620418548584
2026-04-09 17:04:41,156 - INFO - Prev smooth loss: 0.10881999880075455
2026-04-09 17:04:41,157 - INFO - KL loss: 7.393282890319824
2026-04-09 17:04:41,157 - INFO - Total loss: 11.154732704162598
2026-04-09 17:04:41,198 - INFO - Reconstruction loss: 7.074657440185547
2026-04-09 17:04:41,198 - INFO - Encoder coeffs loss: 0.3373778760433197
2026-04-09 17:04:41,199 - INFO - Decoder coeffs loss: 0.39172714948654175
2026-04-09 17:04:41,199 - INFO - Prev coeffs loss: 0.15595614910125732
2026-04-09 17:04:41,199 - INFO - Encoder smooth loss: 0.24676163494586945
2026-04-09 17:04:41,199 - INFO - Decoder smooth loss: 0.17320799827575684
2026-04-09 17:04:41,199 - INFO - Prev smooth loss: 0.10975328832864761
2026-04-09 17:04:41,200 - INFO - KL loss: 8.01558780670166
2026-04-09 17:04:41,200 - INFO - Total loss: 11.78984260559082
2026-04-09 17:04:41,246 - INFO - Reconstruction loss: 6.985222816467285
2026-04-09 17:04:41,246 - INFO - Encoder coeffs loss: 0.33354076743125916
2026-04-09 17:04:41,246 - INFO - Decoder coeffs loss: 0.3839980959892273
2026-04-09 17:04:41,247 - INFO - Prev coeffs loss: 0.1515505611896515
2026-04-09 17:04:41,247 - INFO - Encoder smooth loss: 0.24415349960327148
2026-04-09 17:04:41,247 - INFO - Decoder smooth loss: 0.17024822533130646
2026-04-09 17:04:41,247 - INFO - Prev smooth loss: 0.10527960956096649
2026-04-09 17:04:41,248 - INFO - KL loss: 7.895736217498779
2026-04-09 17:04:41,248 - INFO - Total loss: 11.627476692199707
2026-04-09 17:04:41,289 - INFO - Reconstruction loss: 7.135721206665039
2026-04-09 17:04:41,290 - INFO - Encoder coeffs loss: 0.335906982421875
2026-04-09 17:04:41,290 - INFO - Decoder coeffs loss: 0.389496386051178
2026-04-09 17:04:41,290 - INFO - Prev coeffs loss: 0.15526467561721802
2026-04-09 17:04:41,290 - INFO - Encoder smooth loss: 0.2459997832775116
2026-04-09 17:04:41,291 - INFO - Decoder smooth loss: 0.17290173470973969
2026-04-09 17:04:41,291 - INFO - Prev smooth loss: 0.10915007442235947
2026-04-09 17:04:41,291 - INFO - KL loss: 8.250619888305664
2026-04-09 17:04:41,291 - INFO - Total loss: 11.965391159057617
2026-04-09 17:04:41,333 - INFO - Reconstruction loss: 6.395193099975586
2026-04-09 17:04:41,334 - INFO - Encoder coeffs loss: 0.3357258141040802
2026-04-09 17:04:41,334 - INFO - Decoder coeffs loss: 0.38898706436157227
2026-04-09 17:04:41,334 - INFO - Prev coeffs loss: 0.1546408236026764
2026-04-09 17:04:41,335 - INFO - Encoder smooth loss: 0.24546799063682556
2026-04-09 17:04:41,335 - INFO - Decoder smooth loss: 0.17258363962173462
2026-04-09 17:04:41,335 - INFO - Prev smooth loss: 0.10722468048334122
2026-04-09 17:04:41,335 - INFO - KL loss: 6.843087196350098
2026-04-09 17:04:41,335 - INFO - Total loss: 10.519051551818848
2026-04-09 17:04:41,360 - INFO - Epoch 107/5000
2026-04-09 17:04:41,361 - INFO - Epoch training loss: 91.56382369995117
2026-04-09 17:04:41,361 - INFO - -------------------
2026-04-09 17:04:41,375 - INFO - Reconstruction loss: 8.36440658569336
2026-04-09 17:04:41,375 - INFO - Encoder coeffs loss: 0.335460901260376
2026-04-09 17:04:41,375 - INFO - Decoder coeffs loss: 0.39453500509262085
2026-04-09 17:04:41,376 - INFO - Prev coeffs loss: 0.15681645274162292
2026-04-09 17:04:41,376 - INFO - Encoder smooth loss: 0.24659039080142975
2026-04-09 17:04:41,376 - INFO - Decoder smooth loss: 0.17537963390350342
2026-04-09 17:04:41,376 - INFO - Prev smooth loss: 0.11087068170309067
2026-04-09 17:04:41,376 - INFO - KL loss: 10.176222801208496
2026-04-09 17:04:41,377 - INFO - Total loss: 14.162343978881836
2026-04-09 17:04:41,392 - INFO - Reconstruction loss: 7.334258079528809
2026-04-09 17:04:41,393 - INFO - Encoder coeffs loss: 0.33713364601135254
2026-04-09 17:04:41,393 - INFO - Decoder coeffs loss: 0.392718642950058
2026-04-09 17:04:41,393 - INFO - Prev coeffs loss: 0.15664875507354736
2026-04-09 17:04:41,393 - INFO - Encoder smooth loss: 0.2471633106470108
2026-04-09 17:04:41,393 - INFO - Decoder smooth loss: 0.17366863787174225
2026-04-09 17:04:41,394 - INFO - Prev smooth loss: 0.10894288122653961
2026-04-09 17:04:41,394 - INFO - KL loss: 8.081703186035156
2026-04-09 17:04:41,394 - INFO - Total loss: 12.083248138427734
2026-04-09 17:04:41,394 - INFO - Epoch val loss: 26.24559211730957
2026-04-09 17:04:41,394 - INFO - -------------------
2026-04-09 17:04:41,394 - INFO - Saving model at epoch 107
2026-04-09 17:04:41,394 - INFO - Saving model name: AERCA_nonlinear_ws_5_stride_1_lr_0.0001_epochs_5000_hidden_layer_size_50_num_hidden_layers_8.pt
2026-04-09 17:04:41,467 - INFO - Reconstruction loss: 7.095559597015381
2026-04-09 17:04:41,467 - INFO - Encoder coeffs loss: 0.334076464176178
2026-04-09 17:04:41,468 - INFO - Decoder coeffs loss: 0.3909900188446045
2026-04-09 17:04:41,468 - INFO - Prev coeffs loss: 0.15573744475841522
2026-04-09 17:04:41,468 - INFO - Encoder smooth loss: 0.24515767395496368
2026-04-09 17:04:41,468 - INFO - Decoder smooth loss: 0.17304548621177673
2026-04-09 17:04:41,469 - INFO - Prev smooth loss: 0.10862595587968826
2026-04-09 17:04:41,469 - INFO - KL loss: 7.950508117675781
2026-04-09 17:04:41,469 - INFO - Total loss: 11.774629592895508
2026-04-09 17:04:41,510 - INFO - Reconstruction loss: 6.855488300323486
2026-04-09 17:04:41,510 - INFO - Encoder coeffs loss: 0.3357667922973633
2026-04-09 17:04:41,511 - INFO - Decoder coeffs loss: 0.3867403268814087
2026-04-09 17:04:41,511 - INFO - Prev coeffs loss: 0.15480278432369232
2026-04-09 17:04:41,511 - INFO - Encoder smooth loss: 0.24643710255622864
2026-04-09 17:04:41,511 - INFO - Decoder smooth loss: 0.17152747511863708
2026-04-09 17:04:41,512 - INFO - Prev smooth loss: 0.10772037506103516
2026-04-09 17:04:41,512 - INFO - KL loss: 7.501795768737793
2026-04-09 17:04:41,512 - INFO - Total loss: 11.307884216308594
2026-04-09 17:04:41,554 - INFO - Reconstruction loss: 6.790433883666992
2026-04-09 17:04:41,555 - INFO - Encoder coeffs loss: 0.3360248804092407
2026-04-09 17:04:41,555 - INFO - Decoder coeffs loss: 0.3866318464279175
2026-04-09 17:04:41,555 - INFO - Prev coeffs loss: 0.15251582860946655
2026-04-09 17:04:41,555 - INFO - Encoder smooth loss: 0.2465100735425949
2026-04-09 17:04:41,556 - INFO - Decoder smooth loss: 0.1697210967540741
2026-04-09 17:04:41,556 - INFO - Prev smooth loss: 0.10572224855422974
2026-04-09 17:04:41,556 - INFO - KL loss: 7.559201717376709
2026-04-09 17:04:41,556 - INFO - Total loss: 11.268597602844238
2026-04-09 17:04:41,599 - INFO - Reconstruction loss: 6.736090183258057
2026-04-09 17:04:41,600 - INFO - Encoder coeffs loss: 0.3361513316631317
2026-04-09 17:04:41,600 - INFO - Decoder coeffs loss: 0.3859686553478241
2026-04-09 17:04:41,600 - INFO - Prev coeffs loss: 0.15563435852527618
2026-04-09 17:04:41,601 - INFO - Encoder smooth loss: 0.24615676701068878
2026-04-09 17:04:41,601 - INFO - Decoder smooth loss: 0.1715550273656845
2026-04-09 17:04:41,602 - INFO - Prev smooth loss: 0.10859306156635284
2026-04-09 17:04:41,602 - INFO - KL loss: 7.348238468170166
2026-04-09 17:04:41,602 - INFO - Total loss: 11.112238883972168
2026-04-09 17:04:41,645 - INFO - Reconstruction loss: 7.0521769523620605
2026-04-09 17:04:41,645 - INFO - Encoder coeffs loss: 0.3381049931049347
2026-04-09 17:04:41,646 - INFO - Decoder coeffs loss: 0.39262235164642334
2026-04-09 17:04:41,646 - INFO - Prev coeffs loss: 0.15569743514060974
2026-04-09 17:04:41,646 - INFO - Encoder smooth loss: 0.2475908398628235
2026-04-09 17:04:41,646 - INFO - Decoder smooth loss: 0.1732197105884552
2026-04-09 17:04:41,647 - INFO - Prev smooth loss: 0.1095166802406311
2026-04-09 17:04:41,647 - INFO - KL loss: 7.969954013824463
2026-04-09 17:04:41,647 - INFO - Total loss: 11.745530128479004
2026-04-09 17:04:41,687 - INFO - Reconstruction loss: 6.962308883666992
2026-04-09 17:04:41,687 - INFO - Encoder coeffs loss: 0.33419981598854065
2026-04-09 17:04:41,689 - INFO - Decoder coeffs loss: 0.3847845494747162
2026-04-09 17:04:41,689 - INFO - Prev coeffs loss: 0.1512640416622162
2026-04-09 17:04:41,689 - INFO - Encoder smooth loss: 0.24493828415870667
2026-04-09 17:04:41,689 - INFO - Decoder smooth loss: 0.1702803373336792
2026-04-09 17:04:41,689 - INFO - Prev smooth loss: 0.10502114146947861
2026-04-09 17:04:41,690 - INFO - KL loss: 7.845351696014404
2026-04-09 17:04:41,690 - INFO - Total loss: 11.580228805541992
2026-04-09 17:04:41,731 - INFO - Reconstruction loss: 7.112245082855225
2026-04-09 17:04:41,732 - INFO - Encoder coeffs loss: 0.3365890085697174
2026-04-09 17:04:41,732 - INFO - Decoder coeffs loss: 0.39035993814468384
2026-04-09 17:04:41,732 - INFO - Prev coeffs loss: 0.15498217940330505
2026-04-09 17:04:41,732 - INFO - Encoder smooth loss: 0.246780127286911
2026-04-09 17:04:41,733 - INFO - Decoder smooth loss: 0.17297017574310303
2026-04-09 17:04:41,733 - INFO - Prev smooth loss: 0.10891254246234894
2026-04-09 17:04:41,733 - INFO - KL loss: 8.195663452148438
2026-04-09 17:04:41,733 - INFO - Total loss: 11.915373802185059
2026-04-09 17:04:41,775 - INFO - Reconstruction loss: 6.374859809875488
2026-04-09 17:04:41,776 - INFO - Encoder coeffs loss: 0.3365435302257538
2026-04-09 17:04:41,776 - INFO - Decoder coeffs loss: 0.38992398977279663
2026-04-09 17:04:41,776 - INFO - Prev coeffs loss: 0.15433892607688904
2026-04-09 17:04:41,776 - INFO - Encoder smooth loss: 0.24637392163276672
2026-04-09 17:04:41,777 - INFO - Decoder smooth loss: 0.17264153063297272
2026-04-09 17:04:41,777 - INFO - Prev smooth loss: 0.10696043819189072
2026-04-09 17:04:41,777 - INFO - KL loss: 6.800940036773682
2026-04-09 17:04:41,777 - INFO - Total loss: 10.478720664978027
2026-04-09 17:04:41,803 - INFO - Epoch 108/5000
2026-04-09 17:04:41,803 - INFO - Epoch training loss: 91.18320369720459
2026-04-09 17:04:41,803 - INFO - -------------------
2026-04-09 17:04:41,819 - INFO - Reconstruction loss: 8.345703125
2026-04-09 17:04:41,820 - INFO - Encoder coeffs loss: 0.33615216612815857
2026-04-09 17:04:41,820 - INFO - Decoder coeffs loss: 0.39541393518447876
2026-04-09 17:04:41,820 - INFO - Prev coeffs loss: 0.15650144219398499
2026-04-09 17:04:41,820 - INFO - Encoder smooth loss: 0.2473953366279602
2026-04-09 17:04:41,821 - INFO - Decoder smooth loss: 0.1754436045885086
2026-04-09 17:04:41,821 - INFO - Prev smooth loss: 0.11062583327293396
2026-04-09 17:04:41,821 - INFO - KL loss: 10.135226249694824
2026-04-09 17:04:41,821 - INFO - Total loss: 14.124082565307617
2026-04-09 17:04:41,836 - INFO - Reconstruction loss: 7.321496486663818
2026-04-09 17:04:41,836 - INFO - Encoder coeffs loss: 0.33791685104370117
2026-04-09 17:04:41,836 - INFO - Decoder coeffs loss: 0.39369064569473267
2026-04-09 17:04:41,837 - INFO - Prev coeffs loss: 0.15633659064769745
2026-04-09 17:04:41,837 - INFO - Encoder smooth loss: 0.2480383813381195
2026-04-09 17:04:41,837 - INFO - Decoder smooth loss: 0.17377500236034393
2026-04-09 17:04:41,837 - INFO - Prev smooth loss: 0.10867706686258316
2026-04-09 17:04:41,837 - INFO - KL loss: 8.055086135864258
2026-04-09 17:04:41,838 - INFO - Total loss: 12.058256149291992
2026-04-09 17:04:41,838 - INFO - Epoch val loss: 26.18233871459961
2026-04-09 17:04:41,838 - INFO - -------------------
2026-04-09 17:04:41,838 - INFO - Saving model at epoch 108
2026-04-09 17:04:41,838 - INFO - Saving model name: AERCA_nonlinear_ws_5_stride_1_lr_0.0001_epochs_5000_hidden_layer_size_50_num_hidden_layers_8.pt
2026-04-09 17:04:41,905 - INFO - Reconstruction loss: 7.065225124359131
2026-04-09 17:04:41,905 - INFO - Encoder coeffs loss: 0.3347766101360321
2026-04-09 17:04:41,906 - INFO - Decoder coeffs loss: 0.3918100595474243
2026-04-09 17:04:41,906 - INFO - Prev coeffs loss: 0.15542155504226685
2026-04-09 17:04:41,906 - INFO - Encoder smooth loss: 0.2459615021944046
2026-04-09 17:04:41,906 - INFO - Decoder smooth loss: 0.17309458553791046
2026-04-09 17:04:41,907 - INFO - Prev smooth loss: 0.10837320238351822
2026-04-09 17:04:41,907 - INFO - KL loss: 7.89109468460083
2026-04-09 17:04:41,907 - INFO - Total loss: 11.71549129486084
2026-04-09 17:04:41,947 - INFO - Reconstruction loss: 6.83283805847168
2026-04-09 17:04:41,948 - INFO - Encoder coeffs loss: 0.33654269576072693
2026-04-09 17:04:41,948 - INFO - Decoder coeffs loss: 0.3876047134399414
2026-04-09 17:04:41,948 - INFO - Prev coeffs loss: 0.1544577032327652
2026-04-09 17:04:41,949 - INFO - Encoder smooth loss: 0.24735336005687714
2026-04-09 17:04:41,949 - INFO - Decoder smooth loss: 0.17166122794151306
2026-04-09 17:04:41,949 - INFO - Prev smooth loss: 0.10744999349117279
2026-04-09 17:04:41,949 - INFO - KL loss: 7.452126979827881
2026-04-09 17:04:41,949 - INFO - Total loss: 11.261436462402344
2026-04-09 17:04:41,991 - INFO - Reconstruction loss: 6.768338680267334
2026-04-09 17:04:41,991 - INFO - Encoder coeffs loss: 0.3367675244808197
2026-04-09 17:04:41,991 - INFO - Decoder coeffs loss: 0.38747134804725647
2026-04-09 17:04:41,992 - INFO - Prev coeffs loss: 0.15211887657642365
2026-04-09 17:04:41,992 - INFO - Encoder smooth loss: 0.24736224114894867
2026-04-09 17:04:41,992 - INFO - Decoder smooth loss: 0.16976112127304077
2026-04-09 17:04:41,992 - INFO - Prev smooth loss: 0.10542412847280502
2026-04-09 17:04:41,992 - INFO - KL loss: 7.505607604980469
2026-04-09 17:04:41,993 - INFO - Total loss: 11.22059440612793
2026-04-09 17:04:42,040 - INFO - Reconstruction loss: 6.716253757476807
2026-04-09 17:04:42,040 - INFO - Encoder coeffs loss: 0.33698001503944397
2026-04-09 17:04:42,041 - INFO - Decoder coeffs loss: 0.3868800401687622
2026-04-09 17:04:42,041 - INFO - Prev coeffs loss: 0.15525995194911957
2026-04-09 17:04:42,041 - INFO - Encoder smooth loss: 0.24709899723529816
2026-04-09 17:04:42,041 - INFO - Decoder smooth loss: 0.17172110080718994
2026-04-09 17:04:42,042 - INFO - Prev smooth loss: 0.10831454396247864
2026-04-09 17:04:42,042 - INFO - KL loss: 7.307614326477051
2026-04-09 17:04:42,042 - INFO - Total loss: 11.073188781738281
2026-04-09 17:04:42,083 - INFO - Reconstruction loss: 7.028931617736816
2026-04-09 17:04:42,084 - INFO - Encoder coeffs loss: 0.33884087204933167
2026-04-09 17:04:42,084 - INFO - Decoder coeffs loss: 0.39351803064346313
2026-04-09 17:04:42,084 - INFO - Prev coeffs loss: 0.15536266565322876
2026-04-09 17:04:42,084 - INFO - Encoder smooth loss: 0.2484073042869568
2026-04-09 17:04:42,085 - INFO - Decoder smooth loss: 0.17329899966716766
2026-04-09 17:04:42,085 - INFO - Prev smooth loss: 0.10928033292293549
2026-04-09 17:04:42,085 - INFO - KL loss: 7.922491550445557
2026-04-09 17:04:42,085 - INFO - Total loss: 11.699531555175781
2026-04-09 17:04:42,133 - INFO - Reconstruction loss: 6.939849853515625
2026-04-09 17:04:42,134 - INFO - Encoder coeffs loss: 0.33486875891685486
2026-04-09 17:04:42,134 - INFO - Decoder coeffs loss: 0.38556838035583496
2026-04-09 17:04:42,134 - INFO - Prev coeffs loss: 0.15093177556991577
2026-04-09 17:04:42,135 - INFO - Encoder smooth loss: 0.24571731686592102
2026-04-09 17:04:42,135 - INFO - Decoder smooth loss: 0.17035706341266632
2026-04-09 17:04:42,135 - INFO - Prev smooth loss: 0.10477878153324127
2026-04-09 17:04:42,135 - INFO - KL loss: 7.790326118469238
2026-04-09 17:04:42,135 - INFO - Total loss: 11.531124114990234
2026-04-09 17:04:42,177 - INFO - Reconstruction loss: 7.088674068450928
2026-04-09 17:04:42,177 - INFO - Encoder coeffs loss: 0.33722984790802
2026-04-09 17:04:42,177 - INFO - Decoder coeffs loss: 0.3911876678466797
2026-04-09 17:04:42,178 - INFO - Prev coeffs loss: 0.15469026565551758
2026-04-09 17:04:42,178 - INFO - Encoder smooth loss: 0.24750743806362152
2026-04-09 17:04:42,178 - INFO - Decoder smooth loss: 0.17307239770889282
2026-04-09 17:04:42,178 - INFO - Prev smooth loss: 0.10870538651943207
2026-04-09 17:04:42,178 - INFO - KL loss: 8.141031265258789
2026-04-09 17:04:42,179 - INFO - Total loss: 11.865385055541992
2026-04-09 17:04:42,226 - INFO - Reconstruction loss: 6.3556742668151855
2026-04-09 17:04:42,226 - INFO - Encoder coeffs loss: 0.3372565805912018
2026-04-09 17:04:42,227 - INFO - Decoder coeffs loss: 0.39079517126083374
2026-04-09 17:04:42,227 - INFO - Prev coeffs loss: 0.1540619134902954
2026-04-09 17:04:42,227 - INFO - Encoder smooth loss: 0.2471570521593094
2026-04-09 17:04:42,227 - INFO - Decoder smooth loss: 0.17270416021347046
2026-04-09 17:04:42,228 - INFO - Prev smooth loss: 0.10674075782299042
2026-04-09 17:04:42,228 - INFO - KL loss: 6.761003494262695
2026-04-09 17:04:42,228 - INFO - Total loss: 10.440533638000488
2026-04-09 17:04:42,257 - INFO - Epoch 109/5000
2026-04-09 17:04:42,257 - INFO - Epoch training loss: 90.80728530883789
2026-04-09 17:04:42,257 - INFO - -------------------
2026-04-09 17:04:42,272 - INFO - Reconstruction loss: 8.329242706298828
2026-04-09 17:04:42,273 - INFO - Encoder coeffs loss: 0.336664617061615
2026-04-09 17:04:42,273 - INFO - Decoder coeffs loss: 0.3961859941482544
2026-04-09 17:04:42,273 - INFO - Prev coeffs loss: 0.1562720239162445
2026-04-09 17:04:42,273 - INFO - Encoder smooth loss: 0.248001828789711
2026-04-09 17:04:42,274 - INFO - Decoder smooth loss: 0.1754988431930542
2026-04-09 17:04:42,274 - INFO - Prev smooth loss: 0.11046440154314041
2026-04-09 17:04:42,274 - INFO - KL loss: 10.094176292419434
2026-04-09 17:04:42,274 - INFO - Total loss: 14.087873458862305
2026-04-09 17:04:42,288 - INFO - Reconstruction loss: 7.308923244476318
2026-04-09 17:04:42,288 - INFO - Encoder coeffs loss: 0.3385130763053894
2026-04-09 17:04:42,289 - INFO - Decoder coeffs loss: 0.39455705881118774
2026-04-09 17:04:42,289 - INFO - Prev coeffs loss: 0.15609237551689148
2026-04-09 17:04:42,289 - INFO - Encoder smooth loss: 0.24869462847709656
2026-04-09 17:04:42,289 - INFO - Decoder smooth loss: 0.1738666594028473
2026-04-09 17:04:42,290 - INFO - Prev smooth loss: 0.10848121345043182
2026-04-09 17:04:42,290 - INFO - KL loss: 8.026026725769043
2026-04-09 17:04:42,290 - INFO - Total loss: 12.032039642333984
2026-04-09 17:04:42,290 - INFO - Epoch val loss: 26.11991310119629
2026-04-09 17:04:42,290 - INFO - -------------------
2026-04-09 17:04:42,290 - INFO - Saving model at epoch 109
2026-04-09 17:04:42,290 - INFO - Saving model name: AERCA_nonlinear_ws_5_stride_1_lr_0.0001_epochs_5000_hidden_layer_size_50_num_hidden_layers_8.pt
2026-04-09 17:04:42,362 - INFO - Reconstruction loss: 7.037021636962891
2026-04-09 17:04:42,362 - INFO - Encoder coeffs loss: 0.33529534935951233
2026-04-09 17:04:42,363 - INFO - Decoder coeffs loss: 0.3925533592700958
2026-04-09 17:04:42,363 - INFO - Prev coeffs loss: 0.1551879197359085
2026-04-09 17:04:42,363 - INFO - Encoder smooth loss: 0.2465643733739853
2026-04-09 17:04:42,363 - INFO - Decoder smooth loss: 0.17314206063747406
2026-04-09 17:04:42,364 - INFO - Prev smooth loss: 0.10820182412862778
2026-04-09 17:04:42,364 - INFO - KL loss: 7.832001686096191
2026-04-09 17:04:42,364 - INFO - Total loss: 11.65849494934082
2026-04-09 17:04:42,417 - INFO - Reconstruction loss: 6.8104329109191895
2026-04-09 17:04:42,417 - INFO - Encoder coeffs loss: 0.33707261085510254
2026-04-09 17:04:42,417 - INFO - Decoder coeffs loss: 0.38834142684936523
2026-04-09 17:04:42,418 - INFO - Prev coeffs loss: 0.15421073138713837
2026-04-09 17:04:42,418 - INFO - Encoder smooth loss: 0.24797940254211426
2026-04-09 17:04:42,418 - INFO - Decoder smooth loss: 0.171758770942688
2026-04-09 17:04:42,419 - INFO - Prev smooth loss: 0.1072639748454094
2026-04-09 17:04:42,419 - INFO - KL loss: 7.399529457092285
2026-04-09 17:04:42,419 - INFO - Total loss: 11.213510513305664
2026-04-09 17:04:42,472 - INFO - Reconstruction loss: 6.747998237609863
2026-04-09 17:04:42,472 - INFO - Encoder coeffs loss: 0.3372229337692261
2026-04-09 17:04:42,473 - INFO - Decoder coeffs loss: 0.3881925344467163
2026-04-09 17:04:42,473 - INFO - Prev coeffs loss: 0.15186136960983276
2026-04-09 17:04:42,473 - INFO - Encoder smooth loss: 0.24788492918014526
2026-04-09 17:04:42,473 - INFO - Decoder smooth loss: 0.16975818574428558
2026-04-09 17:04:42,474 - INFO - Prev smooth loss: 0.10523170232772827
2026-04-09 17:04:42,474 - INFO - KL loss: 7.453327178955078
2026-04-09 17:04:42,475 - INFO - Total loss: 11.174737930297852
2026-04-09 17:04:42,527 - INFO - Reconstruction loss: 6.698163032531738
2026-04-09 17:04:42,527 - INFO - Encoder coeffs loss: 0.33756178617477417
2026-04-09 17:04:42,527 - INFO - Decoder coeffs loss: 0.38766300678253174
2026-04-09 17:04:42,528 - INFO - Prev coeffs loss: 0.15499459207057953
2026-04-09 17:04:42,528 - INFO - Encoder smooth loss: 0.24774053692817688
2026-04-09 17:04:42,528 - INFO - Decoder smooth loss: 0.17183060944080353
2026-04-09 17:04:42,528 - INFO - Prev smooth loss: 0.10810678452253342
2026-04-09 17:04:42,528 - INFO - KL loss: 7.266903400421143
2026-04-09 17:04:42,529 - INFO - Total loss: 11.035563468933105
2026-04-09 17:04:42,575 - INFO - Reconstruction loss: 7.0075812339782715
2026-04-09 17:04:42,576 - INFO - Encoder coeffs loss: 0.3394182026386261
2026-04-09 17:04:42,576 - INFO - Decoder coeffs loss: 0.3943016529083252
2026-04-09 17:04:42,576 - INFO - Prev coeffs loss: 0.15510660409927368
2026-04-09 17:04:42,576 - INFO - Encoder smooth loss: 0.24901877343654633
2026-04-09 17:04:42,577 - INFO - Decoder smooth loss: 0.17333020269870758
2026-04-09 17:04:42,577 - INFO - Prev smooth loss: 0.10910198837518692
2026-04-09 17:04:42,577 - INFO - KL loss: 7.873239517211914
2026-04-09 17:04:42,577 - INFO - Total loss: 11.654339790344238
2026-04-09 17:04:42,621 - INFO - Reconstruction loss: 6.918806076049805
2026-04-09 17:04:42,621 - INFO - Encoder coeffs loss: 0.3354767858982086
2026-04-09 17:04:42,622 - INFO - Decoder coeffs loss: 0.386319100856781
2026-04-09 17:04:42,622 - INFO - Prev coeffs loss: 0.15062570571899414
2026-04-09 17:04:42,622 - INFO - Encoder smooth loss: 0.24639274179935455
2026-04-09 17:04:42,622 - INFO - Decoder smooth loss: 0.17040666937828064
2026-04-09 17:04:42,623 - INFO - Prev smooth loss: 0.10456346720457077
2026-04-09 17:04:42,623 - INFO - KL loss: 7.738180637359619
2026-04-09 17:04:42,623 - INFO - Total loss: 11.48478889465332
2026-04-09 17:04:42,668 - INFO - Reconstruction loss: 7.066508769989014
2026-04-09 17:04:42,668 - INFO - Encoder coeffs loss: 0.3379024267196655
2026-04-09 17:04:42,668 - INFO - Decoder coeffs loss: 0.39202430844306946
2026-04-09 17:04:42,668 - INFO - Prev coeffs loss: 0.15439240634441376
2026-04-09 17:04:42,669 - INFO - Encoder smooth loss: 0.2482367604970932
2026-04-09 17:04:42,669 - INFO - Decoder smooth loss: 0.1731666475534439
2026-04-09 17:04:42,669 - INFO - Prev smooth loss: 0.10850903391838074
2026-04-09 17:04:42,669 - INFO - KL loss: 8.087789535522461
2026-04-09 17:04:42,669 - INFO - Total loss: 11.81751823425293
2026-04-09 17:04:42,712 - INFO - Reconstruction loss: 6.336862564086914
2026-04-09 17:04:42,713 - INFO - Encoder coeffs loss: 0.3380790054798126
2026-04-09 17:04:42,713 - INFO - Decoder coeffs loss: 0.39168447256088257
2026-04-09 17:04:42,713 - INFO - Prev coeffs loss: 0.15374188125133514
2026-04-09 17:04:42,714 - INFO - Encoder smooth loss: 0.24804125726222992
2026-04-09 17:04:42,714 - INFO - Decoder smooth loss: 0.1727655529975891
2026-04-09 17:04:42,714 - INFO - Prev smooth loss: 0.10651037842035294
2026-04-09 17:04:42,714 - INFO - KL loss: 6.720420837402344
2026-04-09 17:04:42,714 - INFO - Total loss: 10.402484893798828
2026-04-09 17:04:42,744 - INFO - Epoch 110/5000
2026-04-09 17:04:42,744 - INFO - Epoch training loss: 90.44143867492676
2026-04-09 17:04:42,744 - INFO - -------------------
2026-04-09 17:04:42,759 - INFO - Reconstruction loss: 8.312431335449219
2026-04-09 17:04:42,760 - INFO - Encoder coeffs loss: 0.3373228907585144
2026-04-09 17:04:42,760 - INFO - Decoder coeffs loss: 0.39699578285217285
2026-04-09 17:04:42,760 - INFO - Prev coeffs loss: 0.15598972141742706
2026-04-09 17:04:42,761 - INFO - Encoder smooth loss: 0.2487553507089615
2026-04-09 17:04:42,761 - INFO - Decoder smooth loss: 0.17556069791316986
2026-04-09 17:04:42,761 - INFO - Prev smooth loss: 0.11028033494949341
2026-04-09 17:04:42,761 - INFO - KL loss: 10.0563383102417
2026-04-09 17:04:42,761 - INFO - Total loss: 14.05305290222168
2026-04-09 17:04:42,777 - INFO - Reconstruction loss: 7.297937870025635
2026-04-09 17:04:42,777 - INFO - Encoder coeffs loss: 0.3392760157585144
2026-04-09 17:04:42,777 - INFO - Decoder coeffs loss: 0.3954382538795471
2026-04-09 17:04:42,778 - INFO - Prev coeffs loss: 0.15579266846179962
2026-04-09 17:04:42,778 - INFO - Encoder smooth loss: 0.2495306134223938
2026-04-09 17:04:42,778 - INFO - Decoder smooth loss: 0.17395465075969696
2026-04-09 17:04:42,778 - INFO - Prev smooth loss: 0.1082639992237091
2026-04-09 17:04:42,778 - INFO - KL loss: 7.996912002563477
2026-04-09 17:04:42,779 - INFO - Total loss: 12.007522583007812
2026-04-09 17:04:42,779 - INFO - Epoch val loss: 26.060575485229492
2026-04-09 17:04:42,779 - INFO - -------------------
2026-04-09 17:04:42,779 - INFO - Saving model at epoch 110
2026-04-09 17:04:42,779 - INFO - Saving model name: AERCA_nonlinear_ws_5_stride_1_lr_0.0001_epochs_5000_hidden_layer_size_50_num_hidden_layers_8.pt
2026-04-09 17:04:42,863 - INFO - Reconstruction loss: 7.0113911628723145
2026-04-09 17:04:42,863 - INFO - Encoder coeffs loss: 0.33596891164779663
2026-04-09 17:04:42,863 - INFO - Decoder coeffs loss: 0.3933439254760742
2026-04-09 17:04:42,864 - INFO - Prev coeffs loss: 0.15490078926086426
2026-04-09 17:04:42,864 - INFO - Encoder smooth loss: 0.2473248839378357
2026-04-09 17:04:42,864 - INFO - Decoder smooth loss: 0.17321108281612396
2026-04-09 17:04:42,864 - INFO - Prev smooth loss: 0.10800846666097641
2026-04-09 17:04:42,864 - INFO - KL loss: 7.777953624725342
2026-04-09 17:04:42,865 - INFO - Total loss: 11.606746673583984
2026-04-09 17:04:42,915 - INFO - Reconstruction loss: 6.788208961486816
2026-04-09 17:04:42,915 - INFO - Encoder coeffs loss: 0.33775919675827026
2026-04-09 17:04:42,915 - INFO - Decoder coeffs loss: 0.3891266882419586
2026-04-09 17:04:42,916 - INFO - Prev coeffs loss: 0.15391555428504944
2026-04-09 17:04:42,916 - INFO - Encoder smooth loss: 0.24879024922847748
2026-04-09 17:04:42,916 - INFO - Decoder smooth loss: 0.1718735694885254
2026-04-09 17:04:42,916 - INFO - Prev smooth loss: 0.10705649852752686
2026-04-09 17:04:42,916 - INFO - KL loss: 7.351210117340088
2026-04-09 17:04:42,917 - INFO - Total loss: 11.168074607849121
2026-04-09 17:04:42,962 - INFO - Reconstruction loss: 6.727344512939453
2026-04-09 17:04:42,963 - INFO - Encoder coeffs loss: 0.337789922952652
2026-04-09 17:04:42,963 - INFO - Decoder coeffs loss: 0.3889393210411072
2026-04-09 17:04:42,963 - INFO - Prev coeffs loss: 0.1515623927116394
2026-04-09 17:04:42,963 - INFO - Encoder smooth loss: 0.2485557347536087
2026-04-09 17:04:42,964 - INFO - Decoder smooth loss: 0.16978710889816284
2026-04-09 17:04:42,964 - INFO - Prev smooth loss: 0.10501433908939362
2026-04-09 17:04:42,964 - INFO - KL loss: 7.401383399963379
2026-04-09 17:04:42,964 - INFO - Total loss: 11.128860473632812
2026-04-09 17:04:43,009 - INFO - Reconstruction loss: 6.679186820983887
2026-04-09 17:04:43,010 - INFO - Encoder coeffs loss: 0.3381497859954834
2026-04-09 17:04:43,010 - INFO - Decoder coeffs loss: 0.38847458362579346
2026-04-09 17:04:43,010 - INFO - Prev coeffs loss: 0.15473437309265137
2026-04-09 17:04:43,011 - INFO - Encoder smooth loss: 0.24845901131629944
2026-04-09 17:04:43,011 - INFO - Decoder smooth loss: 0.17195940017700195
2026-04-09 17:04:43,011 - INFO - Prev smooth loss: 0.10790736228227615
2026-04-09 17:04:43,011 - INFO - KL loss: 7.225988864898682
2026-04-09 17:04:43,011 - INFO - Total loss: 10.997023582458496
2026-04-09 17:04:43,063 - INFO - Reconstruction loss: 6.986956596374512
2026-04-09 17:04:43,064 - INFO - Encoder coeffs loss: 0.3399066627025604
2026-04-09 17:04:43,064 - INFO - Decoder coeffs loss: 0.3950750231742859
2026-04-09 17:04:43,064 - INFO - Prev coeffs loss: 0.1548667997121811
2026-04-09 17:04:43,064 - INFO - Encoder smooth loss: 0.2496173232793808
2026-04-09 17:04:43,065 - INFO - Decoder smooth loss: 0.17337153851985931
2026-04-09 17:04:43,065 - INFO - Prev smooth loss: 0.10891776531934738
2026-04-09 17:04:43,065 - INFO - KL loss: 7.8255109786987305
2026-04-09 17:04:43,065 - INFO - Total loss: 11.610589981079102
2026-04-09 17:04:43,139 - INFO - Reconstruction loss: 6.897832870483398
2026-04-09 17:04:43,139 - INFO - Encoder coeffs loss: 0.3358670473098755
2026-04-09 17:04:43,140 - INFO - Decoder coeffs loss: 0.3870525360107422
2026-04-09 17:04:43,140 - INFO - Prev coeffs loss: 0.15036126971244812
2026-04-09 17:04:43,140 - INFO - Encoder smooth loss: 0.24692665040493011
2026-04-09 17:04:43,140 - INFO - Decoder smooth loss: 0.17047996819019318
2026-04-09 17:04:43,141 - INFO - Prev smooth loss: 0.10434987396001816
2026-04-09 17:04:43,141 - INFO - KL loss: 7.68588924407959
2026-04-09 17:04:43,141 - INFO - Total loss: 11.438295364379883
2026-04-09 17:04:43,224 - INFO - Reconstruction loss: 7.046176433563232
2026-04-09 17:04:43,225 - INFO - Encoder coeffs loss: 0.33832818269729614
2026-04-09 17:04:43,225 - INFO - Decoder coeffs loss: 0.3928643465042114
2026-04-09 17:04:43,226 - INFO - Prev coeffs loss: 0.1541392207145691
2026-04-09 17:04:43,226 - INFO - Encoder smooth loss: 0.24879321455955505
2026-04-09 17:04:43,226 - INFO - Decoder smooth loss: 0.17329169809818268
2026-04-09 17:04:43,226 - INFO - Prev smooth loss: 0.10830691456794739
2026-04-09 17:04:43,227 - INFO - KL loss: 8.038578033447266
2026-04-09 17:04:43,227 - INFO - Total loss: 11.773327827453613
2026-04-09 17:04:43,410 - INFO - Reconstruction loss: 6.319440841674805
2026-04-09 17:04:43,411 - INFO - Encoder coeffs loss: 0.3386898338794708
2026-04-09 17:04:43,412 - INFO - Decoder coeffs loss: 0.39256370067596436
2026-04-09 17:04:43,413 - INFO - Prev coeffs loss: 0.15348315238952637
2026-04-09 17:04:43,413 - INFO - Encoder smooth loss: 0.24878241121768951
2026-04-09 17:04:43,414 - INFO - Decoder smooth loss: 0.17285409569740295
2026-04-09 17:04:43,415 - INFO - Prev smooth loss: 0.10628391802310944
2026-04-09 17:04:43,415 - INFO - KL loss: 6.680433750152588
2026-04-09 17:04:43,416 - INFO - Total loss: 10.365985870361328
2026-04-09 17:04:43,502 - INFO - Epoch 111/5000
2026-04-09 17:04:43,502 - INFO - Epoch training loss: 90.08890438079834
2026-04-09 17:04:43,502 - INFO - -------------------
2026-04-09 17:04:43,532 - INFO - Reconstruction loss: 8.296252250671387
2026-04-09 17:04:43,533 - INFO - Encoder coeffs loss: 0.3378483057022095
2026-04-09 17:04:43,533 - INFO - Decoder coeffs loss: 0.3977978229522705
2026-04-09 17:04:43,534 - INFO - Prev coeffs loss: 0.1557510495185852
2026-04-09 17:04:43,535 - INFO - Encoder smooth loss: 0.24941754341125488
2026-04-09 17:04:43,536 - INFO - Decoder smooth loss: 0.17564888298511505
2026-04-09 17:04:43,536 - INFO - Prev smooth loss: 0.11007586121559143
2026-04-09 17:04:43,536 - INFO - KL loss: 10.018060684204102
2026-04-09 17:04:43,537 - INFO - Total loss: 14.018552780151367
2026-04-09 17:04:43,570 - INFO - Reconstruction loss: 7.28805685043335
2026-04-09 17:04:43,571 - INFO - Encoder coeffs loss: 0.33989477157592773
2026-04-09 17:04:43,571 - INFO - Decoder coeffs loss: 0.396320104598999
2026-04-09 17:04:43,572 - INFO - Prev coeffs loss: 0.15555572509765625
2026-04-09 17:04:43,572 - INFO - Encoder smooth loss: 0.2502763569355011
2026-04-09 17:04:43,573 - INFO - Decoder smooth loss: 0.17407386004924774
2026-04-09 17:04:43,573 - INFO - Prev smooth loss: 0.10804733633995056
2026-04-09 17:04:43,573 - INFO - KL loss: 7.97086238861084
2026-04-09 17:04:43,574 - INFO - Total loss: 11.985572814941406
2026-04-09 17:04:43,574 - INFO - Epoch val loss: 26.004125595092773
2026-04-09 17:04:43,574 - INFO - -------------------
2026-04-09 17:04:43,574 - INFO - Saving model at epoch 111
2026-04-09 17:04:43,574 - INFO - Saving model name: AERCA_nonlinear_ws_5_stride_1_lr_0.0001_epochs_5000_hidden_layer_size_50_num_hidden_layers_8.pt
2026-04-09 17:04:43,679 - INFO - Reconstruction loss: 6.985618591308594
2026-04-09 17:04:43,680 - INFO - Encoder coeffs loss: 0.336510568857193
2026-04-09 17:04:43,680 - INFO - Decoder coeffs loss: 0.39411234855651855
2026-04-09 17:04:43,681 - INFO - Prev coeffs loss: 0.1546642780303955
2026-04-09 17:04:43,681 - INFO - Encoder smooth loss: 0.24800029397010803
2026-04-09 17:04:43,682 - INFO - Decoder smooth loss: 0.17329607903957367
2026-04-09 17:04:43,682 - INFO - Prev smooth loss: 0.10780156403779984
2026-04-09 17:04:43,682 - INFO - KL loss: 7.723742961883545
2026-04-09 17:04:43,683 - INFO - Total loss: 11.554682731628418
2026-04-09 17:04:43,743 - INFO - Reconstruction loss: 6.7674560546875
2026-04-09 17:04:43,745 - INFO - Encoder coeffs loss: 0.33841243386268616
2026-04-09 17:04:43,746 - INFO - Decoder coeffs loss: 0.3899032175540924
2026-04-09 17:04:43,746 - INFO - Prev coeffs loss: 0.15367944538593292
2026-04-09 17:04:43,746 - INFO - Encoder smooth loss: 0.2496025711297989
2026-04-09 17:04:43,747 - INFO - Decoder smooth loss: 0.1720104217529297
2026-04-09 17:04:43,747 - INFO - Prev smooth loss: 0.10684148967266083
2026-04-09 17:04:43,747 - INFO - KL loss: 7.305171966552734
2026-04-09 17:04:43,747 - INFO - Total loss: 11.125267028808594
2026-04-09 17:04:43,793 - INFO - Reconstruction loss: 6.706587791442871
2026-04-09 17:04:43,793 - INFO - Encoder coeffs loss: 0.3384227156639099
2026-04-09 17:04:43,794 - INFO - Decoder coeffs loss: 0.3896803855895996
2026-04-09 17:04:43,794 - INFO - Prev coeffs loss: 0.15129807591438293
2026-04-09 17:04:43,794 - INFO - Encoder smooth loss: 0.2493010014295578
2026-04-09 17:04:43,794 - INFO - Decoder smooth loss: 0.16982591152191162
2026-04-09 17:04:43,795 - INFO - Prev smooth loss: 0.10476823896169662
2026-04-09 17:04:43,795 - INFO - KL loss: 7.350095748901367
2026-04-09 17:04:43,795 - INFO - Total loss: 11.083284378051758
2026-04-09 17:04:44,026 - INFO - Reconstruction loss: 6.6598639488220215
2026-04-09 17:04:44,028 - INFO - Encoder coeffs loss: 0.3388306498527527
2026-04-09 17:04:44,029 - INFO - Decoder coeffs loss: 0.38925236463546753
2026-04-09 17:04:44,029 - INFO - Prev coeffs loss: 0.15449532866477966
2026-04-09 17:04:44,030 - INFO - Encoder smooth loss: 0.24925915896892548
2026-04-09 17:04:44,031 - INFO - Decoder smooth loss: 0.17208164930343628
2026-04-09 17:04:44,032 - INFO - Prev smooth loss: 0.1076730489730835
2026-04-09 17:04:44,033 - INFO - KL loss: 7.186049461364746
2026-04-09 17:04:44,034 - INFO - Total loss: 10.958684921264648
2026-04-09 17:04:44,152 - INFO - Reconstruction loss: 6.966766357421875
2026-04-09 17:04:44,153 - INFO - Encoder coeffs loss: 0.34047746658325195
2026-04-09 17:04:44,153 - INFO - Decoder coeffs loss: 0.39583277702331543
2026-04-09 17:04:44,154 - INFO - Prev coeffs loss: 0.15464267134666443
2026-04-09 17:04:44,154 - INFO - Encoder smooth loss: 0.2502667009830475
2026-04-09 17:04:44,154 - INFO - Decoder smooth loss: 0.1734033226966858
2026-04-09 17:04:44,154 - INFO - Prev smooth loss: 0.10870180279016495
2026-04-09 17:04:44,154 - INFO - KL loss: 7.780149936676025
2026-04-09 17:04:44,154 - INFO - Total loss: 11.568503379821777
2026-04-09 17:04:44,210 - INFO - Reconstruction loss: 6.876964569091797
2026-04-09 17:04:44,210 - INFO - Encoder coeffs loss: 0.33636489510536194
2026-04-09 17:04:44,211 - INFO - Decoder coeffs loss: 0.38770991563796997
2026-04-09 17:04:44,211 - INFO - Prev coeffs loss: 0.15011414885520935
2026-04-09 17:04:44,212 - INFO - Encoder smooth loss: 0.24752844870090485
2026-04-09 17:04:44,212 - INFO - Decoder smooth loss: 0.1705111712217331
2026-04-09 17:04:44,212 - INFO - Prev smooth loss: 0.10411588102579117
2026-04-09 17:04:44,212 - INFO - KL loss: 7.633251667022705
2026-04-09 17:04:44,213 - INFO - Total loss: 11.391761779785156
2026-04-09 17:04:44,264 - INFO - Reconstruction loss: 7.0243377685546875
2026-04-09 17:04:44,264 - INFO - Encoder coeffs loss: 0.3388034403324127
2026-04-09 17:04:44,265 - INFO - Decoder coeffs loss: 0.39358365535736084
2026-04-09 17:04:44,265 - INFO - Prev coeffs loss: 0.153900608420372
2026-04-09 17:04:44,265 - INFO - Encoder smooth loss: 0.2493530660867691
2026-04-09 17:04:44,265 - INFO - Decoder smooth loss: 0.1733529418706894
2026-04-09 17:04:44,266 - INFO - Prev smooth loss: 0.10809430480003357
2026-04-09 17:04:44,266 - INFO - KL loss: 7.988025665283203
2026-04-09 17:04:44,266 - INFO - Total loss: 11.72689437866211
2026-04-09 17:04:44,319 - INFO - Reconstruction loss: 6.3010172843933105
2026-04-09 17:04:44,320 - INFO - Encoder coeffs loss: 0.3392263948917389
2026-04-09 17:04:44,320 - INFO - Decoder coeffs loss: 0.39333575963974
2026-04-09 17:04:44,320 - INFO - Prev coeffs loss: 0.1532108634710312
2026-04-09 17:04:44,320 - INFO - Encoder smooth loss: 0.24938462674617767
2026-04-09 17:04:44,321 - INFO - Decoder smooth loss: 0.17287865281105042
2026-04-09 17:04:44,321 - INFO - Prev smooth loss: 0.10604855418205261
2026-04-09 17:04:44,321 - INFO - KL loss: 6.6408586502075195
2026-04-09 17:04:44,321 - INFO - Total loss: 10.328489303588867
2026-04-09 17:04:44,347 - INFO - Epoch 112/5000
2026-04-09 17:04:44,347 - INFO - Epoch training loss: 89.73756790161133
2026-04-09 17:04:44,348 - INFO - -------------------
2026-04-09 17:04:44,368 - INFO - Reconstruction loss: 8.27993106842041
2026-04-09 17:04:44,369 - INFO - Encoder coeffs loss: 0.33819863200187683
2026-04-09 17:04:44,369 - INFO - Decoder coeffs loss: 0.3984864354133606
2026-04-09 17:04:44,370 - INFO - Prev coeffs loss: 0.1554853469133377
2026-04-09 17:04:44,370 - INFO - Encoder smooth loss: 0.24983981251716614
2026-04-09 17:04:44,370 - INFO - Decoder smooth loss: 0.1756785362958908
2026-04-09 17:04:44,371 - INFO - Prev smooth loss: 0.10987093299627304
2026-04-09 17:04:44,371 - INFO - KL loss: 9.979391098022461
2026-04-09 17:04:44,371 - INFO - Total loss: 13.983406066894531
